ID,链接,标题,标签,作者,团队,语言,页数,上传日期
JM1435729,https://18comic.vip/album/1435729/,[四字真言] 鸣潮 [AI Generated],"全彩, 百合, AI繪圖, CG",四字真言,,,11,2026-05-04
JM1435365,https://18comic.vip/album/1435365/,[ろーぷあいらんど (みやのゆき)] ボンボン and ショボッボボンボン,"舔陰, 醉酒, 魔法少女, 校服, 百合",みやのゆき,,中文,29,2026-05-03
JM1180817,https://18comic.vip/album/1180817/,獻予你的支配之禮 [萌木漢化組] [ななつ藤] 貴女へささげるサディスティック,"青年漫, 校園, 百合, 調教, 搞笑",ななつ藤,,中文,240,2025-06-08
JM1435367,https://18comic.vip/album/1435367/,[HOTTIELID] NARUTO COMPLETING HIS HIDDEN DESIRES,"美漫, 新娘, 墮落, AI繪圖, 藥物, 催眠, 轉化, 百合",HOTTIELID,,中文,7,2026-05-03
JM1435627,https://18comic.vip/album/1435627/,[Obser] 乱破恶堕记录 (崩壊スターレイル) [AI生成],"墮落, 黑肉, 接吻, 催眠, 百合, AI繪圖",Obser,,中文,44,2026-05-04
JM1432776,https://18comic.vip/album/1432776/,如蝶飞舞，如蜂蛰刺,"韩漫, 百合, 剧情, 机翻, 校园",Jusang,,,295,2026-04-24
JM1434799,https://18comic.vip/album/1434799/,阴角百合炮友的嫉妒心太重啦！？ [奥本海睦汉化组X拉特兰C汉化组] [モマ二郎マシマシ (モマ二郎)] 陰キャのセフレが嫉妬でおしおき乳首責め⁉︎,"貧乳, 雙馬尾, 百合",モマ二郎,,中文,33,2026-05-01
JM1239802,https://18comic.vip/album/1239802/,素拉與海娜！,"韓漫, 百合, 連載中",Jackbull,,中文,2290,2025-12-22
JM1434783,https://18comic.vip/album/1434783/,[花咲月Hanasaki] 断章，番外,"巨乳, 口交, 束縛, 高跟鞋, 魔法少女, 巫女, 連褲襪, 強暴, 校服, 觸手, 百合, 3D",花咲月,,中文,694,2026-05-01
JM1434784,https://18comic.vip/album/1434784/,[花咲月Hanasaki] 欲魔侵染之花 01.1-06.3+人物设定,"巨乳, 口交, 束縛, 旗袍, 高跟鞋, 魔法少女, 巫女, 連褲襪, 強暴, 校服, 觸手, 木馬, 百合, 群交, 3D",花咲月,,中文,1945,2026-05-01
JM1434764,https://18comic.vip/album/1434764/,[村々人] 新しい猫屋敷家の猫洗い,"阿黑顏, 潮吹, 百合, 全彩",村々人,,中文,17,2026-05-01
JM1434545,https://18comic.vip/album/1434545/,希ˣ与维ʷ的视觉日记,"百合, 女同",方舟兔,,中文,14,2026-05-01
JM1233386,https://18comic.vip/album/1233386/,她的沈清,"韓漫, 百合, 連載中, 古風","비완, Seri, biwan",,中文,1644,2025-11-28
JM1434401,https://18comic.vip/album/1434401/,[さける豚 (朝倉拓3)] オナニー中毒メイド×百合堕ちお嬢様,"百合, 女僕",朝倉拓3,,中文,30,2026-04-30
JM1434341,https://18comic.vip/album/1434341/,[禁漫漢化組](C107)[割砕屋(かっさい)]重大な仕様変更が行われました。(初音ミク)[中国翻訳],"C107, 巨乳, 扶他, 百合, 雙馬尾, 阿黑顏, 口交, 肛交, 中出, 禁漫書庫",かっさい,,中文,25,2026-04-30
JM553755,https://18comic.vip/album/553755/,我內心的糟糕念頭/我心裡危險的東西 [桜井のりお] 僕の心のヤバイやつ,"劇情向, 非H, 校園, 戀愛, 連載中",桜井のりお,,中文,3062,2024-03-21
JM1434070,https://18comic.vip/album/1434070/,[AI漢化] [よばんれふと (よばん)] ある朝のいちあおちゃん。 (アイカツ!) [DL版] [中国翻訳],"馬尾, 百合",よばん,,中文,14,2026-04-29
JM1302567,https://18comic.vip/album/1302567/,幽影贵妇的哀愁,"韓漫, 百合, 連載中",Yeonso,,中文,1511,2026-02-25
JM1433928,https://18comic.vip/album/1433928/,[大地牧場 (マキバ)] (C92) ✖✖✖ (リトルウィッチアカデミア) [eve重嵌] [無修正],"C92, 百合, 巨乳",マキバ,,中文,38,2026-04-29
JM1434730,https://18comic.vip/album/1434730/,[くるぶし (ゅ)] Blue Attack,"接吻, 百合",ゅ,,中文,26,2026-05-01
JM1433817,https://18comic.vip/album/1433817/,[AI漢化] (C103) [ジョリジョリノギー (あいみつ)] DIYってどっぷり・いちゃいちゃ・ゆーとぴあ!?R (どぅー・いっと・ゆあせるふ!!) [中国翻訳],"貧乳, 百合",あいみつ,,中文,30,2026-04-28
JM1085160,https://18comic.vip/album/1085160/,在意的人不是男生 [碳酸NG漢化組] [新井すみこ] 気になってる人が男じゃなかった,"非H, 劇情向, 百合, 校園",新井すみこ,,中文,931,2025-02-25
JM1241037,https://18comic.vip/album/1241037/,自由落体,"韓漫, 百合, 連載中","Gyechasooyeol, eunsu",,中文,4027,2025-12-25
JM1346494,https://18comic.vip/album/1346494/,垃圾分类时遇到前女友,"韓漫, 百合, 連載中",Yeongol,,中文,486,2026-03-06
JM1433746,https://18comic.vip/album/1433746/,[菲尔蕾蒂三号机] 西风骑士团的皮物入替术 EP3 [AI Generated],"皮物, 百合, AI繪圖",菲尔蕾蒂三号机,,中文,97,2026-04-28
JM1433582,https://18comic.vip/album/1433582/,[AI漢化] [凸完庄 (凹一)] バーニス×パイパー秘密のお風呂タイム (ゼンレスゾーンゼロ) [DL版] [中国翻訳],"巨乳, 乳汁, 潮吹, 雙馬尾, 百合",凹一,,中文,23,2026-04-27
JM1433743,https://18comic.vip/album/1433743/,[komachan] 芙莉莲的大潜入 特别篇 假装败北 故意白给的失败演出 [AI Generated],"項圈, 妖精, 女性支配, 舔足, 怪物女孩, 連褲襪, 奴隸, 嗅氣味, 踩踏, 百合, AI繪圖",komachan,,中文,102,2026-04-28
JM1433462,https://18comic.vip/album/1433462/,[方舟兔] 希ˣ与维ʷ的视觉日记,"無修正, 接吻, 過膝襪, 百合",方舟兔,,中文,14,2026-04-27
JM1433476,https://18comic.vip/album/1433476/,[LitoHi] 甜蜜的 餐点/美梦,"全彩, 女惡魔, 胃部突起, 百合",LitoHi,,中文,13,2026-04-27
JM1433499,https://18comic.vip/album/1433499/,小舞給大姐姐的投食日記。 [綠茶漢化組] [秋津貴央] 舞ちゃんのお姉さん飼育ごはん。,"青年漫, 百合",秋津貴央,,中文,1131,2026-04-27
JM1433456,https://18comic.vip/album/1433456/,[方舟兔] 希ˣ与维ʷ的视觉日记,"巨乳, 百合",方舟兔,,中文,14,2026-04-27
JM1433258,https://18comic.vip/album/1433258/,[无悔] 管家梅莉（上+中）,"貓貓, 百合, 3D",无悔,,中文,263,2026-04-26
JM1433182,https://18comic.vip/album/1433182/,女快递员与人妻发生了不伦关系的故事 [虎牙的爱音个人汉化] [Pi-ko] おっきい配達員さんと奥様が不倫しちゃう話,"大乳暈, 巨乳, 雙性戀, 吸奶, 出軌, 多毛, 接吻, 乳汁, 肌肉, NTR, 性玩具, 百合",Pi-ko,,中文,47,2026-04-26
JM1433295,https://18comic.vip/album/1433295/,[アマミツ9] マッサージと偽って妹の貧乳を毎日揉んでいたら急成長しちゃった話,"阿黑顏, 巨乳, 亂倫, 馬尾, 姊妹, 百合",アマミツ9,,中文,23,2026-04-26
JM1432524,https://18comic.vip/album/1432524/,[颠佬旅者汉化组] [かさはらともえ (笠原巴)] 崩壊世界のキアナブローニャ メイから始める姫子ハーレム2 (崩壊3rd) [DL版],"百合, 巨乳",笠原巴,,中文,21,2026-04-24
JM1432933,https://18comic.vip/album/1432933/,[无悔] 变人 01-04（完）,"百合, 巨乳",无悔,,中文,403,2026-04-25
JM1433183,https://18comic.vip/album/1433183/,[蕪菁堂]  [箸置き (おてもと)] 最強種族の龍の娘がしつこく子作りをねだってくるのでふたなりちんちんでわからせる話,"巨乳, 扶他, 怪物女孩, 百合",おてもと,,中文,76,2026-04-26
JM1432965,https://18comic.vip/album/1432965/,[没後 (RYO)] お姫さまは小さい女の子が好き。,"舔陰, 女僕, 百合",RYO,,中文,26,2026-04-25
JM1431088,https://18comic.vip/album/1431088/,[大受气包烤RO组汉化] (少女戦略最前線05) [ささみやおおぞら (ゲヘルツ)] 上下左右にゆれ9ですかっ!?45姉っ!! (ドールズフロントライン) [中国翻訳],"性玩具, 貧乳, 假陽具, 百合, 全彩, 巨乳",ゲヘルツ,,中文,20,2026-04-23
JM1430625,https://18comic.vip/album/1430625/,被冷面系男装女睡走了自己的女朋友于是对其进行调教。 1~2 [白杨汉化组][くるくる]クール系男装女に彼女取られたから、わからせてやった[中国翻訳][無修正、疏碼],"假小子, 巨乳, 百合, 性冷感, 無表情, 性成癮, 逆NTR, 摳穴, 口交, 潮吹, 強姦, 打野砲, 當面姦, 中出, 整合, 百合破坏",くるくる,,中文,126,2026-04-22
JM1430842,https://18comic.vip/album/1430842/,[けだま小屋 (とりい)] くさのねの夜長。つまりはえっちぶっく,"獸耳, 手淫, 人魚娘, 狼女, 百合",とりい,,中文,24,2026-04-22
JM1431107,https://18comic.vip/album/1431107/,[おいもめろん (森海きいろ)] 夜のゆかゆか,"接吻, 百合",森海きいろ,,中文,22,2026-04-23
JM1430552,https://18comic.vip/album/1430552/,【颜千九】美少女依赖,"百合, 扶她, 口交, 乳交","奈瞳, naitong",,中文,104,2026-04-21
JM1430565,https://18comic.vip/album/1430565/,[えのころくらげ (NOSA)] 胸の奥深く焼きつけて,"百合, 巨乳",NOSA,,中文,17,2026-04-21
JM1430318,https://18comic.vip/album/1430318/,[AI漢化] [のやま] 百合給仕〜妖艶主人と淫らなメイド〜 [中国翻訳],"女僕, 百合, 主仆",のやま,,中文,24,2026-04-20
JM1430098,https://18comic.vip/album/1430098/,扭曲的爱,"韓漫, 百合, 戀愛, 機翻",소월,,中文,1047,2026-04-20
JM1430140,https://18comic.vip/album/1430140/,[夏色] かぐいろ (超かぐや姫!) [中国翻訳],"巨乳, 獸耳, 百合, 純愛",夏色,,中文,42,2026-04-20
JM1430094,https://18comic.vip/album/1430094/,淫荡女人神奈子 [白杨汉化组] (C100) [腰痛トランスミッター (みぎひざ)] ドスケベ・ザ 神奈子,"C100, 巨乳, 舔陰, 扶他, 扶他群交, 中出, 透視, 百合",みぎひざ,,中文,30,2026-04-19
JM1430307,https://18comic.vip/album/1430307/,[禁漫漢化組](C107)[鳥チキン]レズ女ハンターが好きピのメス顔を見ようとして返り討ちにあう話(モンスターハンター)[中国翻訳],"C107, 百合, 假陽具, 性玩具, 双头龙, 禁漫書庫",鳥チキン,,中文,31,2026-04-20
JM1430078,https://18comic.vip/album/1430078/,[Joy2026个人机翻汉化] [岬ゆきひろ] 肉秘書・友紀子 43,"阿黑顏, 巨尻, 巨乳, 雙性戀, 辦公女郎, 舔陰, 足交, 接吻, 熟女, 中出, 乳交, 舔肛, 性玩具, 潮吹, 交換伴侶, 百合, 群交, 劇情向, 假小子",岬ゆきひろ,,中文,88,2026-04-19
JM1429708,https://18comic.vip/album/1429708/,[倫倫倫个人汉化][リリスラウダ研究所 (リリスラウダ)] 露出調教依頼 3,"綁縛與調教, 巨尻, 巨乳, 露出, 手淫, 校服, 潮吹, 出汗, 泳裝, 百合, 劇情向",リリスラウダ,,中文,28,2026-04-18
JM1430005,https://18comic.vip/album/1430005/,[けだま小屋 (とりい)] 草の根が可愛すぎて酔った勢いでわちゃわちゃしたらやっぱりかわいかったコトを記す本,"獸耳, 狼女, 百合",とりい,,中文,24,2026-04-19
JM1429757,https://18comic.vip/album/1429757/,[はちこ] 風紀委員が取りしまる百合,"舔陰, 眼鏡, 校服, 百合",はちこ,,中文,26,2026-04-18
JM1429443,https://18comic.vip/album/1429443/,卷心菜之恋（布伦妮同人）[无修正],"百合, 潮吹, 性玩具, 全彩, 无修正",鹿铃,,中文,46,2026-04-17
JM1429455,https://18comic.vip/album/1429455/,[けだま小屋 (とりい)] こたつとみかんといっぬの本,"獸耳, 狼女, 百合",とりい,,中文,23,2026-04-17
JM1429701,https://18comic.vip/album/1429701/,[Funny幕雨] 禁忌香膏 01-05,"扶他, 百合",Funny幕雨,,中文,1550,2026-04-18
JM1429175,https://18comic.vip/album/1429175/,[けだま小屋 (とりい)] くだまきどんべえの本,"吸奶, 舔陰, 狐娘, 獸耳, 巫女, 馬尾, 貧乳, 百合",とりい,,中文,22,2026-04-16
JM1384468,https://18comic.vip/album/1384468/,[Sakura机翻汉化] [Bell’s] こすぷりてぃっしゅ,"纯爱, 校服, 純愛, 肛交, 貓女, 獸耳, 眼鏡, 百合, 單行本",bell‘s,,中文,174,2026-03-13
JM1428693,https://18comic.vip/album/1428693/,[日行一善] [なちゅらる彼女 (夜凪朝妃、長船海里)] 魔法熟女マイ-悪堕ち変身托卵セックス- [,"返老還童, 巨乳, 身體改造, 墮落, 中出, 接吻, 乳汁, 魔法少女, NTR, 乳貼, 懷孕, 過膝襪, 觸手, 轉化, 雙馬尾, vaginal, 出產, 百合","夜凪朝妃, 長船海里",,中文,447,2026-04-15
JM1428951,https://18comic.vip/album/1428951/,[まるかな正麺 (あおパコ)] おさなごのヤプー飼育日記 1-4 [中国翻訳],"全彩, 巨乳, 束縛, 口交, 接吻, 排泄, 糞便, 性玩具, 百合",あおパコ,,中文,185,2026-04-16
JM1428691,https://18comic.vip/album/1428691/,[ここまち] サキュバスに尿意を吸われておしっこさせてもらえない！,"女惡魔, 校服, 過膝襪, 放尿, 百合, 柠檬茶",ここまち,,中文,18,2026-04-15
JM1428637,https://18comic.vip/album/1428637/,[Shizumi Hanako] Love Possession,"舔陰, 接吻, 手淫, 附身, 校服, 百合, 3D",ShizumiHanako,,中文,136,2026-04-15
JM1428471,https://18comic.vip/album/1428471/,[AI漢化] [まるかな正麺 (シラシラ。)] 借りた彼女と消えた君 [DL版] [中国翻訳],"百合, 巨乳, 馬尾",シラシラ。,,中文,30,2026-04-14
JM1428283,https://18comic.vip/album/1428283/,她和學姐的秘密主僕關係 [风亦汉化组][とうきび畑でつかまえて (とうきび)] カノジョと先輩の秘密の主従関係 [DL版],"巨乳, 百合, 校服",とうきび,,中文,20,2026-04-14
JM1428454,https://18comic.vip/album/1428454/,(Cレヴォ33) [C・R・C (Don.繁)] SEEDLESS (機動戦士ガンダムSEED) [中国翻訳],"巨乳, 百合",Don.繁,,中文,27,2026-04-14
JM1428285,https://18comic.vip/album/1428285/,[原创百合H·奥本海睦汉化组X拉特兰C汉化组联合出品] [ぐつとま (タチ)] Lily's Bed Sharing 百合添い寝士のオシゴト [DL版],"巨乳, 親吻, 百合",タチ,,中文,29,2026-04-14
JM1428378,https://18comic.vip/album/1428378/,直到爆炸的火花消失殆尽 [碧蓝档案百合组] [モマ二郎マシマシ (モマ二郎)] 爆破の火花が消えるまで,"巨乳, 百合",モマ二郎,,中文,33,2026-04-14
JM1428175,https://18comic.vip/album/1428175/,[白杨汉化组]于食物链的另一侧 (Touhou Project)(紅楼夢18) [スアリテスミ (ひそな)] 食物連鎖の向こう側 (東方Project) [中国翻訳],"百合, yuri",ひそな,,中文,79,2026-04-13
JM1428121,https://18comic.vip/album/1428121/,[くがつここのか (岩下継)] 五門家のメイドさんはドM奉仕をご所望です。[Script7810] [简体汉语],"巨乳, 女僕, 百合",岩下継,,中文,45,2026-04-13
JM1428117,https://18comic.vip/album/1428117/,回不去的季節 [葉月漢化組] [七春そよよ] 戻らない季節。,"非H, 百合, 校園, 愛情",七春そよよ,,中文,53,2026-04-13
JM1428119,https://18comic.vip/album/1428119/,(歌姫庭園21) [chimere/marie (ウゲツ)] カワイイの湯 (アイドルマスター シンデレラガールズ) [中国翻訳],"舔陰, 百合",ウゲツ,,中文,20,2026-04-13
JM1427819,https://18comic.vip/album/1427819/,(C102) [すたーだすとくれいどる (永山ゆうのん)] 恋しちゃいけないる～むしぇ4,"C102, 學校泳裝, 過膝襪, 雙馬尾, 百合",永山ゆうのん,,中文,20,2026-04-12
JM1427479,https://18comic.vip/album/1427479/,[なのなんの亭 (なのなんの)] 制服で縛られておもちゃ責め,"遮眼, 束縛, 電擊, 校服, 過膝襪, 百合",なのなんの,,中文,46,2026-04-11
JM1427522,https://18comic.vip/album/1427522/,(C101) [すたーだすとくれいどる (永山ゆうのん)] 恋しちゃいけないる～むしぇ3,"C101, 學校泳裝, 過膝襪, 雙馬尾, 百合, 劇情向",永山ゆうのん,,中文,20,2026-04-11
JM1427462,https://18comic.vip/album/1427462/,被染黑的百合[迟远个人汉化] [ケレンメ] 黒染めの百合,"NTR, 穿刺, 百破",ケレンメ,,中文,24,2026-04-11
JM1427467,https://18comic.vip/album/1427467/,(C106) [MünchenGraph (Kita Kaduki)] Rock wa Madam no Tashinami deshite,"C106, 百合, 足交, 指甲油, 群交, bg","Kita, Kaduki",,中文,58,2026-04-11
JM1427443,https://18comic.vip/album/1427443/,"[izumi,reizei]セントリス・ダウンロード特別版","觸手, 單行本, 百合","izumi, reizei",,中文,102,2026-04-11
JM1428112,https://18comic.vip/album/1428112/,[紅玉] 伪人凯尔希,"CG集, 巨乳, 貓女, 多毛, 獸耳, 女僕, 潮吹, 百合",紅玉,,中文,9,2026-04-13
JM1236835,https://18comic.vip/album/1236835/,未曾分手,"韓漫, 百合, 連載中","Bappul, Jaliya",,中文,2549,2025-12-11
JM1432655,https://18comic.vip/album/1432655/,[のやま] 淫紋シールで淫らになる女の子の話♡,"吸奶, 舔陰, 手淫, 百合",のやま,,中文,16,2026-04-24
JM1427011,https://18comic.vip/album/1427011/,[愉快なFactory] 美術部花園リコと桜小路ミライのW出産【中文翻译】,"CG集, 巨乳, 懷孕, 出產, 百合",愉快なFactory,,中文,20,2026-04-10
JM1427061,https://18comic.vip/album/1427061/,[AM:TIGER (とらん)] マイ・オールド・フレンドSpring,"百合, 女同",とらん,,中文,17,2026-04-10
JM1427041,https://18comic.vip/album/1427041/,【颜千九】星与火之恋,"扶她, 百合, 足交, 自慰, 口交","奈瞳, naitong",,中文,92,2026-04-10
JM1427447,https://18comic.vip/album/1427447/,歌词与伤痕[冰柚汉化组] [ろーぷあいらんど (みやのゆき)] リリックと傷痕,"舔陰, 接吻, 百合",みやのゆき,,中文,44,2026-04-11
JM1426774,https://18comic.vip/album/1426774/,[茶与金平糖汉化组] [有限産業すきま風 (探検はらはら)] れーむとまりさがひたすらちゅーするだけのほん (東方Project) [中国語],"巨乳, 百合",探検はらはら,,中文,20,2026-04-09
JM1427025,https://18comic.vip/album/1427025/,(C100) [すたーだすとくれいどる (永山ゆうのん)] 恋しちゃいけないる～むしぇあ2 [中国翻訳],"C100, 劇情向, 巨乳, 學校泳裝, 百合",永山ゆうのん,,中文,20,2026-04-10
JM1426801,https://18comic.vip/album/1426801/,(C99) [すたーだすとくれいどる (永山ゆうのん)] 恋しちゃいけない♡る～むしぇあ,"C99, 學校泳裝, 百合, 劇情向",永山ゆうのん,,中文,19,2026-04-09
JM1426769,https://18comic.vip/album/1426769/,女友外套太可夢爱了!!,"獸耳, 百合",N/A,,中文,26,2026-04-09
JM1426746,https://18comic.vip/album/1426746/,[AI漢化] (コトノハーズフェスタ8) [Grave Stone (御影丸)] 姉妹でもえっちしたい!!3 (VOICEROID) [中国翻訳],"亂倫, 性玩具, 姊妹, 雙胞胎, 百合, 劇情向",御影丸,,中文,22,2026-04-09
JM1426423,https://18comic.vip/album/1426423/,(C105) [Atarayo (くじあ)] Trafffic Beyond (ラブライブ! 蓮ノ空女学院スクールアイドルクラブ) [中国翻訳],"C105, 群交, 百合",くじあ,,中文,30,2026-04-08
JM1426257,https://18comic.vip/album/1426257/,黎明的方向是 [碧蓝档案百合组] (C105) [Joyful City (なもみはぎ)] 夜明けの方角は (Blue Archive) [Chinese],"C105, 非H, 百合",なもみはぎ,,中文,32,2026-04-07
JM1426824,https://18comic.vip/album/1426824/,[ワッフル同盟犬 (田中竕)] 同人エロゲ転生 ～目覚めたら姫騎士になっていた俺は処女クリアを目指す～ [中国翻訳] [DL版],"劇情向, 巨乳, 百合",田中竕,,中文,138,2026-04-09
JM1426200,https://18comic.vip/album/1426200/,[Waligner] 让我们肌肤相亲的魔法(葬送的芙莉莲),"妖精, 扶他, 百合, 全彩, 無修正",Waligner,,中文,20,2026-04-07
JM1426233,https://18comic.vip/album/1426233/,[军鬼] 黑色头盔 - 新坑：黑色头盔系列,"全彩, 女性支配, 女巨人, 踩踏, 百合",军鬼,,中文,34,2026-04-07
JM1425647,https://18comic.vip/album/1425647/,(C105) [ごべらっつぉ (向井弥葵)] カラフルまぞくGX,"女惡魔, 怪物女孩, 接吻, 過膝襪, 百合, 全彩",向井弥葵,,中文,18,2026-04-05
JM1425563,https://18comic.vip/album/1425563/,[IC个人汉化][爆裂風船 (でん吉)] 約束の場所でまた,"肛交, 雙性戀, 短褲, 緊身衣, 舔陰, 眼鏡, 接吻, 潮吹, 百合",でん吉,,中文,34,2026-04-05
JM1425564,https://18comic.vip/album/1425564/,[いわした書店 (いわした)] 本当に女の子になる暗示,"兔女郎, 扶他, 催眠, 過膝襪, 百合, 性转",いわした,,中文,48,2026-04-05
JM1425566,https://18comic.vip/album/1425566/,蘇萊塔因為數據風暴而癱瘓時的故事[一碌]データストームで動けなくなったスレッタの話,"黑肉, 女性支配, 足交, 接吻, 性玩具, 假陽具, 百合",一碌,,中文,54,2026-04-05
JM1425363,https://18comic.vip/album/1425363/,【Naitong】体服的诱惑3,"体操服, 白丝, 百合, 性转, 扶她, 自慰, 皮物, Ai","奈瞳, naitong",,中文,108,2026-04-04
JM1425368,https://18comic.vip/album/1425368/,(C103) [ごべらっつぉ (向井弥葵)] カラフルまぞくXXX,"C103, 舔陰, 女惡魔, 怪物女孩, 接吻, 百合, 全彩",向井弥葵,,中文,16,2026-04-04
JM1425341,https://18comic.vip/album/1425341/,[深緑茶葉園 (ちびちょす)] ふたり秘密のデートデイ,"遮眼, 接吻, 貧乳, 百合",ちびちょす,,中文,23,2026-04-04
JM1425323,https://18comic.vip/album/1425323/,[のらのらの (ノラホシ)]お兄ちゃんが女体化して姉に！?気持ちいいこと色々教えてあげる,"皮物, 百合",ノラホシ,,中文,35,2026-04-04
JM1424884,https://18comic.vip/album/1424884/,[HIYOCCO (hiyocco)] フェネックは異星人の夢を見るか？,"獸耳, 百合",hiyocco,,中文,0,2026-04-02
JM1426669,https://18comic.vip/album/1426669/,[Polaris个人汉化] [しを堂。 (しを。)] トレ☆カンパーナ (魔法少女リリカルなのは) [2019年1月27日],"貧乳, 群交, 百合, 性玩具, 雙馬尾",しを。,,中文,18,2026-04-09
JM1424852,https://18comic.vip/album/1424852/,[亓皿] 什么?我的同事?!要上我?!! (原神) [中国語],"吸奶, 舔陰, 接吻, 百合",亓皿,,中文,27,2026-04-02
JM1424529,https://18comic.vip/album/1424529/,[茶与金平糖汉化组] [有限産業すきま風 (探検はらはら)] れーむとまりさがちゅーするどころか○○○○しちゃうほん (東方Project) [中国語],"巨乳, 百合, 純愛",探検はらはら,,中文,28,2026-04-01
JM1424747,https://18comic.vip/album/1424747/,[聖にゃんこ学園 (こずえあかり)] 淫魔の花嫁 ～レズビアン・エンゲージ～ 結びの章 [中国翻訳],"CG集, 巨乳, 舔陰, 女惡魔, 眼鏡, 乳汁, 修女, 潮吹, 過膝襪, 透視, 百合, 劇情向",こずえあかり,,中文,269,2026-04-02
JM1424776,https://18comic.vip/album/1424776/,[今泉紅太狼] [BetweenGirls (betock)] お昼休みが終わるまで 番外編 サキュバスムーンナイト [中国翻訳],"舔陰, 女惡魔, 接吻, 手淫, 潮吹, 百合, 劇情向",betock,,中文,27,2026-04-02
JM1424420,https://18comic.vip/album/1424420/,[AI漢化] (AC2) [ぼっちのこころ (天谷)] 初夜 (VA-11 HALL-A) [中国翻訳],"黑肉, 眼鏡, 接吻, 機器人, 百合",天谷,,中文,20,2026-04-01
JM1424570,https://18comic.vip/album/1424570/,[Reya个人翻译汉化嵌字版] [JKぱすた (倉田むと、ゆめ)]人格排泄!!鬼アクメ 総集編[中国翻訳、日本語][疏碼][DL版],"阿黑顏, 肛交, 巨尻, 巨乳, 口交, 束縛, 顏射, 兔女郎, 藥物, 項圈, 墮落, 灌腸, 拍攝, 漁網襪, 塞口器, 吊帶襪, 獸耳, 連體衣, 內衣, 催眠, 中出, 乳環, 乳貼, 穿刺, 附身, 強暴, 校服, 性玩具, 潮吹, 過膝襪, 透視, 百合, 群交, 人格排泄",倉田むと,,中文,194,2026-04-01
JM1424743,https://18comic.vip/album/1424743/,[tsf-saeki]触手怪人和魔法少女（机翻）【附身】 [AI Generated],"接吻, 附身, 轉化, 百合, 換身, AI繪圖",tsf-saeki,,中文,67,2026-04-02
JM1424446,https://18comic.vip/album/1424446/,[xieehajimi] 辉夜x彩叶的战役完结全篇（超时空辉夜姬）,"接吻, 百合, AI繪圖, 全彩, 无码",xieehajimi,,中文,70,2026-04-01
JM1423905,https://18comic.vip/album/1423905/,(ヒカワリズム) [いしやきいも (いしだ)] あなたがしたいっていうから (BanG Dream!) [中国翻訳],"巨乳, 百合, 校服",いしだ,,中文,33,2026-03-30
JM1424057,https://18comic.vip/album/1424057/,[FateOrderLess] 附身能力者可是我自己，让假正经的她们暴露下流本性 [AI Generated],"舔陰, 附身, 校服, 百合, AI繪圖",FateOrderLess,,中文,35,2026-03-31
JM1424331,https://18comic.vip/album/1424331/,[ひまわりのたね (種乃なかみ)] 女学寮に誘われて2 [中国翻訳],"雙性戀, 口交, 女性支配, 飲精, 打手槍, 接吻, 制服, 百合, 避孕套, 3P, 群交, 夾心蛋糕, 換著插, 長筒襪, 痴女, 著衣, 地味子, 黑髮, 水手服, 強勢女, 多P, 吞精, 乳頭刺激, 苗條, 哺乳, 后宫, 女宿舍",種乃なかみ,,中文,92,2026-04-01
JM1423825,https://18comic.vip/album/1423825/,[とうきび] 乳首カリカリ弄りゲーム,"接吻, 百合",とうきび,,中文,18,2026-03-30
JM1423823,https://18comic.vip/album/1423823/,[とうきび畑でつかまえて (とうきび)] 10回百合キスしないと出られない部屋 [中国翻訳],"接吻, 百合",とうきび,,中文,16,2026-03-30
JM1423824,https://18comic.vip/album/1423824/,[とうきび畑でつかまえて (とうきび)] 先生、ご褒美のキスから始めよ? [中国翻訳],"接吻, 教師, 百合",とうきび,,中文,22,2026-03-30
JM1423822,https://18comic.vip/album/1423822/,[山下・K・乳晴] 弊社の福利厚生はおっぱいです！,"接吻, 百合",山下・K・乳晴,,中文,16,2026-03-30
JM1423820,https://18comic.vip/album/1423820/,被幽灵♀猛攻 [今泉紅太狼汉化] [サンサンソーラー] 幽霊さん♀に攻められる [中国翻訳],"幽靈, 接吻, 百合",サンサンソーラー,,中文,18,2026-03-30
JM1423797,https://18comic.vip/album/1423797/,[ジョン・K・ペー太] マン・コンプリート [DL版],"巨乳, 雙性戀, 透視, 黑肉, 露出, 拳交, 肌肉, 中出, 穿刺, 子宮脫, 貧乳, 教師, 百合, 單行本, 假小子, 肛交",ジョン・K・ペー太,,日文,268,2026-03-30
JM1423821,https://18comic.vip/album/1423821/,【Chinese今泉紅太狼汉化】[とりあたま1号] 続・せんぱいってほんとばか〜ばかな先輩は今日もあざと女に好き放題される〜,"舔陰, 接吻, 百合","とりあたま1号, ささみりせ",,中文,29,2026-03-30
JM1423559,https://18comic.vip/album/1423559/,[聖にゃんこ学園 (こずえあかり)] 淫魔の花嫁 ～レズビアン・エンゲージ～,"巨乳, 舔陰, 女惡魔, 顏面騎乘, 眼鏡, 接吻, 乳汁, 潮吹, 放尿, 百合, 劇情向",こずえあかり,,中文,225,2026-03-29
JM1423804,https://18comic.vip/album/1423804/,【透明声彩汉化组】[アンソロジー] どきどきむにゅむにゅ温泉旅行,"舔陰, 群交, 接吻, 百合","アンソロジー, 焔すばる",,中文,25,2026-03-30
JM255486,https://18comic.vip/album/255486/,[翻车汉化组] [コムラ] なんでもするって言ったよね 家庭教師のお礼はカラダで [中国翻訳],"劇情向, NTR, 百合, 亂倫, 連載中, 调教, 女性向, 非百合, 公交车, 封面诈骗, 依坨",コムラ,,中文,1012,2021-05-18
JM1423360,https://18comic.vip/album/1423360/,[アリモン] 仲直りする美鈴とことね,"雙馬尾, 百合, 全彩",アリモン,,中文,8,2026-03-28
JM1423534,https://18comic.vip/album/1423534/,[Kyouka] 我们错误的人生,"AI繪圖, 接吻, 皮物, 百合",Kyouka,,中文,104,2026-03-29
JM1423281,https://18comic.vip/album/1423281/,[Remora Works (めりこ)] LESFES CO CANDID REPORTING VOL.005,"貓貓, 舔陰, 足交, 多毛, 接吻, 乳汁, 內衣, 潮吹, 百合, 劇情向",めりこ,,中文,46,2026-03-28
JM1423593,https://18comic.vip/album/1423593/,[虹之星汉化组] 窃夜之人 [virophilia (織日ちひろ)] 夜を窃む,"百合, 女同",織日ちひろ,,中文,22,2026-03-29
JM1423206,https://18comic.vip/album/1423206/,[冰柚汉化组] 被禁止的恋之歌 [ゲB] 禁じられた恋の唄,"巨乳, 舔陰, 馬尾, 百合",ゲB,,中文,25,2026-03-28
JM1423017,https://18comic.vip/album/1423017/,窃取肉体的手镯 [ぽっぷらんど (柊ぽぷら)] 肉体泥棒の腕輪,"阿黑顏, 巨乳, 墮落, 妖精, 手淫, 催眠, 連褲襪, 附身, 潮吹, 百合",柊ぽぷら,,中文,115,2026-03-27
JM1422968,https://18comic.vip/album/1422968/,[MagicA2] 黑与白，你与我 | 欢迎来到触手乐园 1,"劇情向, 無修正, 怪物女孩, 蛇女, 觸手, 丸吞, 百合, 触手服",MagicA2,,中文,31,2026-03-27
JM1422997,https://18comic.vip/album/1422997/,[XY个人翻译] [&norino (norino)] その年の離れた黒髪姉妹とお〇こする話3 〜姉妹の危機編〜,"巨乳, 过膝袜, 阿黑颜, 公交车, 道具, 伪百合, 粪作, 后宫, 逆NTR",norino,,中文,44,2026-03-27
JM1423088,https://18comic.vip/album/1423088/,更加、繾綣纏綿的愛,"百合, 女同",牛乳リンダ,,中文,211,2026-03-27
JM1422987,https://18comic.vip/album/1422987/,C76) [PINKのCHAO! (しかげなぎ)] Piano Concerto,百合,しかげなぎ,,中文,34,2026-03-27
JM1422917,https://18comic.vip/album/1422917/,[yitong个人机翻] [某国大統領] 修学旅行あるある その2 [中国翻訳],"大乳暈, 大乳頭, 束縛, 露出, 百合",某国大統領,,中文,11,2026-03-27
JM1422916,https://18comic.vip/album/1422916/,[yitong个人机翻] [某国大統領] 修学旅行あるある [中国翻訳],"大乳頭, 出汗, 百合",某国大統領,,中文,11,2026-03-27
JM1422724,https://18comic.vip/album/1422724/,[MirrorWorld (未鏡)] 君の心に炎の輝きを,"魔法少女, 百合",未鏡,,中文,66,2026-03-26
JM1422648,https://18comic.vip/album/1422648/,[RATKING機翻] (C104) [社不です。 (もぐちょび)] ロマンシスせっくす (ぼっち・ざ・ろっく!) [中国翻訳],"C104, 百合",もぐちょび,,中文,22,2026-03-26
JM1422622,https://18comic.vip/album/1422622/,yitong个人机翻] [某国大統領] 現役J〇に露出オナニー配信を乗っ取られる生主ちゃん [中国翻訳],"大乳暈, 遮眼, 露出, 拍攝, 手淫, 百合",某国大統領,,中文,17,2026-03-26
JM1422431,https://18comic.vip/album/1422431/,[AI漢化] [MirrorWorld (未鏡)] のどかとチョコレート,"舔陰, 接吻, 百合",未鏡,,中文,30,2026-03-25
JM1422627,https://18comic.vip/album/1422627/,[ガーリーアニマル (ふくもとまひろ)] いちゃラブ男の娘百合とえっちな日常を覗く本 [DL版],"CG集, yaoi, 為娘, 泳裝, 伪娘",ふくもとまひろ,,中文,26,2026-03-26
JM1422384,https://18comic.vip/album/1422384/,[一ノ瀬ランド] 淫らなエルフの総集編 [中国翻訳] [DL版],"巨乳, 口交, 妖精, 後宮, 接吻, 百合, 并非百合, 群交, 超乳",一ノ瀬ランド,,中文,160,2026-03-25
JM1230209,https://18comic.vip/album/1230209/,貓與蜜罐 [攸望漢化組] [雪子] 猫とシュガーポット,"青年漫, 完結, 百合",雪子,,中文,251,2025-11-17
JM1422374,https://18comic.vip/album/1422374/,[IC个人汉化] (サンクリ36) [鶴喜屋 (睦月ぎんじ)] CodeRED (コードギアス 反逆のルルーシュ) [中国翻訳],"巨乳, 校服, 過膝襪, 百合, 群交, bg",睦月ぎんじ,,中文,26,2026-03-25
JM1421884,https://18comic.vip/album/1421884/,[小林绿子] 暗影迷踪 01-05（原图版）,"口交, 皮物, 百合, 3D, 無修正",小林绿子,,中文,532,2026-03-23
JM1421869,https://18comic.vip/album/1421869/,[Remora Works (下向じぇしか)] LESFES CO Incident Suspended account,"巨乳, 貓貓, 百合",下向じぇしか,,中文,40,2026-03-23
JM1421924,https://18comic.vip/album/1421924/,雪山素女 残炉篇（下）,"AI繪圖, 原创, 漫画, 古风, 露出, 白发, 自慰, 百合",落花入梦,,,64,2026-03-23
JM1421857,https://18comic.vip/album/1421857/,[Coinflip]_Trio_in_the_Slime_Pit-ai中文翻译,"百合, 3D",Coinflip,,中文,61,2026-03-23
JM1421845,https://18comic.vip/album/1421845/,[umaura. (るべ)] Melody (超かぐや姫!) [中国翻訳] [DL版],"接吻, 百合",るべ,,中文,24,2026-03-23
JM1421799,https://18comic.vip/album/1421799/,美食公会的史莱姆危机！[ExHeX] VORE!The Slime Crisis of the Food Guild!,"史萊姆, 丸吞, 透視, 百合, 全彩",ExHeX,,中文,10,2026-03-23
JM1421827,https://18comic.vip/album/1421827/,啊~酒店里出现了魔法少女 [冰柚汉化组] (C106) [ジョリジョリノギー (あいみつ)] あっホテルに魔法少女がっ (魔法少女にあこがれて) [中国翻訳],"C106, 巨乳, 魔法少女, 過膝襪, 長筒靴, 轉化, 放尿, 百合",あいみつ,,中文,31,2026-03-23
JM1421770,https://18comic.vip/album/1421770/,[奢侈的彩凤个人汉化] [でゅう]ウチの子がえっちな敵と戦って敗北する話 ～負け癖スタンプ前編～[中国翻译],"阿黑顏, 巨乳, 女惡魔, 女性支配, 扶他, 手套, 接吻, 乳汁, 魔法少女, 中出, 觸手, 放尿, 百合",でゅう,,中文,39,2026-03-23
JM1421576,https://18comic.vip/album/1421576/,当主人爱上了他们的从者Ⅰ (紅楼夢21) [肩こり腰痛ドライアイ (政長)] ハッピー・ハルシネーション (東方Project) [中国翻訳],"巨乳, 百合",政長,,中文,28,2026-03-22
JM1421634,https://18comic.vip/album/1421634/,我喜欢实藤同学 3 [白杨汉化组] [白玉もち] 實藤さんが好き 第三話 (コミックメガストア Vol..21),"巨乳, 校服, 百合",白玉もち,,中文,43,2026-03-23
JM1421352,https://18comic.vip/album/1421352/,[DL版]Melody,"百合, 純愛",るべ,,,24,2026-03-22
JM1421513,https://18comic.vip/album/1421513/,[AI漢化] [聖にゃんこ学園 (こずえあかり)] 乙女爛漫・秘密のお茶会 (戦国乙女) [中国翻訳],"百合, 調教",こずえあかり,,中文,35,2026-03-22
JM1421310,https://18comic.vip/album/1421310/,[ユ・リーグ (ゆすり)] 百合deサキュバス!4～君に支配されたい～ [中国翻訳],"百合, 調教",ゆすり,,中文,85,2026-03-21
JM1416708,https://18comic.vip/album/1416708/,[Bonsketch (ぼんすけ)] 薫×星來×志穂 密着レズスカプレイ,"阿黑顏, 肛交, 貓女, 糞便, 奶牛娘, 拳交, 群交, 多毛, 接吻, 熟女, 舔肛, 排泄, 嗅氣味, 過膝襪, 百合",ぼんすけ,,中文,22,2026-03-20
JM1421303,https://18comic.vip/album/1421303/,[AⅠ翻译]東方TS物語～パチュリー編～,"異種姦, 百合",N/A,,中文,19,2026-03-21
JM1416495,https://18comic.vip/album/1416495/,(声音の宴 4次会) [Grave Stone (御影丸)] 愛され過ぎる先輩,"性玩具, 百合",御影丸,,中文,26,2026-03-20
JM1415995,https://18comic.vip/album/1415995/,[ささみせせり (ささみりせ)] せんぱいってほんとばか-後輩のぶりっこ女に〇〇〇されちゃう話- [中国翻訳] [DL版],"巨乳, 百合",ささみりせ,,中文,32,2026-03-20
JM1415795,https://18comic.vip/album/1415795/,[聖にゃんこ学園 (こずえあかり)] OL栗山千鶴のお仕事,"CG集, 吸奶, 舔陰, 眼鏡, 乳汁, 手淫, 性玩具, 潮吹, 過膝襪, 百合",こずえあかり,,中文,650,2026-03-19
JM1415383,https://18comic.vip/album/1415383/,[ai generated] [wjkismi] 恶堕联盟—皮尔特沃夫篇5（上）,"阿黑顏, 大乳暈, 巨乳, 墮落, 手淫, 女警, 潮吹, 百合, 3D, AI繪圖",wjkismi,,中文,99,2026-03-19
JM1415993,https://18comic.vip/album/1415993/,[たららのからあげ (たらら)] 後輩女子に舐めてもらう話 [中国翻訳] [DL版],"巨乳, 百合",たらら,,中文,31,2026-03-20
JM1411533,https://18comic.vip/album/1411533/,[AAA胡萝卜批发B总个人汉化] [足袋がらす (すくらさ)] E-Romantic Seaside,"獸交, 獸耳, 章魚, 貧乳, 泳裝, 觸手",すくらさ,,中文,23,2026-03-18
JM1406655,https://18comic.vip/album/1406655/,[聖にゃんこ学園 (こずえあかり)] ももいろ記念日,"舔陰, 吊帶襪, 眼鏡, 乳汁, 校服, 潮吹, 過膝襪, 透視, 百合",こずえあかり,,中文,137,2026-03-17
JM1406689,https://18comic.vip/album/1406689/,[聖にゃんこ学園 (こずえあかり)] レズの恩返し,"巨乳, 舔陰, 眼鏡, 獸耳, 乳汁, 潮吹, 過膝襪, 放尿, 百合",こずえあかり,,中文,311,2026-03-17
JM1406349,https://18comic.vip/album/1406349/,[不咕鸟汉化组] [キレーションランド残党軍 (栂原ねね)] いろはと黒江の♥♥♥♥♥,"群交, 接吻, 百合, 非百合",栂原ねね,,中文,32,2026-03-17
JM1404285,https://18comic.vip/album/1404285/,（拉特兰C汉化组）[LUXsumildo] 守望先锋：欲望觉醒4女王,"巨乳, 百合, 怪物女孩",LUXsumildo,,中文,12,2026-03-17
JM1414527,https://18comic.vip/album/1414527/,[牛乳リンダ] もっと、とろとろの恋 [DL版],"巨乳, 純愛, 百合, 單行本",牛乳リンダ,,日文,212,2026-03-19
JM1401084,https://18comic.vip/album/1401084/,乳柔軟嫩滑、舌吻多滋潤。 [ナビエ遥か2T] 乳柔らかめ、キス多めで,"阿黑顏, 雙性戀, 口交, 口交臉, 女性支配, 接吻, 多重口交, 口交, 舔肛, 嗅氣味, 百合",ナビエ遥か2T,,中文,211,2026-03-16
JM1401106,https://18comic.vip/album/1401106/,(C107) [Grave Stone (御影丸)] 湯けむり姉妹旅行,"C107, 巨乳, 姊妹, 雙胞胎, 百合",御影丸,,中文,26,2026-03-16
JM1401111,https://18comic.vip/album/1401111/,[zf330]【色界】第三章,"巨乳, 百合, 3D",zf330,,中文,166,2026-03-16
JM1400268,https://18comic.vip/album/1400268/,附身AV女优的身体随心所欲的故事 [あむぁいおかし製作所(あめのまち)]憑依AV AV女優のカラダを好き放題する話,"阿黑顏, 巨乳, 手淫, 馬尾, 附身, 百合",あめのまち,,中文,35,2026-03-16
JM1400232,https://18comic.vip/album/1400232/,[シラユリさん] 夕暮れ一時間 [中国翻訳] [AI],"校服, 百合",シラユリさん,,中文,25,2026-03-16
JM1399281,https://18comic.vip/album/1399281/,[沒有漢化] [チチヅキ] 負けず嫌いの2人,"巨乳, 百合",チチヅキ,,中文,24,2026-03-16
JM1394808,https://18comic.vip/album/1394808/,[ラピス] ラプテキ 2枚 (アークナイツ),"獸耳, 百合",ラピス,,中文,2,2026-03-15
JM1394576,https://18comic.vip/album/1394576/,[ふすま] 先輩と付き合う話 (14p+α) [中国翻訳] [AI],"校服, 百合",ふすま,,中文,17,2026-03-15
JM1395095,https://18comic.vip/album/1395095/,【绝区零】热拔插电源（爱芮x千夏）[无修正],"百合, 潮吹, 触手, 二穴, 肛交, 全彩, 无修正",鹿铃,,中文,41,2026-03-15
JM1390679,https://18comic.vip/album/1390679/,[猫岛汉化组] (C107) [いーといん (イト)] とらわれあい (ラブライブ! 虹ヶ咲学園スクールアイドル同好会) [中国翻訳],百合,イト,,中文,26,2026-03-14
JM1390587,https://18comic.vip/album/1390587/,[白杨汉化组] [白玉もち] 實藤さんが好き 第二話 (コミックメガストア Vol..20) [中国翻訳],"百合, 運動服",白玉もち,,中文,37,2026-03-14
JM1394582,https://18comic.vip/album/1394582/,[ふすま] 先輩をいじめる話 (12p+α) [中国翻訳] [AI],"百合, 黑長直",ふすま,,中文,14,2026-03-15
JM1390454,https://18comic.vip/album/1390454/,[イカ9] しずまり (タコピーの原罪) [日本語、中国語],"百合, 校服",イカ9,,中文,10,2026-03-14
JM1390450,https://18comic.vip/album/1390450/,[callH个人汉化] (C107) [callH个人汉化][るがおハウス (るがお)] 实录 本当にあったコスプレ売り子オフパコレズバトル,"巨乳, 自慰, 百合",るがお,,中文,26,2026-03-14
JM1390409,https://18comic.vip/album/1390409/,（ai翻译） (C86) [秋の夜長に宵闇に (長月莉緒)] 二色の花と二色の蝶 (東方Project) (ai翻译）,"扶他, 百合",長月莉緒,,中文,26,2026-03-14
JM1399831,https://18comic.vip/album/1399831/,[Obser] 符玄恶堕记录 [AI生成],"巨乳, 遮眼, 墮落, 手淫, 催眠, 過膝襪, 百合, AI繪圖",Obser,,中文,47,2026-03-16
JM1386108,https://18comic.vip/album/1386108/,不想被你当成小孩子 [TDza个人汉化] (C106) [Gunjou (恥)] こどもじゃいられないっ (崩壊3rd) [中国翻訳],"C106, 貧乳, 百合",恥,,中文,39,2026-03-13
JM1386534,https://18comic.vip/album/1386534/,(C107) [callH个人汉化][るがおハウス (るがお)] 实录 本当にあったコスプレ売り子オフパコレズバトル,"C107, 百合, 巨乳, 性玩具, 拍摄, 自慰",るがお,,中文,27,2026-03-13
JM1380919,https://18comic.vip/album/1380919/,与毁掉了你的我一起  [ACL个人汉化] [もむり]君を壊した私と(魔法少女ノ魔女裁判),"校服, 百合",もむり,,中文,18,2026-03-12
JM1381462,https://18comic.vip/album/1381462/,[廉价汉化组] [ソルファ] おnyiがサキュバスに乳首を遊ばれる話,"阿黑顏, 巨乳, 束縛, 百合",ソルファ,,中文,32,2026-03-12
JM1369335,https://18comic.vip/album/1369335/,[龍龍的倉庫(龍龍)] 我的姪女／小姨似乎也喜歡著我!？ (BanG Dream! Ave Mujica) [中国語] [Digital],"巨乳, 親吻, 百合, 純愛, 姨姪",龍龍,,中文,123,2026-03-10
JM1363792,https://18comic.vip/album/1363792/,[浅洐] 【开拓者的反击】开拓者&花火 qian-xing [,"綁縛與調教, 束縛, 塞口器, 接吻, 乳環, 穿刺, 性玩具, 奴隸, 百合, AI繪圖",浅洐,,中文,27,2026-03-09
JM1356765,https://18comic.vip/album/1356765/,[奶茶鱼怪味糖汉化组] (C84) [とりあえず(仮) (とろろ)] キミニヒツヨウナナニカ (東方Project) [中国翻訳],"百合, 扶他",とろろ,,中文,23,2026-03-07
JM1363838,https://18comic.vip/album/1363838/,[茶与金平糖汉化组] [有限産業すきま風 (探検はらはら)] おねむなまりさにれーむがいたずらしちゃうほん。 (東方Project) [中国翻訳],"舔陰, 接吻, 百合",探検はらはら,,中文,28,2026-03-09
JM1356734,https://18comic.vip/album/1356734/,【超义体TEST】三人行篇,"百合, 群交","超义体TEST, 一o一凸余",,中文,13,2026-03-07
JM1349095,https://18comic.vip/album/1349095/,【鹿铃】浴室大作战！（绝区零同人）[无修正],"全彩, 百合, 潮吹, 性玩具, 無修正",鹿铃,,中文,31,2026-03-06
JM1346721,https://18comic.vip/album/1346721/,[SHA_OFFICIAL] 傲娇女幹部Alika惨な死,"巨乳, 性玩具, 虐殺, 百合, 3D",SHA_OFFICIAL,,中文,60,2026-03-06
JM1346244,https://18comic.vip/album/1346244/,村长个人汉化] [河野さん] 装天心姫トリニティセイヴァー オレンジ編～ [中国翻訳],"巨乳, 身體改造, 墮落, 辣妹, 乳膠衣, 機械姦, 催眠, 轉化, 百合, 3D",河野さん,,中文,127,2026-03-06
JM1241108,https://18comic.vip/album/1241108/,【颜千九】扶她 性爱和美少女圣诞特辑,"扶他, 百合, 口交","naitong, 奈瞳",,中文,29,2025-12-25
JM1343186,https://18comic.vip/album/1343186/,【Naitong】扶她X少女X女仆,"扶她, 百合, 乳交, 口交, 足交","奈瞳, naitong",,中文,31,2026-03-05
JM1332464,https://18comic.vip/album/1332464/,[华语圈红白同好汉化X雨田螺丝汉化组] 消失不掉的痕迹、笑脸的理由、饿着的肚子( C102) [ぐつとま (タチ)] 消えない痕、笑顔の理由、お腹が空いて。,"百合, 黑肉",タチ,,中文,39,2026-03-03
JM1341009,https://18comic.vip/album/1341009/,[憑依好きの人]（イラスト:匿名希望）FGO 憑依合集[中国翻訳],"阿黑顏, 巨乳, 墮落, 高跟鞋, 接吻, 乳膠衣, 連體衣, 內衣, 手淫, 催眠, 連褲襪, 馬尾, 附身, 潮吹, 泳裝, 百合",憑依好きの人,,中文,80,2026-03-05
JM1332456,https://18comic.vip/album/1332456/,[华语圈红白同好汉化] 青绿温室的怀旧情绪 (C103) [ぐつとま (タチ)] グリーンハウスノスタルジア,"黑肉, 百合",タチ,,中文,28,2026-03-03
JM1342671,https://18comic.vip/album/1342671/,[たくあんラボ(山口たくあん)] 悪徳レズエステ3,"巨乳, 百合",山口たくあん,,中文,195,2026-03-05
JM1332452,https://18comic.vip/album/1332452/,[华语圈红白同好汉化] (C102) [百景 (敬礼)] Kiss Kiss Kiss,"百合, 黑肉",敬礼,,中文,57,2026-03-03
JM1331316,https://18comic.vip/album/1331316/,[超勇漢化組×禁漫天堂](C107)[深海果樹園(蓬莱ネペンテス)]締め切り直前なのに…めちゃらぶ百合えっちする回!!(ゼンレスゾーンゼロ)[中国翻訳],"C107, 巨乳, 百合, 手淫, 舔陰, 潮吹, 純愛, 禁漫書庫",蓬莱ネペンテス,,中文,29,2026-03-03
JM1061946,https://18comic.vip/album/1061946/,無法在真學姐的面前保持帥氣！ [攸望漢化組] [藤本れもち] 真先輩の前ではかっこつけられない！,"青年漫, 校園, 百合, 非h",藤本れもち,,中文,102,2025-01-20
JM1331530,https://18comic.vip/album/1331530/,[yitong个人机翻] [モノクロ犬 (鬼onスープ)] 戦姫絶頂 (戦姫絶唱シンフォギア) [DL版],"巨乳, 雙性戀, 口交, 束縛, 項圈, 墮落, 灌腸, 眼罩, 塞口器, 手套, 乳膠衣, 連體衣, 手淫, 催眠, 多重口交, 口交, 中出, 乳交, 強暴, 奴隸, 過膝襪, 百合, 非百合",鬼onスープ,,中文,36,2026-03-03
JM1331272,https://18comic.vip/album/1331272/,[百合订制](捆绑 无ccb)姐妹游戏 老师的生日 妹妹与空乘姐姐 同人动漫.绑架董香 租房劫案,"束縛, 3D",N/A,,中文,166,2026-03-03
JM1331280,https://18comic.vip/album/1331280/,[Kaba] 友谊,"接吻, 百合, 3D, 皮物",Kaba,,中文,113,2026-03-03
JM1329999,https://18comic.vip/album/1329999/,(C106) [JKぱすた (倉田むと)] 人格排泄!!鬼アクメ 総集編描きおろし漫画,"C106, 阿黑顏, 肛交, 巨尻, 巨乳, 口交, 束縛, 顏射, 兔女郎, 藥物, 項圈, 墮落, 灌腸, 拍攝, 漁網襪, 塞口器, 吊帶襪, 獸耳, 連體衣, 內衣, 催眠, 中出, 乳環, 乳貼, 穿刺, 附身, 強暴, 校服, 性玩具, 潮吹, 過膝襪, 透視, 百合, 群交",倉田むと,,中文,21,2026-03-03
JM1327951,https://18comic.vip/album/1327951/,[五月雨汉化组]實際上只是、想在一起,"百合, 女同","竹嶋えく, 水草ばん",,中文,50,2026-03-02
JM1327623,https://18comic.vip/album/1327623/,S现实改写~沦落为新人角色扮演风俗女郎♀的警察♂ [WPSX润色] [TSFのF (神楽くるみ)]TS現実改変 ～新人コスプレ風俗嬢♀に堕ちる警察官♂～ [中国翻訳],"巨乳, 雙性戀, 催眠, 乳交, 女警, 百合, 全彩, 性转",神楽くるみ,,中文,37,2026-03-02
JM1327475,https://18comic.vip/album/1327475/,感开发诊疗所~无感辣妹在乳头开发和迷蒙表情中高潮迭起~ [无糖汉化组] [くろしばすこ (まーびん)] 性感開発クリニック〜感じないギャルが乳首責めでトロ顔でイキ狂うまで〜 [中国翻訳],"阿黑顏, 巨乳, 項圈, 女惡魔, 遮眼, 女性支配, 辣妹, 怪物女孩, 抹油, 校服, 潮吹, 百合, 乳头",まーびん,,中文,58,2026-03-02
JM1327176,https://18comic.vip/album/1327176/,[Ilithyia Studio] 芙宁娜和娜维娅野外百合性爱 (原神) [中国語] [AI生成],"巨乳, 百合, AI繪圖",lithyiaStudio,,中文,115,2026-03-02
JM1327171,https://18comic.vip/album/1327171/,地牢的笨波霸女王 [K记翻译] [LaughingFoxComics] Bimbo Mage Queen of the Dungeon,"巨乳, 墮落, 超乳, 馬尾, 轉化, 女巫, 百合, 群交, AI繪圖, 自製標題",LaughingFoxComics,,中文,21,2026-03-02
JM1325915,https://18comic.vip/album/1325915/,[センチネルな倉庫] 高級娼婦ができるまで～監獄で泣き叫ぶ少女の更生記録～,"巨乳, 肛交, 性玩具, 百合, 非百合",センチネルな倉庫,,中文,17,2026-03-02
JM1323613,https://18comic.vip/album/1323613/,[沒有漢化] [meri.com (めりこ)] Re:Wired (Apex Legends) [中国翻訳],"百合, 巨乳",めりこ,,中文,31,2026-03-01
JM1324115,https://18comic.vip/album/1324115/,方媛[源]双败,"百合, 巨乳",红岩魂归,,中文,4,2026-03-01
JM1318964,https://18comic.vip/album/1318964/,[菜鸡喵]异世修仙传3欲海晦月[AI Generated],"全彩, 巨乳, 附身, 恶堕, 融合, AI绘图, 洗脑, 乳房膨胀, 自慰, 百合, 无修正",菜鸡喵,,,118,2026-02-28
JM1319002,https://18comic.vip/album/1319002/,牢本和夜车不得不品的一环,"百合, 纯爱, 性玩具, 全彩, 啊嘿颜, 兽耳, 魅魔, 猫娘, 亲吻",管人痴,,中文,71,2026-02-28
JM1318541,https://18comic.vip/album/1318541/,[禁漫漢化組](C107)[冬宮(冬嗣)]百合少女白葉(12)黒華(12)立川で竿役に少年性奴を買う[中国翻訳],"C107, 百合, 貧乳, 女性支配, 足交, 乳汁, 手淫, 肛交, 禁漫書庫",冬嗣,,中文,27,2026-02-28
JM1312355,https://18comic.vip/album/1312355/,教教我吧，结奈前辈！[冰柚汉化组] [ハムネリス]をおしえて、ユイナ先輩！[中国翻訳] [DL版],"全彩, 遮眼, 接吻, 百合",ハムネリス,,中文,26,2026-02-27
JM1060736,https://18comic.vip/album/1060736/,Drunken My Boss,"韓漫, 百合, 愛情","BB, tan",,中文,2258,2025-01-18
JM1312908,https://18comic.vip/album/1312908/,明的私人疗愈 [AI Generated],"全彩, AI, 巨乳, 百合",xygsq,,中文,25,2026-02-27
JM1254567,https://18comic.vip/album/1254567/,[こけもも] 親友ミ〇シャを守るため、騙されてAV出演する 白〇フブキ,"巨乳, 狐娘, 親吻, 強姦, 百合, 校服, 百合破坏, 不是百合",こけもも,,中文,16,2026-02-02
JM1304780,https://18comic.vip/album/1304780/,讓我們肢體相纏的魔法 [春水楼个人汉化] [奇點校準者(縵夜綾)] [TSFSingularity (Waligner)] The Spell that made us come together (葬送のフリーレン) [Chinese],"全彩, 劇情向, 百合, 妖精, 扶他",Waligner,,中文,20,2026-02-25
JM1312218,https://18comic.vip/album/1312218/,[Dawn个人汉化] [のん] お燐お空に性〇マッサージされるさとりん (東方Project) [中国翻訳],"全彩, 貓女, 無口, 群交, 獸耳, 潮吹, 百合",のん,,中文,22,2026-02-27
JM1312106,https://18comic.vip/album/1312106/,[アリモン] ことねに見せてくれる美鈴③ (学園アイドルマスター) [中国翻訳],"雙馬尾, 百合, 全彩",アリモン,,中文,6,2026-02-27
JM1304759,https://18comic.vip/album/1304759/,[Script7810] [玄鉄絢] たえちゃんとじみこさん 3 [中国翻訳] [DL版],"劇情向, 百合, 亂倫, 舔陰, 群交, 多毛, 接吻, 人妻, 單行本",玄鉄絢,,中文,42,2026-02-25
JM1300519,https://18comic.vip/album/1300519/,[おちばさり] 生えちゃった私はクラスメイトの百合ハーレムで搾られ三昧 [中国翻訳] [DL版],"巨乳, 扶他, 口交, 親吻, 辣妹",おちばさり,,中文,43,2026-02-25
JM1291745,https://18comic.vip/album/1291745/,[がりょ～] いっぱいこちょこちょしてあげるからお潮いっぱいぴゅっぴゅして!,"女性支配, 援交, 瘙癢, 百合",がりょ～,,中文,35,2026-02-23
JM1301151,https://18comic.vip/album/1301151/,果实的摇篮 [冰柚汉化组] [Digital] [Surface Tension (折口ヒラタ)] 果実のゆりかご,"巨乳, 雙馬尾, 百合",折口ヒラタ,,中文,44,2026-02-25
JM1303828,https://18comic.vip/album/1303828/,【开拓者的反击】「浅洐」- pixiv,"全彩, 百合, 调教, 束縛, 性玩具, 裸足, 凌辱, AI繪圖, 项圈, 舔陰, 手淫",浅洐,,中文,27,2026-02-25
JM1302494,https://18comic.vip/album/1302494/,永远的安身之处,"韓漫, 百合, 完結",domang,,中文,336,2026-02-25
JM1290985,https://18comic.vip/album/1290985/,[Gopher] Misty Tortured by Plant Girl,"束縛, 藥物, 女性支配, 催眠, 植物娘, 強暴, 觸手, 瘙癢, 丸吞, 百合, 3D",Gopher,,中文,41,2026-02-23
JM1290918,https://18comic.vip/album/1290918/,[あべもりおか] 夏季処女調教講習 [DL版],"巨乳, 黑肉, 辣妹, 肛交, 美人痣, 比基尼, 口交, 豐滿, 眼鏡, 親吻, 強姦, 性玩具, 百合, 校服, 調教, 單行本",あべもりおか,,日文,197,2026-02-23
JM1289716,https://18comic.vip/album/1289716/,[BLUE氪个人翻译] [館山けーた] 百合フェチLIFE 第18話 (コミック エグゼ 67) [DL版],"劇情向, 巨乳, 百合",館山けーた,,中文,16,2026-02-23
JM1285808,https://18comic.vip/album/1285808/,[ぽっぷらんど (柊ぽぷら)] 憑依、お好きですか?【支援サイトバックナンバー集】 [中国語],"巨乳, 校服, 百合",柊ぽぷら,,中文,157,2026-02-22
JM1282685,https://18comic.vip/album/1282685/,[ai翻译] [皆月なななのTS千一夜 (柊ぽぷら)] キミノカタチニナル〜放課後変身TS遊戯〜 [DL版] [ai翻译],"校服, 百合, 百合豚快跑！",柊ぽぷら,,中文,78,2026-02-21
JM1285719,https://18comic.vip/album/1285719/,[欶澜汉化组] (C107) [Sandrop (KiTA)] 幸福なエデンに溺れる夜 (ブルーアーカイブ) [中国翻訳],"獸耳, 泳裝",KiTA,,中文,31,2026-02-21
JM1257916,https://18comic.vip/album/1257916/,[森山塔] MUSHROOM マッシュルーム,"巨乳, 百合, 單行本",森山塔,,日文,250,2026-02-14
JM1276083,https://18comic.vip/album/1276083/,[一o一凸余] 超义体TEST,"百合, 接吻, 指交",一o一凸余,,中文,8,2026-02-20
JM1264239,https://18comic.vip/album/1264239/,【简体中文版】开始和恶魔同居了,"百合, 魅魔",いわした,,中文,28,2026-02-18
JM1259281,https://18comic.vip/album/1259281/,[肩こり腰痛ドライアイ (政長)] よどみ萎え、枯れて舞え (東方Project) [中国翻訳],"獸耳, 百合",政長,,中文,14,2026-02-17
JM1263400,https://18comic.vip/album/1263400/,中国古代野史之诸葛亮（娘化）,"百合, 黑肉",淳平琼WineMaker,,中文,6,2026-02-18
JM1259266,https://18comic.vip/album/1259266/,【naitong】生物本能4,"百合, 扶她, 口交","naitong, 奈瞳",,,31,2026-02-17
JM1259259,https://18comic.vip/album/1259259/,[のん] ゆかりんの緊縛愛ゆかりんの緊縛愛撫で静かにイかされまくる霊夢さん (東方Project)(中文翻译)(Dawn个人汉化),"綑綁, 百合",のん,,中文,12,2026-02-17
JM1259264,https://18comic.vip/album/1259264/,【naitong】电影院奇遇,"futa, 百合, 做爱, 扶她, AI绘图","naitong, 奈瞳",,,20,2026-02-17
JM1264241,https://18comic.vip/album/1264241/,売れっ子漫画家さんとシゴデキ編集さん,"百合, 調教",N/A,,中文,31,2026-02-18
JM1259233,https://18comic.vip/album/1259233/,[xieehajimi] 流萤-有关你的全部（崩坏：星穹铁道）,"百合, 巨乳",xieehajimi,,中文,34,2026-02-17
JM1259258,https://18comic.vip/album/1259258/,[欶澜汉化组x一青二白汉化组] (C107) [ぼちぼちの木 (ぼるしち)] シャドウミスアンダ一スタンド優子 (まちカドまぞく) [中国翻訳],"百合, 獸耳",ぼるしち,,中文,47,2026-02-17
JM1259224,https://18comic.vip/album/1259224/,【UB】白色少女、冬日暖阳与抹茶香,"百合, 猎奇",UB,,中文,8,2026-02-17
JM1259208,https://18comic.vip/album/1259208/,[亓皿] 那呼之欲出的爱恋 (崩壊3rd) [中国語],百合,亓皿,,中文,26,2026-02-17
JM1259199,https://18comic.vip/album/1259199/,悪役令嬢に転生したら女主人公に好かれてしまった件,"百合, 校服",N/A,,中文,20,2026-02-17
JM1259198,https://18comic.vip/album/1259198/,彼女トライアル,百合,N/A,,中文,20,2026-02-17
JM1259169,https://18comic.vip/album/1259169/,[透明声彩汉化组] [Digital] [らいおん小屋 (一ノらい)] ふたりはじめてーRー [中国翻訳] [DL版],"百合, 純愛",一ノらい,,中文,32,2026-02-17
JM1259047,https://18comic.vip/album/1259047/,非道德岛屿【1-5】,"NTR, 巨乳, 口交, 露出, 后宫, 超乳, 中出, 手淫, 熟女, 怀孕, 强暴, 百合, 群交, 后入","N/A, あるぷ",,,329,2026-02-17
JM1258758,https://18comic.vip/album/1258758/,（Dahe个人翻译） [百合畑牧場 (紺)] 乙女の未来は創るもの (乙女ゲームの破滅フラグしかない悪役令嬢に転生してしまった...) [中国翻訳] [DL版],百合,紺,,中文,189,2026-02-16
JM1259133,https://18comic.vip/album/1259133/,[Dawn个人汉化] [Digital] [らいゴリ王国 (村井らい)] ふたりでしよ!! (東方Project) [中国翻訳] [DL版],百合,村井らい,,中文,26,2026-02-17
JM1259029,https://18comic.vip/album/1259029/,絕對要逆轉的主僕色色合集 [风亦汉化组×透明声彩汉化组] 絶対に主従が逆転する百合えっちアンソロジー,"舔陰, 女惡魔, 眼鏡, 女僕, 百合",多作者,,中文,166,2026-02-16
JM1258756,https://18comic.vip/album/1258756/,（Dahe个人翻译） [百合畑牧場 (紺)] ぜんぶカタリナ様のせいですよ。 (乙女ゲームの破滅フラグしかない悪役令嬢に転生してしまった...) [中国翻訳] [DL版],百合,紺,,中文,20,2026-02-16
JM1258755,https://18comic.vip/album/1258755/,（Dahe个人翻译） [百合畑牧場 (紺)] 乙女ゲームのヒロインと遊園地デートの後めちゃくちゃイチャイチャしてしまった... (乙女ゲームの破滅フラグしかない悪役令嬢に転生してしまった...) [中国翻訳] [DL版],百合,紺,,中文,48,2026-02-16
JM1258312,https://18comic.vip/album/1258312/,[歯昆布] 村紗×星 (東方Project)(中文翻译)(Dawn个人汉化),"水手服, 百合",歯昆布,,中文,6,2026-02-15
JM1258315,https://18comic.vip/album/1258315/,[RATKING機翻] (C102) [エイヒカンシ (ひめろー)] メイク・ラブ リハビリテーション (機動戦士ガンダム 水星の魔女) [中国翻訳],"黑肉, 百合, 扶他",ひめろー,,中文,32,2026-02-15
JM1258004,https://18comic.vip/album/1258004/,[ももまろ] 橘家的复仇NTR事件 总集篇,"全彩, NTR, 阿黑颜, 巨乳, 口交, 露出, 拍摄, 眼睛, 后宫, 超乳, 中出, 手淫, 熟女, 怀孕, 强暴, 百合, 群交, AI绘图, 性勒索, 没有百合",ももまろ,,,285,2026-02-14
JM1258224,https://18comic.vip/album/1258224/,レズ後輩と篠崎［Chinese］,"百合, 調教, 拒绝高潮",N/A,,中文,117,2026-02-15
JM1257802,https://18comic.vip/album/1257802/,百合园圣娅腋下挠痒高潮+开发后的故事【雪糕少女汉化组】 [うさぎ兎さめ]百合園セイアを脇でくすぐり絶頂＋開発するだけの話,"CG集, 獸耳, 出汗, 瘙癢, 酷刑",うさぎ兎さめ,,中文,12,2026-02-13
JM1257475,https://18comic.vip/album/1257475/,[禁漫漢化組](C107)[ニーチェ(助ッチ)]ハーレムハウスえっち 特番放送 世界はスケベで回っている！(ゼンレスゾーンゼロ)[中国翻訳],"C107, 全彩, 巨乳, 怪物女孩, 女僕, 獸耳, 體育服, 兔女郎, 制服, 百合, 阿黑顏, 群交, 口交, 中出, 禁漫書庫, 日不落, 绝区零",助ッチ,,中文,43,2026-02-12
JM1257807,https://18comic.vip/album/1257807/,[RATKING機翻] (C102) [京まじょ! (上村なびあ)] Mating between Spider Lilies (リコリス・リコイル) [中国翻訳],"C102, 百合",上村なびあ,,中文,18,2026-02-13
JM1226916,https://18comic.vip/album/1226916/,巔峰絕景迷宮,"韓慢, 完結, 百合, 爆笑, 古風, 獸人, 異能/超能力, 非人存在, 日常, 特殊職業, 天使/惡魔/魔族, 狡猾攻, 看臉入坑攻, 暴躁受, 腹黑受/心機受, 傲嬌受","MotakHoon, Seoran",,中文,2660,2025-10-30
JM1257430,https://18comic.vip/album/1257430/,[箱舟] 男の娘SP2,"CG集, 百合, 女装",箱舟,,中文,37,2026-02-12
JM1257341,https://18comic.vip/album/1257341/,[アメゾメゾン (あめぞ)] ビッチ彼女をふたなりちんぽでお仕置き [中国翻訳],"巨乳, 阿黑顏, 扶他, 百合",あめぞ,,中文,32,2026-02-12
JM1257017,https://18comic.vip/album/1257017/,[璐璐大人] (C107) [瑠璃丸 (るりまる)] 魔法少女がアナルゼリー排泄してエナジードレインされる話 [中国翻訳] [DL版],"百合, 巨乳, 魔法少女, 觸手, 肛交",るりまる,,中文,49,2026-02-10
JM1256926,https://18comic.vip/album/1256926/,[AI渣翻能看就好漢化] [世羅吉。] 華帆ちゃんはお仕置きしたい,"性勒索, 百合",世羅吉。,,中文,22,2026-02-10
JM1256939,https://18comic.vip/album/1256939/,提灯黄喵汉化组] [长代ルージュ]みだらな森のおとぎ話[中国語翻訳][,"巨乳, 舔陰, 群交, 接吻, 校服, 潮吹, 百合",长代ルージュ,,中文,35,2026-02-10
JM1256553,https://18comic.vip/album/1256553/,[長代ルージュ] ゆりすわ～すわっぴん百合レッスン～第1話 [DL版],"巨乳, 中出, 乳交, 口交, 百合",長代ルージュ,,中文,39,2026-02-09
JM1256460,https://18comic.vip/album/1256460/,葡萄园的葛蕾丝,"韓漫, 百合, 完結","SARWON, NONGJANGJWI",,中文,1808,2026-02-08
JM1256574,https://18comic.vip/album/1256574/,[主角组吧汉化组] (秋季例大祭12) [ゆずき＊10]まりさとシてみた (東方Project),"巨乳, 百合",ゆずき＊10,,中文,26,2026-02-09
JM1256431,https://18comic.vip/album/1256431/,柠檬派骑士,"韓漫, 百合, 完結","iloa, 以路芽",,中文,2657,2026-02-08
JM1256377,https://18comic.vip/album/1256377/,[雪糕少女汉化组] [Digital] [安閑家 (うれあっぷ)] 陽炎をくすぐり拷問する話。 (艦隊これくしょん -艦これ-) [中国翻訳] [DL版],"群交, 百合",うれあっぷ,,中文,30,2026-02-08
JM1256571,https://18comic.vip/album/1256571/,[矢来夏洛个人汉化] [えいす] アンチョビ、我が最愛の敵 (ガールズ&パンツァー) [DL版],"校服, 親吻, 百合",えいす,,中文,34,2026-02-09
JM1255879,https://18comic.vip/album/1255879/,無法消除的痕跡、突然露臉的理由、因為肚子餓 [RATKING機翻] (C102) [ぐつとま (タチ)] 消えない痕、笑顔の理由、お腹が空いて。 (機動戦士ガンダム 水星の魔女) [中国翻訳],"黑肉, 接吻, 百合",タチ,,中文,42,2026-02-06
JM1256149,https://18comic.vip/album/1256149/,[菜鸡喵]异世修仙传3欲海晦月[AI Generated],"全彩, 巨乳, 附身, 恶堕, 融合, AI绘图, 洗脑, 乳房膨胀, 自慰, 百合, 无修正",菜鸡喵,,,118,2026-02-07
JM1255796,https://18comic.vip/album/1255796/,[oo2oo个人汉化] [新生ロリショタ (桐下悠司)] 女装と百合に憧れてた僕が好きな女の子の身代わりにクラスの性処理係になった話 [DL版],"C107, yaoi, 肛交",桐下悠司,,中文,32,2026-02-06
JM1255780,https://18comic.vip/album/1255780/,为凋谢的记忆覆上朵朵温柔 [矢来夏洛个人汉化] (C106) [Damier Cookie (惟千茉鶴)] 優しさを重ねて 滲んだ記憶で (BanG Dream! It's MyGO!!!!!) [中国翻訳],"C106, 非H, 劇情向, 百合",惟千茉鶴,,中文,28,2026-02-06
JM1255551,https://18comic.vip/album/1255551/,(アイ☆FES24) [APRICO* (梅原うめ)] DRNT+18+3 (アイドルマスター シンデレラガールズ) [中国翻訳],"接吻, 百合",梅原うめ,,中文,31,2026-02-05
JM1255309,https://18comic.vip/album/1255309/,(C102) [Hyakkei (Keirei)] Kiss Kiss Kiss (Mobile Suit Gundam_ The Witch from Mercury),"C102, 百合",Keirei,,中文,60,2026-02-04
JM1254953,https://18comic.vip/album/1254953/,[ささみせせり (ささみりせ)] 続・せんぱいってほんとばか〜ばかな先輩は今日もあざと女に好き放題される〜 [中国翻訳] [DL版],"舔陰, 接吻, 百合",ささみりせ,,中文,29,2026-02-03
JM1254900,https://18comic.vip/album/1254900/,新玩法習得 琪露諾和大妖精醬 [ほにゃーの左クリック (ほにゃー)] 新しい遊びを覚えたチルノと大ちゃん (東方Project) [中国翻訳] [DL版],"純愛, 百合",ほにゃー,,中文,20,2026-02-03
JM1253954,https://18comic.vip/album/1253954/,[雪汐个人机翻] [ももまろ] 橘さん家ノ復讐NTR事情 総集編,"全彩, NTR, 阿黑顏, 巨乳, 口交, 露出, 拍攝, 眼鏡, 後宮, 超乳, 中出, 手淫, 熟女, 懷孕, 強暴, 百合, 群交, AI繪圖",ももまろ,,日文,175,2026-01-30
JM1254959,https://18comic.vip/album/1254959/,[とうきび畑でつかまえて (とうきび)] 図書室で百合えっちしたらダメですか? [中国翻訳] [DL版],"舔陰, 接吻, 百合",とうきび,,中文,18,2026-02-03
JM1254814,https://18comic.vip/album/1254814/,[無邪気な懐中時計 (ウタタネ)] ～Faily Tales～百合えっち Vol.1 [中国翻訳] [DL版],"貧乳, 獸耳",ウタタネ,,中文,32,2026-02-03
JM1254950,https://18comic.vip/album/1254950/,[パデラポッロのりお] この私が3Pですの！? [中国翻訳] [DL版],"巨乳, 束縛, 項圈, 舔陰, 接吻, 百合",パデラポッロのりお,,中文,20,2026-02-03
JM1254412,https://18comic.vip/album/1254412/,(C107)[Grave Stone] 湯けむり姉妹旅行 (VOICEROID),"C107, 巨乳, 百合","Grave, Stone",,中文,26,2026-02-01
JM1254490,https://18comic.vip/album/1254490/,【naitong】生物本能4,"百合, 扶她, 口交","naitong, 奈瞳",,,31,2026-02-01
JM1254419,https://18comic.vip/album/1254419/,[一刀一刀燃烧刀个人汉化][長頼] ガールズ キャプチャー (COMIC 快楽天ビースト 2026年2月号) [DL版],"百合, 群交, 校服, 非百合",長頼,,中文,24,2026-02-01
JM1254393,https://18comic.vip/album/1254393/,[天堂紙 (天堂樹)] 今天依然處心積慮上她老母的猴死囝仔,"巨乳, 百合",天堂樹,,中文,23,2026-02-01
JM1254410,https://18comic.vip/album/1254410/,[禁漫漢化組](C107)[BurstBomb.T(TKP)]うてなの失態4(魔法少女にあこがれて)[中国翻訳],"C107, 全彩, 百合, 惡魔女孩, 手淫, 禁漫書庫, 自慰",TKP,,中文,15,2026-02-01
JM1254382,https://18comic.vip/album/1254382/,[ふぇぇり_3] 东商与莱茵进行色色的按摩,"調教, 百合",ふぇぇり_3,,中文,14,2026-02-01
JM1254380,https://18comic.vip/album/1254380/,[天堂紙 (天堂樹)] 那個成天只想上她老母的猴死囝仔+會場特典,"百合, 巨乳",天堂樹,,中文,38,2026-02-01
JM1254250,https://18comic.vip/album/1254250/,[欶澜汉化组] [Digital] [元祖塩屋本舗 (白麹シヲ)] ユウカちゃんといっしょ♡ (ブルーアーカイブ) [中国翻訳] [DL版],"巨乳, 百合",白麹シヲ,,中文,34,2026-01-31
JM405064,https://18comic.vip/album/405064/,人狼機WINVURGA「叛逆篇」[禁漫漢化組] [綱島志朗]人狼機ウィンヴルガ「叛逆篇」 [中国翻訳],"青年漫, 百合, 校服, 眼罩, 連載中, 機人, 科幻, 禁漫漢化組, 禁漫書庫, NTR, 纯爱, 强暴",綱島志朗,,中文,871,2022-12-21
JM1254136,https://18comic.vip/album/1254136/,[沒有漢化] [meri.com (めりこ)] 生身拳闘 [中国翻訳],"巨乳, 百合",めりこ,,中文,18,2026-01-31
JM1254112,https://18comic.vip/album/1254112/,[邦多利重女汉化组] (世界でヒトツの大切な日) [はらぺこ (久原)] 姉としての威厳があるんです。 (BanG Dream!) [中国翻訳],"百合, 亂倫, 扶他, 扶她",久原,,中文,28,2026-01-31
JM1254149,https://18comic.vip/album/1254149/,(C107)[新生ロリショタ (桐下悠司)] 女装と百合に憧れてた僕が好きな女の子の身代わりにクラスの性処理係になった話。 [DL版],"C107, yaoi",桐下悠司,,日文,32,2026-01-31
JM1178136,https://18comic.vip/album/1178136/,百合x撓癢！ [萌木漢化組] [庄司ひろのり] ゆり×こちょ！,"青年漫, 完結, 百合, 搔癢",庄司ひろのり,,中文,75,2025-06-04
JM1253917,https://18comic.vip/album/1253917/,喜歡汗味的半田同學正渴望品鑑 [萌木漢化組] [東雲もづく] 汗フェチ半田さんは味わいたい,"非H, 百合, 泳裝, 氣味控, 特殊性癖",東雲もづく,,中文,28,2026-01-30
JM1253580,https://18comic.vip/album/1253580/,纵使夏日已尽 [今泉紅太狼][ブラクラ堂 (タケシス)] 夏が終われど,"巨乳, 百合",タケシス,,中文,19,2026-01-29
JM1253644,https://18comic.vip/album/1253644/,用異世界轉生得到的能力做色色的事的故事 1-10 [天帝哥個人漢化] [聖水BAR] 異世界転生して能力でＨなことする話 1-10 [中国翻訳],"阿黑顏, 天使, 巨尻, 巨乳, 奶牛娘, 露出, 多毛, 怪物女孩, 超乳, 獸耳, 接吻, 乳汁, 手淫, 催眠, 中出, 乳交, 蛇女, 潮吹, 女巫, 透視, 百合, 群交, 時間停止",聖水BAR,,中文,51,2026-01-29
JM1253533,https://18comic.vip/album/1253533/,[异色瞳裤袜猫娘汉化] [奈々澄] 同化する者～assimilator～ (別冊コミックアンリアル 美少女ニ擬態スル異形タチ Vol.1) [DL版],"巨乳, 校服, 口交, 百合, 史莱姆娘",奈々澄,,中文,16,2026-01-29
JM1253584,https://18comic.vip/album/1253584/,[不咕鸟汉化组] (C107) [3V2Uめざ氷70 (御堂ペンギン)] 白野は無慈悲な月の女王 完結編 (Fate／EXTRA CCC),"C107, 百合, 巨乳, 接吻",御堂ペンギン,,中文,50,2026-01-29
JM1253475,https://18comic.vip/album/1253475/,(C107) [F.T.B (Futaba)] 闇へのイザナイ ～最凶騎士ノ目醒メ～ [DL版],"C107, 劇情向, 巨乳, 百合, 亂倫, 墮落, 接吻, 觸手, 過膝襪",Futaba,,日文,34,2026-01-28
JM1253292,https://18comic.vip/album/1253292/,路人脸的好色团地妻们・6 蛇卷姐妹 唯与百合 [黒爪フータ] モブ顔の好色団地妻たち・6 蛇巻姉妹ユイとユリ [中国翻訳],"出軌, 熟女, 劇情向",黒爪フータ,,中文,54,2026-01-28
JM1253473,https://18comic.vip/album/1253473/,(C107) [おおきなごみ箱 (大吉なごみ)] この物語の名前は君がつけてくれ。 (ブルーアーカイブ) [DL版],"C107, 獸耳, 遮眼, 口交, 中出",大吉なごみ,,日文,24,2026-01-28
JM1253288,https://18comic.vip/album/1253288/,路人脸好色团地妻们・2 令人憧憬的人妻百合子  [黒爪フータ] モブ顔の好色団地妻たち・2 憧れの人妻ゆり子さん [中国翻訳],"出軌, 人妻, 亂倫",黒爪フータ,,中文,65,2026-01-28
JM1253204,https://18comic.vip/album/1253204/,[アリモン] ことねに見せてくれる美鈴② (学園アイドルマスター) [中国翻訳],"全彩, 雙馬尾, 百合",アリモン,,中文,6,2026-01-28
JM1252741,https://18comic.vip/album/1252741/,咯吱咯吱挠挠痒痒被寸止后的自慰 [雪糕少女汉化组][うめっこ堂 (うめっこ)] こちょこちょくすぐりじらされオナニー [DL版],"貧乳, 百合",うめっこ,,中文,35,2026-01-28
JM1253223,https://18comic.vip/album/1253223/,フリーレンの大試練（上） 本性暴露 試練の名を借りた足の饗宴♡,"妖精, 舔足, 連褲襪, 嗅氣味, 雙馬尾, 百合, AI繪圖, 無修正","みさな, Komachan",,中文,120,2026-01-28
JM1252450,https://18comic.vip/album/1252450/,[naitong] 花火的列车旅行,"全彩, 百合, 扶他, AI繪圖, CG","naitong, 奈瞳",,中文,44,2026-01-26
JM1253221,https://18comic.vip/album/1253221/,[柠檬茶汉化组] [Snow Ice (みさな)] urination of girl’s love [中国翻訳] [DL版],"放尿, 百合",みさな,,中文,52,2026-01-28
JM1252386,https://18comic.vip/album/1252386/,【打分汉化组】 [遮断活動 (給水係)] 天崎姉妹は淫魔の玩具,"阿黑顏, 女惡魔, 扶他, 怪物女孩, 過膝襪, 百合",給水係,,中文,26,2026-01-26
JM1251599,https://18comic.vip/album/1251599/,[えろはむちゃん (えろはむ)] 乳首開発サロンへようこそ [中国翻訳] [無修正] [DL版],"巨乳, 調教, 百合",えろはむ,,中文,67,2026-01-24
JM1251581,https://18comic.vip/album/1251581/,[豆制品] (C89) [葉月一日 (きしめん)] 糞ちん○で犯されたい (艦隊これくしょん -艦これ-) [中国翻訳],"群交, 百合",きしめん,,中文,23,2026-01-24
JM1252664,https://18comic.vip/album/1252664/,[透明声彩汉化组] (C106) [ヨアケ行燈 (かうちぽてと)] キューズミー、リードユー! (BanG Dream!),"C106, 巨乳, 百合",かうちぽてと,,中文,25,2026-01-27
JM1251607,https://18comic.vip/album/1251607/,[かんろ堂アート (かんろ堂)] 百合イキ専用車両[中国翻译],"巨乳, 百合",かんろ堂,,中文,23,2026-01-24
JM1252451,https://18comic.vip/album/1252451/,[naitong] 【颜千九】圣女狂想曲,"百合, 扶他, 自慰, 口交, AI繪圖, CG","naitong, 奈瞳",,中文,80,2026-01-26
JM1251338,https://18comic.vip/album/1251338/,[咸鱼喵CAT] 星萤漫画 & 流萤 R-18,"CG集, 巨乳, 接吻, 內衣, 乳貼, 校服, 百合",咸鱼喵CAT,,中文,71,2026-01-23
JM1251110,https://18comic.vip/album/1251110/,(C107) [ぽきにっき! (ぽきにき)] なぜか漏れちゃうマッサージサロン,"C107, 百合, 按摩, 放尿",ぽきにき,,日文,34,2026-01-22
JM1251076,https://18comic.vip/album/1251076/,(C107) [森の道 (森シンリスク)] MILLENNIUM SEXPO2～セイア潮噴き散らかし編～ (ブルーアーカイブ) [DL版],"C107, 劇情向, 狐娘, 獸耳, 潮吹",森シンリスク,,日文,35,2026-01-22
JM1250561,https://18comic.vip/album/1250561/,纱月和玲奈子的结婚生活 [提灯喵汉化组] [まぜもの (いちみ)] 紗月とれな子の結婚生活 (わたしが恋人になれるわけないじゃん、ムリムリ!(※ムリじゃなかった!?)) [中国翻訳] [DL版],"非H, 接吻, 百合",いちみ,,中文,28,2026-01-20
JM1250724,https://18comic.vip/album/1250724/,百合×NTR -百合的吞噬者 (C107)[ちょきんばこ (朝仁寝ルノ)] 百合×NTR -百合を喰うもの- [DL版],"C107, 百合, NTR, 百合破坏, 假小子",朝仁寝ルノ,,中文,84,2026-01-21
JM1250874,https://18comic.vip/album/1250874/,[さける豚 (朝倉拓3)] クリ責め特化の配信事務所 〜自堕落系女配信者が堕ちるまで〜[中国翻译],"巨乳, 性玩具, 百合, 直播, 连续高潮",朝倉拓3,,中文,193,2026-01-22
JM1250526,https://18comic.vip/album/1250526/,[百合控別進個人漢化] [春風ソヨグ]転生王女アニス様と子作りっくす(転生王女と天才令嬢の魔法革命),"巨乳, 膝襪, 不是百合, 百合破坏",春風ソヨグ,,中文,12,2026-01-20
JM1249840,https://18comic.vip/album/1249840/,(C107) [元祖塩屋本舗 (白麹シヲ)] ユウカちゃんといっしょ♡ (ブルーアーカイブ) [DL版],"C107, 百合, 巨乳, 接吻, 潮吹, 野狗拉的屎",白麹シヲ,,日文,32,2026-01-19
JM1249034,https://18comic.vip/album/1249034/,[BLUE氪个人翻译] [Digital] [館山けーた] 百合フェチLIFE 第17話 (コミック エグゼ 66) [中国翻訳] [DL版],"百合, 劇情向",館山けーた,,中文,22,2026-01-18
JM1249024,https://18comic.vip/album/1249024/,[MTL] [Corruprotocol (EPLOOV)] 黒に染まる百合 ~格闘娘がアルラウネに眷属堕ちするまで~ [中国翻訳],"觸手, 異種姦, 同化",EPLOOV,,中文,29,2026-01-18
JM1249058,https://18comic.vip/album/1249058/,[角角吉診室 (角角吉)] 來做巧克力吧!! (BanG Dream!) [中国語],百合,角角吉,,中文,19,2026-01-18
JM1248864,https://18comic.vip/album/1248864/,(C107)[ちょきんばこ (朝仁寝ルノ)] 百合×NTR -百合を喰うもの- [DL版],"C107, 百合, NTR, 百合破坏, 假小子",朝仁寝ルノ,,日文,80,2026-01-17
JM1250712,https://18comic.vip/album/1250712/,[かんむり] エルフ化の秘薬〜TSメスイキH〜｜精靈化的祕藥 TS雌墮高潮H [中国翻訳] [無修正] [DL版],"無修正, 巨乳, 精靈, 雙馬尾, 百合, 制服, 單行本, 性转",かんむり,,中文,230,2026-01-21
JM1248774,https://18comic.vip/album/1248774/,[アリモン] 美鈴の言いなりになることね (学園アイドルマスター) [中国翻訳],"百合, 自慰",アリモン,,中文,24,2026-01-17
JM1248256,https://18comic.vip/album/1248256/,[Nexstat/Nexy Comics] Bar Hopping Part 1,"劇情向, 巨乳, 3D, 接吻, 乳膠衣, 馬尾, 附身, 百合, 3D, 皮物","Nexstat, NexyComics",,中文,63,2026-01-15
JM1248312,https://18comic.vip/album/1248312/,[点动成线君汉化] (C91) [セツナロマンス (有雛)] 友情ヨーソロー (ラブライブ! サンシャイン!!) [中国翻訳],"C91, 非H, 百合",有雛,,中文,12,2026-01-15
JM1248645,https://18comic.vip/album/1248645/,初次按摩体验 [MTL] (C107) [みゃいぱん (みゃい)] 初めてのマッサージ体験 (ブルーアーカイブ) [中国翻訳] [DL版],"C107, 百合, 獸耳, 按摩, 性玩具, 潮吹",みゃい,,中文,62,2026-01-17
JM1248766,https://18comic.vip/album/1248766/,[もえぷっしゅ (まふゆぼいん)] ド屑さん (プロジェクトセカイ) [DL版],"百合, 扶他, 不是扶他, BG不是扶他",まふゆぼいん,,中文,27,2026-01-17
JM1248247,https://18comic.vip/album/1248247/,SOLO百合冒險記 [ネダオレ (あやね)] ソロ百合活冒険記,"巨尻, 巨乳, 舔陰, 乳頭凹陷, 接吻, 百合",あやね,,中文,43,2026-01-15
JM1248111,https://18comic.vip/album/1248111/,[冰柚汉化组] [ストロングストリング (鶴賀)] 問1：風紀委員を緊縛プレイに誘う方法とは？(グリモア～私立グリモワール魔法学園～) [DL版],"貧乳, 百合",鶴賀,,中文,35,2026-01-14
JM1248179,https://18comic.vip/album/1248179/,[天使半机翻汉化] (C106) [白ママ教 (ell裏)] アイシエット (無職転生 ～異世界行ったら本気だす～),"C106, 巨乳, 貧乳, 百合, 豐滿",ell裏,,中文,43,2026-01-15
JM1248837,https://18comic.vip/album/1248837/,[Yunci个人汉化/极东组] (C103) [アルカロイド (いづみやおとは)] 恋と呼ぶには (機動戦士ガンダム 水星の魔女) [中国翻訳],"百合, 黑肉",いづみやおとは,,中文,19,2026-01-17
JM1247732,https://18comic.vip/album/1247732/,[百合控別進個人漢化] [至等途無能] 2人が孕むまで,"巨乳, 眼鏡",至等途無能,,中文,51,2026-01-14
JM1247572,https://18comic.vip/album/1247572/,(C107) [るがおハウス (るがお)] 実録 本当にあった コスプレ売り子オフパコレズバトル [DL版],"C107, 百合, 巨乳, 超乳, 自慰, 性玩具, 拍攝",るがお,,日文,27,2026-01-13
JM1248020,https://18comic.vip/album/1248020/,[船堀斉晃]女子大生調教日誌〜涼子〜1-11 [中国翻译],"阿黑顏, 肛交, 綁縛與調教, 雙性戀, 遮眼, 口交, 束縛, 顏射, 項圈, 灌腸, 露出, 拍攝, 塞口器, 手淫, NTR, 穿刺, 性玩具, 奴隸, 潮吹, 百合, 劇情向, 單行本",船堀斉晃,,中文,203,2026-01-14
JM1247581,https://18comic.vip/album/1247581/,【naitong】花火的列车旅行,"扶她, futa, 百合","naitong, 奈瞳",,,44,2026-01-13
JM1081523,https://18comic.vip/album/1081523/,我是戀愛中的少女 [攸望漢化組] [蒼樹めい] 俺は恋する女の子,"非H, 完結, 校園, 愛情, 性轉, 百合",蒼樹めい,,中文,272,2025-02-20
JM1247400,https://18comic.vip/album/1247400/,TS变身！与堕成女性的男友进行百合暧昧三重奏 [E站@Gentamicin个人汉化][まくら] TS変身でメス堕ちした彼氏と百合えっち三昧,"巨乳, 性轉, 親吻, 百合",まくら,,中文,28,2026-01-13
JM1247151,https://18comic.vip/album/1247151/,憋尿的时候被百合了 [冰柚汉化组] [[棚からマリアージュ (ちょいもず)] おしがましてたらレズられた[DL版],"百合, 漏尿, 失禁",ちょいもず,,中文,25,2026-01-12
JM1246527,https://18comic.vip/album/1246527/,ダスコミ Vol.40 [中国翻訳] [無修正] [DL版],"巨乳, 褲襪, 百合, 非百合",多作者,,中文,248,2026-01-10
JM1044057,https://18comic.vip/album/1044057/,無法向星星許願的戀情 [攸望漢化組] [紫のあ] この恋を星には願わない,"非H, 劇情向, 百合, 愛情, NTR, 渣女, 作者人渣, 粪作, 噁心",紫のあ,,中文,639,2024-12-27
JM1246553,https://18comic.vip/album/1246553/,[W]汉化作品合集,"怪物女孩, 百合, 足交, 扶他",W,,中文,363,2026-01-10
JM1246051,https://18comic.vip/album/1246051/,[巨乳星人個人漢化](C107)[玉田平準] 罪の根源2 [DL版],"C107, 劇情向, 百合, 肛交, 巨乳, 雙性戀, 舔陰, 超乳, 亂倫, 乳頭凹陷, 接吻, 中出, 連褲襪",玉田平準,,中文,31,2026-01-09
JM1246048,https://18comic.vip/album/1246048/,[甜族星人x我不看本子汉化] [ト!ヘーゲモニコン] 百合も歩けば棒に当たる! 5話 (COMIC 阿吽 2025年8月号) [DL版],"巨乳, 雙馬尾, 調教, 后宫",ト!ヘーゲモニコン,,中文,41,2026-01-09
JM1246084,https://18comic.vip/album/1246084/,[那智カラス (紙コーチ)] オナバレ上等？!フランちゃん!! (東方Project) [中国翻訳] [DL版],"貧乳, 百合",紙コーチ,,中文,18,2026-01-09
JM1246005,https://18comic.vip/album/1246005/,我们怎么可能制作同人志不行不行!! [提灯喵汉化组x碧蓝档案百合组] (C107) [てれたにあ (竹嶋えく)] わたしたちがわたなれ同人誌作れるわけないじゃん! ムリムリ!! (わたしが恋人になれるわけないじゃん、ムリムリ!(※ムリじゃなかった!?)) [中国翻訳],"C107, 非H, 百合",竹嶋えく,,中文,52,2026-01-08
JM1246004,https://18comic.vip/album/1246004/,继续那一天的后续、不行…? [提灯喵汉化组x碧蓝档案百合组] (C107) [jelly-archive (ゼリーマン)] あの日の続きなんて、ムリ…? (わたしが恋人になれるわけないじゃん、ムリムリ!(※ムリじゃなかった!?)) [中国翻訳],"C107, 非H, 百合, 校服",ゼリーマン,,中文,17,2026-01-08
JM1245996,https://18comic.vip/album/1245996/,[黎欧出资汉化] (C107) [きのこなべ避難所 (まいたけ)] 君に捧ぐ (原神) [中国翻訳],"C107, 非H, 劇情向, 百合",まいたけ,,中文,34,2026-01-08
JM1245987,https://18comic.vip/album/1245987/,(C107) [碧猫(みどり)] 私が一番先生に愛されているんですけど？？？？？ (ブルーアーカイブ) [DL版],"C107, 巨乳, 口交, 項圈, 後宮, 獸耳, 口交, 中出, 過膝襪, 透視",みどり,,日文,30,2026-01-08
JM1245830,https://18comic.vip/album/1245830/,天才×浣熊×狼[超勇漢化組X禁漫天堂](C107)[放課後青春騎士(プラム)]天才×アライグマ×オオカミ(崩壊スターレイル)[中国翻訳],"C107, 百合, 貧乳, 觸手, 束縛, 手淫, 中出, 禁漫書庫",プラム,,中文,31,2026-01-08
JM1245647,https://18comic.vip/album/1245647/,老师最爱的应该是我才对吧????? [欶澜汉化组] (C107) [碧猫(みどり)] 私が一番先生に愛されているんですけど？？？？？ [中国翻訳] [DL版],"C107, 巨乳, 口交, 項圈, 後宮, 獸耳, 口交, 中出, 過膝襪, 透視","碧猫, (みどり)",,中文,31,2026-01-08
JM1245665,https://18comic.vip/album/1245665/,最近 搭档的性欲太强让我相当困扰 [透明声彩汉化组] (C107) [帰宅時間 (きたく)] 最近 相棒の性欲が強すぎてめっちゃ困ってる (リコリス・リコイル),"C107, 百合",きたく,,中文,24,2026-01-08
JM1245749,https://18comic.vip/album/1245749/,[Metrobay Comix] Origins:What makes a hero,"劇情向, 大乳暈, 巨乳, 熟女, 催眠, 百合, 3D",MetrobayComix,,中文,144,2026-01-08
JM1245539,https://18comic.vip/album/1245539/,(C107) [ろーぷあいらんど (みやのゆき)] ボンボン and ショボッボボンボン (キミとアイドルプリキュア♪) [DL版],"C107, 百合, 校服, 魔法少女, 舔陰, 醉酒",みやのゆき,,日文,30,2026-01-07
JM1245534,https://18comic.vip/album/1245534/,(C107) [玉田平準] 罪の根源2 [DL版],"C107, 劇情向, 百合, 肛交, 巨乳, 雙性戀, 舔陰, 超乳, 亂倫, 乳頭凹陷, 接吻, 中出, 連褲襪",玉田平準,,日文,31,2026-01-07
JM1245669,https://18comic.vip/album/1245669/,[黎欧出资汉化] (C107) [Digital Flyer (大田優一)] 火星恋愛 (崩壊3rd),"C107, 巨乳, 百合, 崩壊3rd), 崩壊3rd",大田優一,,中文,18,2026-01-08
JM1245502,https://18comic.vip/album/1245502/,[Koiz (かかびえん)] 極・スカトロ撮影会 ~SorAzクッキング~ (ときのそら、AZKi) [日本語、英語、中国語] [DL版],"糞便, 喝尿, 排泄, 放尿, 百合",かかびえん,,中文,108,2026-01-07
JM1244966,https://18comic.vip/album/1244966/,[Dawn个人汉化] [のん] 本を借りたいがために、パチュリーにクリだけでイカされまくる魔理沙 (東方Project),"全彩, 巨乳, 百合",のん,,中文,12,2026-01-06
JM1245493,https://18comic.vip/album/1245493/,[RATKING機翻] [ブルームーンパブリッシング] リコリコエステサロン 快楽百合性感,"百合, AI繪圖",ブルームーンパブリッシング,,中文,29,2026-01-07
JM1244926,https://18comic.vip/album/1244926/,【颜千九】毕诺斯蒂家的宅邸,"AI繪圖, 扶他, 百合","naitong, 奈瞳",,中文,46,2026-01-06
JM1244925,https://18comic.vip/album/1244925/,【naitong】生物本能3,"AI繪圖, 百合, 触手, 乳交","naitong, 奈瞳",,中文,41,2026-01-06
JM1244923,https://18comic.vip/album/1244923/,【颜千九】魔法少女伊璃重制版,"AI繪圖, 扶他, 百合, 自慰","naitong, 奈瞳",,中文,70,2026-01-05
JM1244838,https://18comic.vip/album/1244838/,[bili@冰果粒不加冰/贴吧@落泪糯名草] [냥붑] 냥붑创作合集 其7 [中国翻訳],"全彩, 非H, AI繪圖",냥붑,,中文,28,2026-01-05
JM1244927,https://18comic.vip/album/1244927/,【颜千九】扶她，性爱和美少女圣诞特辑,"AI繪圖, 扶他, 百合, 口交","naitong, 奈瞳",,中文,29,2026-01-06
JM1244834,https://18comic.vip/album/1244834/,和辣妹璃奈cyan一起恋爱喜剧!! [猫岛汉化组] (僕らのラブライブ! 47) [八王子GALAXY VENUS (サンクス仮面)] ギャル璃奈ちゃんとラブコメしよ!! (ラブライブ! 虹ヶ咲学園スクールアイドル同好会) [中国翻訳],"非H, 百合",サンクス仮面,,中文,20,2026-01-05
JM1244800,https://18comic.vip/album/1244800/,魔王大人的期许之事 [角都九阳个人汉化] (C107) [ななししーつ (ななつし)] 魔王様ノネガイゴト (ステラソラ) [中国翻訳] [DL版],"C107, 百合",ななつし,,中文,25,2026-01-05
JM1244509,https://18comic.vip/album/1244509/,[川邑司] 花海咲季＆佑芽 (学園アイドルマスター) [中国翻訳],"巨乳, 百合",川邑司,,中文,8,2026-01-05
JM1244465,https://18comic.vip/album/1244465/,[菜鸡喵]雏田2恶欲之火[AI Generated],"恶堕, 附身, 融合, 皮物, 全彩, AI绘图, 巨乳, 百合",菜鸡喵,,中文,108,2026-01-04
JM1244505,https://18comic.vip/album/1244505/,[甜族星人x我不看本子汉化] [ト!ヘーゲモニコン] 百合も歩けば棒に当たる! 4話 (COMIC 阿吽 2025年6月号) [DL版],"巨乳, 雙馬尾, 調教, 后宫, 百合",ト!ヘーゲモニコン,,中文,39,2026-01-05
JM1244439,https://18comic.vip/album/1244439/,(C107)[京まじょ! (上村なびあ)] 交わる天使の双翼 (わたしが恋人になれるわけないじゃん、ムリムリ!(※ムリじゃなかった!?)) [DL版],"C107, 百合",上村なびあ,,日文,22,2026-01-04
JM1244437,https://18comic.vip/album/1244437/,(C107) [帰宅時間 (きたく)] 最近 相棒の性欲が強すぎてめっちゃ困ってる (リコリス・リコイル),"C107, 百合",きたく,,日文,22,2026-01-04
JM1244386,https://18comic.vip/album/1244386/,(C107)[みやび餅工房 (鴉白みやび)] 恋は戦争!えちえち店番作戦 (ゼンレスゾーンゼロ) [中国翻訳] [DL版],"C107, 巨乳, 百合",鴉白みやび,,中文,28,2026-01-04
JM1244728,https://18comic.vip/album/1244728/,[Hinotama Firearms (火ノ弾ハル)] JDカップルと犬の生活,"全彩, 綁縛與調教, 巨乳, 緊身衣, 束縛, 塞口器, 乳膠衣, 鼻鉤, 性玩具, 百合",火ノ弾ハル,,中文,27,2026-01-05
JM1243996,https://18comic.vip/album/1243996/,[奈瞳] 扶她，性爱和美少女6,"百合, 扶他, 乳交, 口交, AI繪圖","naitong, 奈瞳",,中文,32,2026-01-03
JM1243989,https://18comic.vip/album/1243989/,(C107)[じこまんぞく (秋月伊槻)] 催眠系オムニバス-hypnostasy- vol.2 [DL版],"C107, 百合, 催眠",秋月伊槻,,日文,26,2026-01-03
JM1243991,https://18comic.vip/album/1243991/,药屋猫猫也想过点洋气节日(药师少女的呢喃),"圣诞节, 黑人, 巨根, 百合, AI",N/A,,,22,2026-01-03
JM1243578,https://18comic.vip/album/1243578/,(C107) [あわ工房(あすふぁると)] しめて、濡らして、薄紅色 (オンゲキ),"C107, 馬尾, 百合",あすふぁると,,日文,20,2026-01-02
JM1243640,https://18comic.vip/album/1243640/,(C107)[EDGE WORTH (ぞくさん)] アイドル乱交百合キュア (キミとアイドルプリキュア♪) [DL版],"C107, 百合, 群交",ぞくさん,,,26,2026-01-02
JM1243451,https://18comic.vip/album/1243451/,(C107) [りーりうむ (アイガ)] SUGAR HEAT (ブルーアーカイブ) [DL版],"C107, 獸耳, 百合",アイガ,,日文,27,2026-01-02
JM1243450,https://18comic.vip/album/1243450/,(C107) [りーりうむ (アイガ)] 正義は絶対に負けない (ブルーアーカイブ) [DL版],"C107, 獸耳, 百合",アイガ,,日文,17,2026-01-02
JM1243415,https://18comic.vip/album/1243415/,[FKTP] 秘密守護 無碼,"舔足, 校服, 過膝襪, 百合, 3D",FKTP,,中文,80,2026-01-02
JM1243408,https://18comic.vip/album/1243408/,[kaba] 篡窃1【皮物】,"妖精, 皮物, 百合, 3D",kaba,,中文,99,2026-01-02
JM1243404,https://18comic.vip/album/1243404/,(C107)[味市 (アジイチ)] グループでいちばん関係性がうすかったふたり 2 [DL版],"C107, 百合",アジイチ,,日文,27,2026-01-02
JM595238,https://18comic.vip/album/595238/,[春雨] 森のえっちな植物さん ([アンソロジー] 二次元コミックマガジン 異種姦百合えっち Vol. 1) [中国翻訳],"怪物女孩, 植物娘, 百合",多作者,,中文,22,2024-07-05
JM1243483,https://18comic.vip/album/1243483/,(C107) [春待氷柱 (名宵)] やればできること [DL版],"C107, 百合",名宵,,日文,22,2026-01-02
JM1243109,https://18comic.vip/album/1243109/,[奈瞳] 扶她，性爱和美少女6,"全彩, 巨乳, 百合, 扶他, 乳交, 口交, AI繪圖","naitong, 奈瞳",,中文,32,2026-01-01
JM1242984,https://18comic.vip/album/1242984/,[甜族星人x我不看本子汉化] [Digital] [ト!ヘーゲモニコン] 百合も歩けば棒に当たる! 3話 (COMIC 阿吽 2025年2月号) [中国翻訳] [DL版],"雙馬尾, 調教, 不是百合！",ト!ヘーゲモニコン,,中文,51,2026-01-01
JM1242945,https://18comic.vip/album/1242945/,(C107)[角都九阳个人汉化] [Digital] [Full health (鮮度)] サボタージュマルチプレイ2 (アークナイツ) [中国翻訳] [DL版],"巨乳, 獸耳, 魔物女孩, 百合",鮮度,,中文,23,2026-01-01
JM1242645,https://18comic.vip/album/1242645/,[DM {}] 拉比的噩梦,"百合, 3D","DM, {}",,中文,144,2025-12-31
JM1242702,https://18comic.vip/album/1242702/,【提黄灯喵汉化组】[京まじょ！(上村なびあ)]交わる天使の双翼,"C107, 接吻, 百合",上村なびあ,,中文,21,2025-12-31
JM1242627,https://18comic.vip/album/1242627/,[Tira] Sister skin!,"巨乳, 扶他, 中出, 馬尾, 皮物, 百合, 3D",Tira,,中文,13,2025-12-31
JM1242642,https://18comic.vip/album/1242642/,(C107) [熟成角砂糖] スーパーユカリトーナメントなんてなかった (ポケットモンスター),"C107, 巨乳, 黑肉, 女僕, 百合, 非百合",熟成角砂糖,,日文,22,2025-12-31
JM1243114,https://18comic.vip/album/1243114/,[提灯黄喵汉化组] [姶蜜] みだらな森のおとぎ話 (二次元コミックマガジン 異種姦百合えっち Vol.1),"巨乳, 妖精, 雙馬尾, 百合",姶蜜,,中文,23,2026-01-01
JM1242604,https://18comic.vip/album/1242604/,(C107) [Full health (鮮度)] サボタージュマルチプレイ2 (アークナイツ) [DL版],"C107, 獸耳, 百合, 扶她",鮮度,,日文,23,2025-12-31
JM1242617,https://18comic.vip/album/1242617/,(C107) [モマ二郎マシマシ (モマ二郎)] 似た者同士の成れの果て (ブルーアーカイブ) [DL版],"C107, 百合",モマ二郎,,日文,29,2025-12-31
JM1242594,https://18comic.vip/album/1242594/,(C105) [VOLUTES (玄鉄絢)] ひみつがいっぱい (ひみつのアイプリ) (AI漢化),"舔陰, 接吻, 百合",玄鉄絢,,中文,26,2025-12-31
JM1242591,https://18comic.vip/album/1242591/,[LC整合汉化组] [LUXsumildo] 电锯人：蕾塞调教篇,"CG集, 束縛, 項圈, 接吻, 假陽具, 百合, 触手, 无修正",LUXsumildo,,中文,17,2025-12-31
JM1242388,https://18comic.vip/album/1242388/,[みちのくランチ (みちのく)] 百伽稜乱 (ブルーアーカイブ) [DL版],"C107, 百合",みちのく,,日文,22,2025-12-30
JM1242959,https://18comic.vip/album/1242959/,(C77) [PLUM (かん奈)] Luminous Mushrooms (東方Project) [中国翻訳],百合,かん奈,,中文,20,2026-01-01
JM1242265,https://18comic.vip/album/1242265/,[RATKING機翻] (C103) [ぐつとま (タチ)] グリーンハウスノスタルジア (機動戦士ガンダム 水星の魔女) [中国翻訳],"C103, 百合",タチ,,中文,32,2025-12-30
JM1242263,https://18comic.vip/album/1242263/,[DM {}] 幽闭,"魔法少女, 百合, 3D","DM, {}",,中文,157,2025-12-30
JM1241348,https://18comic.vip/album/1241348/,[ろーぷあいらんど (みやのゆき)] キラッキランランをとりもどせ！ (キミとアイドルプリキュア♪) [DL版] [AI漢化],"群交, 百合",みやのゆき,,中文,32,2025-12-26
JM1241569,https://18comic.vip/album/1241569/,(C79) [幸撃 (大月渉)] にーたすななはバカップル (東方Project) [中国翻訳],"C79, 性玩具, 百合",大月渉,,中文,29,2025-12-27
JM1241330,https://18comic.vip/album/1241330/,【蛛形纲ARAchnid】【战姬们的战斗记录】#圣诞特别篇,"阿黑顏, 緊身衣, 束縛, 女巨人, 高跟鞋, 性玩具, 潮吹, 百合, 3D",蛛形纲ARAchnid,,中文,8,2025-12-26
JM1243461,https://18comic.vip/album/1243461/,(C107) [もちもちとうふ (加藤おはぎ)] ホシヒナがぬるぬるローション風呂でぬるぬる乳首えっちする本 (ブルーアーカイブ) [DL版],"C107, 貧乳, 百合",加藤おはぎ,,日文,24,2026-01-02
JM1241196,https://18comic.vip/album/1241196/,你和我的甜蜜时光2 [今泉紅太狼] [烦悩创作 (烦)] 贵女と私の甘いひととき2 [DL版],"巨乳, 百合",烦,,中文,36,2025-12-26
JM1241237,https://18comic.vip/album/1241237/,[ブラクラ堂 (タケシス)] 夏の雨 [DL版] [中国翻訳],"巨乳, 百合",タケシス,,中文,22,2025-12-26
JM1241575,https://18comic.vip/album/1241575/,非礼勿视 非礼勿听 非礼勿泄 [明稿昨拖漢化組] 白玉アクエリア (白義)] 見ざる聞かざるイかざる (東方project) [中国翻訳] [DL版],"接吻, 百合",白義,,中文,22,2025-12-27
JM1241206,https://18comic.vip/album/1241206/,(例大祭8) [藤色茶房 (藤伊洵)] Re：play (東方Project) [中国翻訳],"巨乳, 百合",藤伊洵,,中文,35,2025-12-26
JM1240966,https://18comic.vip/album/1240966/,[慈堂莉桜奈] シスターコネクタ [中国翻訳] [DL版],"校服, 百合, 骨科, 共感, 双胞胎",慈堂莉桜奈,,中文,40,2025-12-25
JM1241010,https://18comic.vip/album/1241010/,(C105) [ふわふわパレット (HIRO)] 花帆におまかせ (ラブライブ! 蓮ノ空女学院スクールアイドルクラブ) [中国翻訳],"百合, 扶他",HIRO,,中文,28,2025-12-25
JM1240967,https://18comic.vip/album/1240967/,[みみ屋] [くりぃむぱん] 大好き!百合 [中国翻訳],"校服, 百合",くりぃむぱん,,中文,30,2025-12-25
JM1240965,https://18comic.vip/album/1240965/,[みみ屋] [Digital] [かたゆでたまご (ハードボイルドよし子)] 逢い見て後の... [中国翻訳] [DL版],"馬尾, 校服, 百合",ハードボイルドよし子,,中文,37,2025-12-25
JM1239720,https://18comic.vip/album/1239720/,[人匠Artisan] 送给超级芹菜的礼物,"舔陰, 舔足, 接吻, 戀屍, 過膝襪, 百合, 3D",人匠Artisan,,中文,38,2025-12-22
JM1240701,https://18comic.vip/album/1240701/,[纯纯的个人翻译] [popiiporo] Ruby/Winter NTR Weiss,"束縛, 第一人稱, 吊帶襪, NTR, 過膝襪, 交換伴侶, 百合, 美漫, cg",popiiporo,,中文,14,2025-12-24
JM1239609,https://18comic.vip/album/1239609/,把心放在她的身边 [煩悩創作 (煩)] 心は貴女の隣に [中国翻訳],"巨乳, 校服, 百合",煩,,中文,59,2025-12-22
JM1239611,https://18comic.vip/album/1239611/,莲子和梅莉从早上开始只是在做爱的本子 [24K同人汉化] [有限産業すきま風 (探検はらはら)] 蓮子とメリーが朝からセックスするだけの本 (東方Project) [DL版],"巨乳, 百合",探検はらはら,,中文,42,2025-12-22
JM1240738,https://18comic.vip/album/1240738/,(luohan)劈叉笑传之踹踹鲍&吃吃便,"食粪, R18G, 拘束, 百合",luohan,,,37,2025-12-24
JM1239372,https://18comic.vip/album/1239372/,[ゆりりさいくらー (里彩)] エンゼルクリームよ．り．も？ (ヘブンバーンズレッド) [中国語] [DL版],"百合, 眼鏡",里彩,,中文,29,2025-12-21
JM1239695,https://18comic.vip/album/1239695/,[禁漫漢化組](C106)[ふりかけプレイス(ほたナヌ)]ドラッグパピヨンー葛前政♀について01-[中国翻訳],"C106, 巨乳, 百合, 阿黑顏, 手淫, 肛交, 性玩具, 乳汁, 野外露出, 禁漫書庫",ほたナヌ,,中文,59,2025-12-22
JM1239703,https://18comic.vip/album/1239703/,垃姬兔个人汉化] [Cyber F] DS脳は少女の夢を見るか[中国翻訳],"身體改造, 束縛, 玩偶, 電擊, 機械姦, 機器人, 性玩具, 假陽具, 酷刑, 百合, 全彩",CyberF,,中文,73,2025-12-22
JM1239370,https://18comic.vip/album/1239370/,[7メンzippo (かみしまあきら)] ノンケ女、レズビアン人妻にNTRます。3[中国翻译],"巨乳, 百合, NTR",かみしまあきら,,中文,53,2025-12-21
JM1241222,https://18comic.vip/album/1241222/,[明日方舟百合同人H·LC整合汉化组] [ゆのみ] 被黍妹玩弄蜜穴的娇羞杂鱼令姐~,"巨乳, 百合",ゆのみ,,中文,21,2025-12-26
JM1239369,https://18comic.vip/album/1239369/,[7メンzippo ()] この度、婚約者の秘書になりました。4[中国翻译],"百合, 褲襪",かみしまあきら,,中文,71,2025-12-21
JM1239138,https://18comic.vip/album/1239138/,[幻想手札 (天堂樹)] 讓我好好地滿足你啊笨蛋 (機動戦士ガンダム 水星の魔女) [中国語] [DL版],"百合, 黑肉",天堂樹,,中文,37,2025-12-20
JM1238936,https://18comic.vip/album/1238936/,爱妳的邻居,"韓漫, 百合, 連載中, 年齡差, 同居, 日常, 現代, 鄰居, 溫柔攻, 純情攻, 年下攻, 面癱受, 創傷受, 年上受",Willow,,中文,2897,2025-12-19
JM1239139,https://18comic.vip/album/1239139/,[西宿舍洗衣間 (Tonton)] 很明顯吧(機動戦士ガンダム 水星の魔女) [中国語] [DL版],"百合, 黑肉",Tonton,,中文,27,2025-12-20
JM1238697,https://18comic.vip/album/1238697/,[Hik] 个人汉化合集,"阿黑顏, 肛交, 巨尻, 巨乳, 遮眼, 兔女郎, 項圈, 女惡魔, 拳交, 扶他, 眼鏡, 怪物女孩, 超乳, 獸耳, 手淫, 鼠娘, 中出, 乳交, 連褲襪, 校服, 性玩具, 皮物, 胃部突起, 教師, 百合","Hik, Hikart48",,中文,72,2025-12-18
JM1238373,https://18comic.vip/album/1238373/,从我致你 [24K同人汉化] (例大祭16) [Drink it! (オード)] 私からあなたへ (東方Project),百合,オード,,中文,23,2025-12-17
JM1238328,https://18comic.vip/album/1238328/,百合自缚行09-12,"巨乳, 3D",N/A,,中文,136,2025-12-17
JM1238329,https://18comic.vip/album/1238329/,百合自缚行13-16,"巨乳, 3D",N/A,,中文,217,2025-12-17
JM1238693,https://18comic.vip/album/1238693/,[点动成线君汉化] (C94) [むしやき!! (上林眞)] 沼津北口～大人編～ (恋色AQUAMARINE) (ラブライブ! サンシャイン!!) [中国翻訳],"C94, 非H, 校服, 百合",上林眞,,中文,16,2025-12-18
JM1238076,https://18comic.vip/album/1238076/,[Hik (Hikart48)] Yanagi For A Day,"肛交, 巨乳, 拳交, 扶他, 眼鏡, 獸耳, 接吻, 鼠娘, 皮物, 胃部突起, 百合",Hikart48,,中文,10,2025-12-16
JM1237784,https://18comic.vip/album/1237784/,[ranxianzi] 百合姐妹花的调教日记,"遮眼, 束縛, 塞口器, 校服, 性玩具, 百合, 3D",ranxianzi,,中文,467,2025-12-15
JM1238327,https://18comic.vip/album/1238327/,百合自缚行05-08,"巨乳, 3D",N/A,,中文,159,2025-12-17
JM1237515,https://18comic.vip/album/1237515/,[くこいや (くこい)] ホタルの香り (崩壊:スターレイル) [中国翻訳] [DL版],"百合, 褲襪",くこい,,中文,26,2025-12-14
JM1237726,https://18comic.vip/album/1237726/,[森山塔] ペギミンH,"獸交, 束縛, 眼鏡, 馬尾, 附身, 校服, 過膝襪, 教師, 百合, 劇情向, 單行本",森山塔,,日文,174,2025-12-15
JM1237278,https://18comic.vip/album/1237278/,[裏路地ティクス (ぬぬメメ)] 黒百合の渇望 ~淫臭と蒸湿に苦悶せし退魔師 [中国翻訳],"調教, 百合, 束缚, 嗅气味",ぬぬメメ,,中文,32,2025-12-13
JM1237249,https://18comic.vip/album/1237249/,(C106)[team負け男(コヤマハルタロウ)]ヨウコが風邪をひいた夜(ガールズ&パンツァー),"C106, 扶他, 巨乳, 大乳暈, 口交, 舔陰, 中出, 禁漫書庫",コヤマハルタロウ,,中文,33,2025-12-13
JM1237150,https://18comic.vip/album/1237150/,[Z酱个汉版] [ZART (不確定)] お兄様の初めてを佳樹がこっそりいただきます。ゴンちゃんと。 (負けヒロインが多すぎる!) [中国翻訳],"校服, 口交, 百合, 乱伦, 中出, 睡姦, 兄妹",不確定,,中文,63,2025-12-13
JM1237035,https://18comic.vip/album/1237035/,格鬥遊戲的小姐姐[禁漫漢化組](C106)[POWERPLAY(よろず)]格ゲーのおねーさん[中国翻訳],"C106, 巨乳, 黑絲, 群交, 女忍者, 制服, 修女, 野外露出, 肛交, 獸耳, 大乳暈, 束縛, 凌辱, 舔陰, 中出, 禁漫書庫",よろず,,中文,173,2025-12-12
JM1237032,https://18comic.vip/album/1237032/,[mg_cls/白] ONE PIECE-DoflamingoxCrocodile yuri/shota by,"性轉, 百合",mg_cls/白,,中文,39,2025-12-12
JM1237277,https://18comic.vip/album/1237277/,[BLUE氪个人翻译] [Digital] [館山けーた] 百合フェチLIFE 第16話 (コミック エグゼ 64) [中国翻訳] [DL版],"巨乳, 百合",館山けーた,,中文,20,2025-12-13
JM1236917,https://18comic.vip/album/1236917/,[ト!ヘーゲモニコン] 百合も歩けば棒に当たる! 2話 (COMIC 阿吽 2024年12月号) [甜族星人x我不看本子汉化] [DL版],"巨乳, 校服, 百合",ト!ヘーゲモニコン,,中文,43,2025-12-12
JM1236909,https://18comic.vip/album/1236909/,百合园圣娅的休息日记 [碧蓝档案同人组] (C106) [バクラヴァ (RENFUU)] 百合園セイアの休息日記 | 百合园圣娅的休息日记 (Blue Archive) [Chinese],"非H, 劇情向",RENFUU,,中文,22,2025-12-11
JM1236514,https://18comic.vip/album/1236514/,[茶与金平糖汉化组] [星幻工房 (らんかせい)] さすがにこれは友達同士でも普通じゃない。 (東方Project),"貧乳, 百合",らんかせい,,中文,37,2025-12-10
JM1236582,https://18comic.vip/album/1236582/,[EnderAnswer] 绳之以法,"CG集, 束縛, 百合",EnderAnswer,,中文,8,2025-12-10
JM1236402,https://18comic.vip/album/1236402/,[Memorial_E] Adventure of an Armed JK. Ep.17,"舔陰, 熟女, 戀屍, 連褲襪, 虐殺, 百合, 3D",Memorial_E,,中文,194,2025-12-09
JM1236148,https://18comic.vip/album/1236148/,[nga] 于遗迹中获得新生 1-2,"束縛, 墮落, 女惡魔, 舔足, 塞口器, 怪物女孩, 獸耳, 戴面具, 性玩具, 奴隸, 百合, 3D",nga,,中文,96,2025-12-08
JM1236147,https://18comic.vip/album/1236147/,[jst1782] 黑翼警奴在城郊,"巨乳, 束縛, 百合, 3D, 洗脑",jst1782,,中文,60,2025-12-08
JM1236101,https://18comic.vip/album/1236101/,[哥伦比娅x桑多涅]木偶奇遇记（鹿铃）[无修正],"全彩, 无修正, 百合, 潮吹, 性玩具",鹿铃,,中文,38,2025-12-08
JM1235998,https://18comic.vip/album/1235998/,[雪糕少女汉化组] [えすぱすポスト (ぱすぴ)] 悪霊に取り憑かれたエルがリリィをいじめる話 [中国翻訳],"巨乳, 百合",ぱすぴ,,中文,28,2025-12-07
JM1235665,https://18comic.vip/album/1235665/,[SanPhidro San P.dro] アリス x 柚葉(ゼンレスゾーンゼロ) (Zenless Zone Zero)[中国翻訳],"百合, 巨乳","SanPhidro, San, P.dro",,中文,10,2025-12-06
JM1235780,https://18comic.vip/album/1235780/,【naitong】甜蜜堕落,"扶他, futa, 百合, 触手, 足交","naitong, 奈瞳",,,26,2025-12-06
JM1235327,https://18comic.vip/album/1235327/,[うずら土瓶] フ◯ポル寝込み (不知火フレア、尾丸ポルカ) [中国翻訳],"巨乳, 黑肉, 妖精, 百合",うずら土瓶,,中文,11,2025-12-04
JM1235581,https://18comic.vip/album/1235581/,[禁漫漢化組](C106)[ふらわーくらっせ(よなかあお)]Secret Garden 成人向け本まとめ(ぼっち・ざ・ろっく!)[中国翻訳],"C106, 扶他, 貧乳, 口交, 舔陰, 中出, 百合, 禁漫書庫",よなかあお,,中文,147,2025-12-06
JM1235448,https://18comic.vip/album/1235448/,[松任知基] エクスタシー・ボマー[DL版],"肛交, 股交, 巨乳, 口交, 緊身衣, 貓女, 妖精, 扶他, 吊帶襪, 女巨人, 眼鏡, 女僕, 護士, 乳交, 過膝襪, 轉化, 百合, 群交, 單行本",松任知基,,日文,163,2025-12-05
JM1235282,https://18comic.vip/album/1235282/,尾曲,"韓漫, 百合, 完結","연골, Yeongol",,中文,341,2025-12-04
JM1235209,https://18comic.vip/album/1235209/,[瓜虫个人] [Logart] comic pages,"阿黑顏, 巨乳, 女惡魔, 怪物女孩, 乳膠衣, 護士, 人妖, 百合, AI繪圖, 無修正, 全彩",Logart,,中文,41,2025-12-04
JM1235152,https://18comic.vip/album/1235152/,[甜族星人x我不看本子汉化] [ト!ヘーゲモニコン] 百合も歩けば棒に当たる! (COMIC 阿吽 2025年6月号)[DL版],"巨乳, 校服, 百合",ト!ヘーゲモニコン,,中文,53,2025-12-04
JM1235125,https://18comic.vip/album/1235125/,唇齿相触 是何味道? [碧蓝档案百合组] (C103) [ぷらねたりうむ (涼海来夏)] キスの味はどんな味? (ブルーアーカイブ) [中国翻訳],"C103, 非H, 百合, 接吻",涼海来夏,,中文,37,2025-12-03
JM1235128,https://18comic.vip/album/1235128/,断章:失落·代码·格黑娜 [碧蓝档案同人组] (C106) [柱状節理 (碧砂ロク)] 断章:ロスト・コード・ゲヘナ (Blue Archive) [中国翻訳],"C106, 非H, 百合",碧砂ロク,,中文,34,2025-12-03
JM1235028,https://18comic.vip/album/1235028/,(luohan)刑場に遊びに行こう~,"百合, 羞辱, 束縛",luohan,,,15,2025-12-03
JM1234930,https://18comic.vip/album/1234930/,有一點色色的女僕的日常~性的啓蒙~ [沒有漢化] [エコギ] ちょっとエッチなメイドの日々～性の目覚め～,"巨乳, 女僕, 百合, 扶他",エコギ,,中文,54,2025-12-03
JM1235134,https://18comic.vip/album/1235134/,[贱兔]穿越成女博后被扶她包围了？2 序章&库兰塔篇[AI Generated],"巨乳, 扶他, 百合, AI繪圖",贱兔,,中文,71,2025-12-04
JM1234985,https://18comic.vip/album/1234985/,爱情回收战,"韓漫, 百合, 完結",Hyuk,,中文,171,2025-12-03
JM1234726,https://18comic.vip/album/1234726/,[聖にゃんこ学園 (こずえあかり)] 密約～Secret Wedding～ (戦国乙女) [Script7810],"巨乳, 和服, 百合, 親吻",こずえあかり,,中文,53,2025-12-02
JM1233864,https://18comic.vip/album/1233864/,momo个人汉化] [世羅吉。] 義妹に寝取られる【電子特装版】特典,"大乳暈, 巨乳, 大乳頭, 女性支配, 多毛, 接吻, 熟女, 潮吹, 百合",世羅吉。,,中文,8,2025-12-01
JM1234463,https://18comic.vip/album/1234463/,琉璃花,"韓漫, 完結, 百合","Jusang, Pot, Aktiv",,中文,1934,2025-12-02
JM1233776,https://18comic.vip/album/1233776/,[菜鸡喵]异世修仙传2欲云堕仙录[AI Generated],"全彩, 巨乳, 融合, 附身, AI绘图, 洗脑, 恶堕, 乳房膨胀, 自慰, 百合, 无修正",菜鸡喵,,,95,2025-11-30
JM1233863,https://18comic.vip/album/1233863/,[momo个人汉化] [世羅吉。] 母親堕とし特別編塩田あこの日常,"阿黑顏, 肛交, 綁縛與調教, 大乳暈, 巨乳, 大乳頭, 女性支配, 眼鏡, 熟女, 潮吹, 教師, 百合",世羅吉。,,中文,16,2025-12-01
JM1232903,https://18comic.vip/album/1232903/,诺诺和扶她塞西娅卿卿我我的色情本 (C106)[えあと工房(えあとかいり)]ノーノとふたなりセシアがらぶらぶえっちする本(機,"C106, 巨乳, 扶他, 接吻, 中出, 百合",えあとかいり,,中文,25,2025-11-27
JM1232910,https://18comic.vip/album/1232910/,[Reverse:1999] 37的正确解法［The Correct way to do 37］重返未来1999,"舔陰, 接吻, 百合, AI繪圖",Reverse:1999,,中文,46,2025-11-27
JM1232519,https://18comic.vip/album/1232519/,【颜千九】星漫游记-六色涟漪,"ai绘画, 扶他, 百合, 足交, 乳交, 口交","naitong, 奈瞳",,中文,72,2025-11-25
JM1232835,https://18comic.vip/album/1232835/,[禁漫漢化組](C106)[ぐつとま(タチ)]あまやかしがえし(学園アイドルマスター)[中国翻訳],"C106, 百合, 制服, 巨乳, 舔陰, 禁漫書庫",タチ,,中文,25,2025-11-27
JM1231385,https://18comic.vip/album/1231385/,[天乃一水] 理性トバすガチ拡張 [中国翻訳] [DL版],"巨乳, 校服, 百合, 肛交, 單行本, 拳交, 重口味",天乃一水,,中文,203,2025-11-21
JM1231392,https://18comic.vip/album/1231392/,女社长、买下废弃学校后开设风俗店。 [Dokiki漢化社][みら] 女社長、廃校買ってイメクラ作る,"巨乳, 百合, 校服",みら,,中文,37,2025-11-21
JM1232518,https://18comic.vip/album/1232518/,【颜千九】扶她，性爱和美少女4,"ai绘画, 扶他, 百合","naitong, 奈瞳",,中文,21,2025-11-25
JM1231377,https://18comic.vip/album/1231377/,[竿乙女学園広報部 (ふれしか)] ふたなりギャルに騙されちゃう無自覚強ちんぽ陰キャちゃん [中国翻訳],"扶他, 百合",ふれしか,,中文,45,2025-11-21
JM1231119,https://18comic.vip/album/1231119/,[ももまろ] 橘さん家ノ復讐NTR事情 総集編 (橘さん家の男性事情) [AI生成],"全彩, NTR, 阿黑顏, 巨乳, 口交, 露出, 拍攝, 眼鏡, 後宮, 超乳, 中出, 手淫, 熟女, 懷孕, 強暴, 百合, 群交, AI繪圖",ももまろ,,日文,175,2025-11-20
JM1231923,https://18comic.vip/album/1231923/,(C76) [沙悟荘 (瀬浦沙悟)] どろり濃厚モモかじゅう。 (咲-Saki-) [中国翻訳],"巨乳, 凌辱, 百合, 扶他",瀬浦沙悟,,中文,12,2025-11-22
JM1230628,https://18comic.vip/album/1230628/,[Komachan] 蕾米莉亚酱の秘密-特殊性癖-被发现了❤ (Pixiv) [AI Generated],"AI繪圖, 百合",Komachan,,中文,46,2025-11-19
JM1230404,https://18comic.vip/album/1230404/,[FANBOX][小山内しいな] 翻译合订本,"全彩, 扶他, 中出, 強暴, 過膝襪, 百合",小山内しいな,,中文,30,2025-11-18
JM1230347,https://18comic.vip/album/1230347/,[禁漫漢化組](C106)[xyomouse(雁)]下空少女 クトゥルフの深淵[中国翻訳],"C106, 全彩, 貧乳, 百合, 觸手, 異種姦, 阿黑顏, 禁漫書庫",雁,,中文,27,2025-11-18
JM1230382,https://18comic.vip/album/1230382/,我可没听说要做什么触手按摩啊! [白杨汉化组] [お化けの林檎屋さん (幽林檎)] 触手マッサージなんて聞いてない！[中国翻訳],"泳裝, 貧乳, 觸手, 百合",幽林檎,,中文,39,2025-11-18
JM1230719,https://18comic.vip/album/1230719/,(C106) [ぷるぷる卵豆腐 (わたげもどき)] すいーと・さまー・めもりーず (ラブライブ! 蓮ノ空女学院スクールアイドルクラブ) [中国翻訳],"C106, 百合, 親吻",わたげもどき,,中文,27,2025-11-20
JM1229750,https://18comic.vip/album/1229750/,[アンソロジー] 二次元コミックマガジン 悪堕ち少女にあこがれて! Vol.1[中国翻訳],"墮落, 女惡魔, 觸手, 百合",アンソロジー,,中文,69,2025-11-14
JM1046112,https://18comic.vip/album/1046112/,杏色朦朧 [綠茶漢化組] [なぎと] アプリコットファズ,"非H, 百合, 懸疑",なぎと,,中文,305,2024-12-30
JM1230135,https://18comic.vip/album/1230135/,[廉价汉化组] [be6efun]百合ブレイク・バンドリ（丸山彩ちゃん・白鷺 千聖ちゃん）,"巨乳, 阿黑顏, CG集, 过膝袜, 手套",be6efun,,中文,12,2025-11-17
JM1229748,https://18comic.vip/album/1229748/,恋情/本能的反平衡 [含羞紫罗兰个人汉化] [Thrylos (すう)] 恋情/本能アンチバランス (BanG Dream!),"接吻, 手淫, 百合",すう,,中文,17,2025-11-14
JM1229442,https://18comic.vip/album/1229442/,[TSF CAFE (TY)] 淫魔の鎖,"巨乳, 墮落, 女惡魔, 接吻, 吸血鬼, 百合, 性转, 性转换, 魅魔",TY,,中文,36,2025-11-12
JM1229585,https://18comic.vip/album/1229585/,[hz个人翻译] [まくら] 秘湯女体化温泉[中国翻訳],"巨乳, 雙性戀, 手淫, 潮吹, 百合, 性转, 变百",まくら,,中文,25,2025-11-13
JM1229658,https://18comic.vip/album/1229658/,[momo个人汉化] [Serakichi.] ドM女教師、桜桃に堕ちる,"巨乳, 眼鏡, 豐滿, 性玩具, 百合","Serakichi, 世罗吉。",,中文,20,2025-11-14
JM1229298,https://18comic.vip/album/1229298/,[냥붑] 夏萊的空調坏了 [chinese],"全彩, 貧乳, 巨乳, 巨尻, 獸耳, 連褲襪, AI繪圖",냥붑,,中文,12,2025-11-11
JM1229318,https://18comic.vip/album/1229318/,[柊ぽぷら] 居残り生物室 (憑依、お好きですか？- 支援サイトバックナンバー集 -) [中国翻訳],"全彩, 百合, 校服, 舔陰, 接吻, 手淫, 附身",柊ぽぷら,,中文,20,2025-11-11
JM1229294,https://18comic.vip/album/1229294/,甜蜜蜜百合涩涩短篇集 [羊胃汉化组] [煩悩創作 (煩)] あまあま百合えっち短編集 [中国翻訳],"百合, 吸奶, 貓女, 項圈, 舔陰, 女惡魔, 顏面騎乘, 眼鏡, 怪物女孩, 獸耳, 接吻, 手淫, 校服, 性玩具",煩,,中文,86,2025-11-11
JM1229274,https://18comic.vip/album/1229274/,[随风个人汉化] [クリムゾン] Crimson comic 退魔士カグヤ極8C-是万道篇后续,"巨乳, 束縛, 百合",クリムゾン,,中文,69,2025-11-11
JM1229260,https://18comic.vip/album/1229260/,[hz个人翻译] [RudySaki] Where the Time Parts Us,"巨乳, 新娘, 舔陰, 妖精, 接吻, 出汗, 雙馬尾, 百合, 全彩, 纯爱",RudySaki,,中文,17,2025-11-11
JM1229115,https://18comic.vip/album/1229115/,【颜千九】扶她，性爱和美少女2,"AI繪圖, 百合, 扶他, 足交","naitong, 奈瞳",,中文,34,2025-11-10
JM1228946,https://18comic.vip/album/1228946/,[momo个人汉化] [世羅吉。] 暴かれて,"阿黑顏, 大乳暈, 巨尻, 巨乳, 出軌, 亂倫, 熟女, 人妻, 潮吹, 過膝襪, 百合",世羅吉。,,中文,24,2025-11-10
JM1228929,https://18comic.vip/album/1228929/,[猫岛汉化组] (C106) [畑を耕すだけ (よろず)] First Love (ぼっち・ざ・ろっく!) [中国翻訳],"C106, 巨乳, 百合",よろず,,中文,128,2025-11-10
JM1229116,https://18comic.vip/album/1229116/,【颜千九】翁法罗斯扶她纪,"AI繪圖, 百合, 扶他, 足交, 乳交","naitong, 奈瞳",,中文,61,2025-11-10
JM1228645,https://18comic.vip/album/1228645/,魔女岛爱情故事-忠犬艾玛[AI生成],"AI绘图, 扶他, 扶他, 百合, 纯爱, 兽耳",raolong,,中文,98,2025-11-08
JM1228747,https://18comic.vip/album/1228747/,[BLUE氪个人翻译] [Digital] [館山けーた] 百合フェチLIFE 第15話 (コミック エグゼ 63) [中国翻訳] [DL版],"巨乳, 百合",館山けーた,,中文,18,2025-11-09
JM1228588,https://18comic.vip/album/1228588/,[奢侈的彩凤个人汉化] [小夜百合箱 (小夜百合)] 魔法少女悪蝕1.5～連鎖ふたなり百合淫獄～ [中国翻译],"巨乳, 扶他",小夜百合,,中文,78,2025-11-08
JM1228291,https://18comic.vip/album/1228291/,[RATKING機翻] [くるぶし (ゅ)] 君の季節 (リコリス・リコイル) [中国翻訳] [DL版],"校服, 百合",ゅ,,中文,22,2025-11-06
JM1228462,https://18comic.vip/album/1228462/,灵感枯竭的小说家和技术高超的触手。[Bad Touch汉化] [アドレセンス丸]ネタ切れ小説家と凄腕触手。[中国翻訳],"肛交, 舔陰, 觸手, 百合, 劇情向",アドレセンス丸,,中文,88,2025-11-07
JM1227863,https://18comic.vip/album/1227863/,[ExHeX] VORE!温泉、生日与她,"丸吞, 百合",ExHeX,,中文,7,2025-11-04
JM1227840,https://18comic.vip/album/1227840/,[风雪织芽实] 魔法少女梅丽莉（上+下）,"束縛, 項圈, 墮落, 眼鏡, 機械姦, 魔法少女, 手淫, 催眠, 性玩具, 百合, 3D",风雪织芽实,,中文,208,2025-11-04
JM1227841,https://18comic.vip/album/1227841/,[含羞紫罗兰个人汉化]  [Thrylos (すう)] Feeling High & Satisfied (BanG Dream!) [中国翻訳] [DL版],"百合, 巨乳",すう,,中文,9,2025-11-04
JM1227785,https://18comic.vip/album/1227785/,[雨鹤个人翻译][中國翻譯](FF14)龙娘冒险家的色情按摩体验 Part 1 （全彩）,"百合, 全彩, 龙娘, 性玩具",でびるふぃっしゅ,,中文,6,2025-11-03
JM1227590,https://18comic.vip/album/1227590/,我喜欢实藤同学 [白杨汉化组] [白玉もち] 實藤さんが好き 第一話 (コミックメガストア Vol.19),"巨乳, 校服, 百合",白玉もち,,中文,34,2025-11-03
JM1227786,https://18comic.vip/album/1227786/,[雨鹤个人翻译][中國翻譯](FF14)龙娘冒险家的色情按摩体验 Part 2 （全彩）,"百合, 全彩, 目隐, 龙娘, 性玩具",でびるふぃっしゅ,,中文,5,2025-11-03
JM1229752,https://18comic.vip/album/1229752/,[路小茜个人汉化] [Banjabu] Gravity Falls,"美漫, 肛交, 巨尻, 巨乳, 雙性戀, 口交, 束縛, 聖誕裝, 角色扮演, 舔陰, 女性支配, 雀斑, 群交, 後宮, 高跟鞋, 接吻, 連體衣, 修女, 舔肛, 性玩具, 史萊姆, 泳裝, 觸手, 百合, 全彩",Banjabu,,中文,267,2025-11-14
JM1227633,https://18comic.vip/album/1227633/,[King] 双胞胎游戏 1-3,"巨乳, 束縛, 塞口器, 高跟鞋, 淩辱, 獸耳, 性玩具, 過膝襪, 瘙癢, 百合",King,,中文,76,2025-11-03
JM1227625,https://18comic.vip/album/1227625/,[King] 异星“先锋“之陨,"口交, 束縛, 眼罩, 附身, 百合",King,,中文,26,2025-11-03
JM1227622,https://18comic.vip/album/1227622/,[King] 夜晚的奇怪女人,"束縛, 塞口器, 乳膠衣, 戴面具, 百合",King,,中文,19,2025-11-03
JM1227638,https://18comic.vip/album/1227638/,[俗物.zip (雪あすか)] 子履 [中国翻訳] [DL版],"舔陰, 塞口器, 百合",雪あすか,,中文,26,2025-11-03
JM1227527,https://18comic.vip/album/1227527/,[渊啸个人汉化] [あむぁいおかし製作所 (笹ノ間にび)] 種族変更の罠で人間剣士♂が♀サキュバスに！[中国翻訳],"魅魔, 異種姦, 百合, 性转, 性转换, 扶她",笹ノ間にび,,中文,36,2025-11-02
JM1227494,https://18comic.vip/album/1227494/,[含羞紫罗兰个人汉化] [Thrylos (すう)] layerさんがしとりえコちする本,"百合, 自慰",すう,,中文,11,2025-11-02
JM1227487,https://18comic.vip/album/1227487/,[タカスギコウ] SAKI 38 第8話,"百合, 口交",タカスギコウ,,中文,22,2025-11-02
JM1227614,https://18comic.vip/album/1227614/,[ふじいあきこ、秋山道夫] 人妻模様4 悦り妻,"圍裙, 巨乳, 短褲, 新娘, 貓女, 聖誕裝, 多毛, 手淫, 熟女, 人妻, 強暴, 性玩具, 百合, 群交, 單行本",ふじいあきこ、秋山道夫,,日文,169,2025-11-03
JM1227448,https://18comic.vip/album/1227448/,[ぴかち] 戦いの果てに帰る場所 (甘やかし百合えっちアンソロジー) [中国翻訳],"百合, 純愛",ぴかち,,中文,26,2025-11-02
JM1227382,https://18comic.vip/album/1227382/,[禁漫漢化組](C106)[手つかずの青。(えみりお)]継続リフレ(ガールズ&パンツァー)[中国翻訳],"C106, 巨乳, 女僕, 群交, 大乳暈, 女性支配, 舔陰, 百合, 禁漫書庫, 非百合",えみりお,,中文,23,2025-11-01
JM1227223,https://18comic.vip/album/1227223/,[透明声彩汉化组] [ぐつとま (タチ)] あまやかしがえし,"巨乳, 百合",タチ,,中文,26,2025-10-31
JM1227216,https://18comic.vip/album/1227216/,黑暗中绽放的魔法少女之残光[渊啸个人汉化] [千冬アップルトン]闇に咲く魔法少女の残光,"墮落, 女惡魔, 接吻, 魔法少女, 強暴, 過膝襪, 觸手, 百合",千冬アップルトン,,中文,20,2025-10-31
JM1227373,https://18comic.vip/album/1227373/,[羊胃汉化组] [全力疾走猫 (まっしぐら)] 残したい!あたしだけのセンパイ (ラブライブ! 蓮ノ空女学院スクールアイドルクラブ)[中国翻訳],"百合, 調教",まっしぐら,,中文,37,2025-11-01
JM1227329,https://18comic.vip/album/1227329/,[Cauli个人汉化] [憑依ラヴァー (高橋しじみ)] 憑依者の日常 [中国翻訳],"馬尾, 百合, 群交, 中出, 附身",高橋しじみ,,中文,84,2025-11-01
JM1227139,https://18comic.vip/album/1227139/,地下城·百合 [綠茶漢化組] [大刃堂寿] ダンジョン・リリィ,"青年漫, 百合, 冒險",大刃堂寿,,中文,15,2025-10-30
JM1226870,https://18comic.vip/album/1226870/,［史鬼匠人］桜宮姉妹のネトラレ記録~大学篇 [中国翻訳][机翻],"巨乳, 雙性戀, 顏射, 拍攝, 姊妹, 貧乳, 交換伴侶, 百合",史鬼匠人,,中文,25,2025-10-30
JM1226901,https://18comic.vip/album/1226901/,[透明声彩汉化组] (関西コミティア73) [Team SINOSABI (らっか)] in Bloom [中国翻訳],"巨乳, 百合",らっか,,中文,43,2025-10-30
JM1226865,https://18comic.vip/album/1226865/,女校的王子殿下是乳头高潮专用母猫咪 [しにがみ工房 (ぼーれい)] 女子校の王子様は乳首イキ専用メスネコちゃん,"巨乳, 百合",ぼーれい,,中文,56,2025-10-30
JM1226859,https://18comic.vip/album/1226859/,[路过的王小明罢了] 有希篇（扩展内容）,"肛交, 口交, 束縛, 舔陰, 黑肉, 女惡魔, 舔足, 接吻, 乳汁, 中出, 強暴, 虐待, 百合, 3D",路过的王小明罢了,,中文,165,2025-10-30
JM1226857,https://18comic.vip/album/1226857/,[涩糖漢化] [TrapoNeko] 四叶百合花,"劇情向, 丸吞",TrapoNeko,,中文,15,2025-10-30
JM1226745,https://18comic.vip/album/1226745/,[胡德三世] 崩铁谁是卧底,"窒息, 虐殺, 百合, 3D",胡德三世,,中文,29,2025-10-29
JM1226588,https://18comic.vip/album/1226588/,百合风俗店的喵喵贴贴初体验 [驴子汉化组] [ざんどろ] レズ風俗でニャンとろ初体験 (別冊コミックアンリアル 人外レズ風俗 Vol.3),"貧乳, 獸耳, 纯女性",ざんどろ,,中文,21,2025-10-29
JM1226727,https://18comic.vip/album/1226727/,[さいかわゆさ]白百合学园姉妹攻略&学园后宫计划[汉化整合],"中出, 催眠, 校服, 肛交",さいかわゆさ,,中文,305,2025-10-29
JM1226711,https://18comic.vip/album/1226711/,[何时来的？] 鸳鸯与仙,"性勒索, 口交, 束縛, 舔陰, 強暴, 性玩具, 過膝襪, 百合, 群交, 3D",何时来的？,,中文,253,2025-10-29
JM1226675,https://18comic.vip/album/1226675/,[かわもりみさき] OL診療所,"巨乳, 口交, 束縛, 塞口器, 女僕, 護士, 百合, 單行本",かわもりみさき,,日文,172,2025-10-29
JM1226597,https://18comic.vip/album/1226597/,被後輩初音給調戲 這是初音前輩 [乃々木式 (乃々木)] 後輩のミクに遊ばれる先輩のミクさん [中国翻訳] [DL版],"全彩, 巨乳, 百合, 雙馬尾, 阿黑颜, 扶她",乃々木,,中文,25,2025-10-29
JM1226573,https://18comic.vip/album/1226573/,S.A.S.S. Renegades (Chiense),"美漫, 扶他, 百合, 緊身衣, 全彩",ablust,,中文,100,2025-10-28
JM1226123,https://18comic.vip/album/1226123/,[Samnite II] 雅利洛百破 (百合破壞) 短篇,"全彩, 巨乳, 中出, 百合破坏",SamniteII,,中文,7,2025-10-27
JM1226551,https://18comic.vip/album/1226551/,S.A.S.S. – Shemale Android Sex Sirens (Chinese),"美漫, 泳裝, 扶他, 百合, 全彩",ablust,,中文,46,2025-10-28
JM1226118,https://18comic.vip/album/1226118/,某開穴的超電磁砲 2 [トラ屋 (ITOYOKO)] とあるオメコに超電磁砲2 (とある魔術の禁書目録) [DL版] [中国翻訳],"貧乳, 百合",ITOYOKO,,中文,40,2025-10-27
JM1226097,https://18comic.vip/album/1226097/,【颜千九】扶她，性爱和美少女2,"百合, 扶他, futa, 足交, ai绘图","naitong, 奈瞳",,,29,2025-10-26
JM1225851,https://18comic.vip/album/1225851/,[透明声彩汉化组] (C106) [BurstBomb.T (TKP)] うてなの失態3 (魔法少女にあこがれて) [中国翻訳],百合,TKP,,中文,21,2025-10-25
JM1225850,https://18comic.vip/album/1225850/,[透明声彩汉化组] [Digital] [434 Not Found (isya)] Rule of Zero part6:Urge #Rei [中国翻訳] [DL版],"百合, 調教",isya,,中文,42,2025-10-25
JM1226219,https://18comic.vip/album/1226219/,魔女岛上的苦命鸳鸯[AI生成],"AI绘图, 百合, 扶他, 纯爱, 强暴",raolong,,中文,92,2025-10-27
JM1225841,https://18comic.vip/album/1225841/,[江☆浪漫工房 (江戸川浪漫)] 今日は彼氏で、明日は彼女 [中国翻訳] [無修正] [DL版],"性轉, 校服, 百合, 伪娘, 不是百合",江戸川浪漫,,中文,115,2025-10-25
JM1225786,https://18comic.vip/album/1225786/,[夢見堂] わからせクリサロン [中国翻訳],"巨乳, 百合, 性玩具",夢見堂,,中文,52,2025-10-24
JM1225485,https://18comic.vip/album/1225485/,硫磺VS复制体枫糖 [白杨汉化组] [しを堂。 (しを。)] サルファVSコピーベーゼ(快楽堕ち特化) (魔法少女にあこがれて) [中国翻訳] [DL版,"阿黑顏, 肛交, 綁縛與調教, 束縛, 處女, 女惡魔, 女性支配, 怪物女孩, 淩辱, 魔法少女, 性玩具, 假陽具, 觸手, 百合",しを。,,中文,27,2025-10-23
JM1225483,https://18comic.vip/album/1225483/,[Shadowfaps] 文化差异性 ( Vore预警！！！),"全彩, 美漫, 百合, 西瓜肚, 人魚娘, 丸吞",Shadowfaps,,中文,13,2025-10-23
JM1225459,https://18comic.vip/album/1225459/,[大友同好会] (ヒロインMIX Sep.28)[ティムパムポンパム(てぃろりんぽ)] ジューシーカラット (魔法つかいプリキュア!) [中国翻訳],"吸奶, 接吻, 百合",てぃろりんぽ,,中文,27,2025-10-23
JM1225377,https://18comic.vip/album/1225377/,【naitong】魔法少女的浴室审判,"AI绘图, 百合, 扶他","naitong, 奈瞳",,中文,31,2025-10-22
JM1225220,https://18comic.vip/album/1225220/,[霧咲白狐] カワルカワレマホウショウ女XX,"阿黑顏, 巨乳, 身體改造, 墮落, 黑肉, 女惡魔, 扶他, 怪物女孩, 乳頭凹陷, 魔法少女, 中出, 蛇女, 轉化, 百合, 劇情向",霧咲白狐,,中文,27,2025-10-21
JM1226560,https://18comic.vip/album/1226560/,【naitong】穿越到绝区零与薇薇安约会,"AI绘图, 百合, 性转, 附身","naitong, 奈瞳",,中文,31,2025-10-28
JM1225217,https://18comic.vip/album/1225217/,想和纯狐在温泉旅馆恩恩爱爱干个不停呀 [白杨汉化组] [こまじゃらい村(あぶお)] 純狐と温泉宿でラブラブする予定だったわよん (東方Project),"巨乳, 項圈, 舔陰, 和服, 性玩具, 透視, 百合",あぶお,,中文,27,2025-10-21
JM1224901,https://18comic.vip/album/1224901/,[禁漫漢化組](C106)[白玉アクエリア(白義)]かなうはずがない(東方星蓮船)[中国翻訳],"C106, 貧乳, 百合, 獸耳, 禁漫書庫",白義,,中文,23,2025-10-19
JM1224632,https://18comic.vip/album/1224632/,[KABA] 窃香,"皮物, 百合, 兔女郎, 扶他, 接吻, 中出, 3D",KABA,,中文,81,2025-10-17
JM1224745,https://18comic.vip/album/1224745/,[IC个人汉化] [くりっぷ] ベーゼ＆キウィサイズ差丸呑み＆samesize丸呑み [中国翻訳],"百合, 西瓜肚, 丸吞, cannibalism",くりっぷ,,中文,17,2025-10-18
JM1224743,https://18comic.vip/album/1224743/,[明稿昨拖漢化組] [Digital] [白玉アクエリア (白義)] 水蜜桃に溺るる (東方project) [中国翻訳] [DL版],"校服, 群交, 百合",白義,,中文,24,2025-10-18
JM1224468,https://18comic.vip/album/1224468/,玛丽大人正看着你 [碧蓝档案百合组] (C106) [コロモヤ (ホシノ☆)] マリー様がみてる (ブルーアーカイブ) [中国翻訳],"C106, 非H, 百合",ホシノ☆,,中文,24,2025-10-17
JM1224491,https://18comic.vip/album/1224491/,闪亮亮的初次体验。[白杨汉化组] (C106) [帰宅時間 (きたく)] キラキラはじめました。 (機動戦士Gundam GQuuuuuuX) [中国翻訳],"C106, 百合, 巨乳, 短髮, 黑肉, 援交, 接吻, 舔陰",きたく,,中文,24,2025-10-17
JM1224209,https://18comic.vip/album/1224209/,[Chara] 推しの皮,"聖誕裝, 扶他, 接吻, 手淫, 中出, 皮物, 百合, 3D",Chara,,中文,251,2025-10-15
JM1224272,https://18comic.vip/album/1224272/,【naitong】异世界调教2,"AI绘图, NTR, 調教, 絲襪, 皮物, 百合, 换身","naitong, 奈瞳",,中文,98,2025-10-16
JM1224207,https://18comic.vip/album/1224207/,魅魔女友 [透明声彩汉化组] (C105) [Team SINOSABI (らっか)] サキュバスカノジョ [中国翻訳],"C105, 百合, 女惡魔, 怪物女孩, 接吻, 舔陰, 性玩具",らっか,,中文,36,2025-10-15
JM1224187,https://18comic.vip/album/1224187/,[点动成线君汉化] 「なのはなtea* (陽菜)」ようちかがしいたけとオーソローになっちゃった！？ (ラブライブ! サンシャイン!!) [中国翻訳],"非H, 百合, 獸耳",陽菜,,中文,23,2025-10-15
JM1224157,https://18comic.vip/album/1224157/,花音酱与绳缚游戏～三日两夜篇～ [Bismuth个人汉化] [不可思議 (玉沢円、双木こじろ)] 花音ちゃんと縄遊び～二泊三日編～ [中国翻訳],"百合, 束縛, 調教, 小說","玉沢円, 双木こじろ",,中文,74,2025-10-15
JM1223827,https://18comic.vip/album/1223827/,[奈瞳] 【颜千九】穿越成异世界扶她少女并开启后宫生活·H,"百合, 扶他, AI繪圖, CG","naitong, 奈瞳",,中文,18,2025-10-14
JM1223408,https://18comic.vip/album/1223408/,[kevin1] 魔法戰姬 1-4,"遮眼, 口交, 束縛, 魔法少女, 乳汁, 中出, 強暴, 校服, 性玩具, 史萊姆娘, 轉化, 百合, 3D",kevin1,,中文,605,2025-10-13
JM1223406,https://18comic.vip/album/1223406/,[kevin1] 魔法戰姬-序章,"項圈, 女惡魔, 魔法少女, 強暴, 校服, 轉化, 百合, 3D",kevin1,,中文,126,2025-10-13
JM1223451,https://18comic.vip/album/1223451/,【颜千九】扶她，性爱和美少女,"AI绘图, 扶他, 百合","naitong, 奈瞳",,中文,23,2025-10-13
JM1222882,https://18comic.vip/album/1222882/,[雨鹤个人翻译][中國翻譯]Collab Stream Gone Wrong?! (Pan x Kiichan) [Censored]联动直播出事故了？！(Peesh_san),"Vtuber, 直播, 兽耳娘, 性玩具, 捆绑, 百合, 假阳具",Peesh_San,,,34,2025-10-12
JM1223394,https://18comic.vip/album/1223394/,[紅涙] Neverleft (BanG Dream! It's MyGO!!!!!),"接吻, 吸血鬼, 百合",紅涙,,中文,30,2025-10-13
JM1222845,https://18comic.vip/album/1222845/,欲望的魔法书 [Feathermare] 欲望の魔導書 [中国語],"肛交, 束縛, 塞口器, 獸耳, 乳膠衣, 性玩具, 奴隸, 貧乳, 百合",Feathermare,,中文,19,2025-10-12
JM1222865,https://18comic.vip/album/1222865/,[ki君mi] 撒嬌 (ラブライブ! 蓮ノ空女学院スクールアイドルクラブ) [中国語] [DL版],"校服, 百合",ki君mi,,中文,21,2025-10-12
JM1222815,https://18comic.vip/album/1222815/,罗马女同大银趴 [超级地球真理部汉化] [UNOP k.] Hypnopeplum (Warhammer 40K),"全彩, 超乳, 接吻, 百合",UNOPk.,,中文,9,2025-10-12
JM1222826,https://18comic.vip/album/1222826/,月村同学、有点旺盛了吧?  [学园偶像大师同好会] [山羊羊肉専門店 (山羊羊)] 月村さん、ちょっと濃くない? (学園アイドルマスター) [中国翻訳],"多毛, 接吻, 手淫, 雙馬尾, 百合",山羊羊,,中文,29,2025-10-12
JM1222740,https://18comic.vip/album/1222740/,[贱兔](超短篇)与普瑞赛斯与希尔达对战落败的博士与阿米娅[AI Generated],"恶堕, 堕落, 百合, ai生成, 胶衣, 败北, 洗脑",贱兔,,,7,2025-10-11
JM1222264,https://18comic.vip/album/1222264/,[佐藤はがね (鋼鉄)] 二人の境界線 (東方Project)(中国翻訳),"百合, 扶她",鋼鉄,,中文,29,2025-10-10
JM1222132,https://18comic.vip/album/1222132/,[Mark Gavatino] Don't look Back (Look Back) (Ongoing)[Chinese]【变态基米汉化组】,"百合, 凌辱, 吃我一炎拳, 菊花","Mark, Gavatino",,中文,16,2025-10-10
JM1222207,https://18comic.vip/album/1222207/,触手百合【透明声彩汉化组】,"觸手, 異種姦, 产卵, 人妻","N/A, らっか",,中文,19,2025-10-10
JM1222208,https://18comic.vip/album/1222208/,[Hana shinan ](Kusuriya no Hitorigoto),"巨乳, 百合","Hana, shinan",,中文,34,2025-10-10
JM1222022,https://18comic.vip/album/1222022/,小喜多情欲大发!?该怎么办后藤一里!! [猫岛汉化组] [しまくら屋 (しまくら あさど)] 喜多ちゃん大発情中!?どうする後藤ひとり!! (ぼっち・ざ・ろっく!) [中国翻訳],"百合, 女僕, 貧乳, 接吻, 自慰",しまくらあさど,,中文,26,2025-10-09
JM1222113,https://18comic.vip/album/1222113/,(秋季例大祭7) [俺の不手際 (角吉)] 星芒が消えるとき (東方Project) [中国翻訳],"百合, 非H",角吉,,中文,27,2025-10-10
JM1222020,https://18comic.vip/album/1222020/,[Liquid] 聖奴隷学園3,"游戏CG, 阿黑顏, 肛交, 巨尻, 巨乳, 泳裝, 雙性戀, 口交, 束縛, 顏射, 兔女郎, 墮落, 舔陰, 處女, 犬娘, 灌腸, 露出, 拳交, 塞口器, 眼鏡, 壁尻, 飲精, 多毛, 手淫, 高跟鞋, 馬娘, 乳汁, 內衣, 魔法少女, 中出, 乳頭交, 乳交, 連褲襪, 喝尿, 肉便器, 強暴, 校服, 性玩具, 奴隸, 打屁股, 過膝襪, 胃部突起, 教師, 雙馬尾, 百合, 群交, 假小子, 乳环",夏彦,,,3861,2025-10-09
JM1221966,https://18comic.vip/album/1221966/,[禁漫漢化組](C106)[BurstBomb.T(TKP)]うてなの失態3(魔法少女にあこがれて)[中国翻訳],"C106, 全彩, 巨乳, 貧乳, 百合, 禁漫書庫",TKP,,中文,19,2025-10-09
JM1222016,https://18comic.vip/album/1222016/,修羅和英雄提格的漫畫 [AI輔助漢化] [Tokigui] 슈로와 영티 만화 (Trickcal REVIVE) [Chinese],"全彩, 百合",Tokigui,,中文,22,2025-10-09
JM1221928,https://18comic.vip/album/1221928/,[猫岛汉化组] [空想舟 (くらげもどき)] 来てくれた…！ (ぼっち・ざ・ろっく!) [中国翻訳],"非H, 百合",くらげもどき,,中文,23,2025-10-08
JM1221927,https://18comic.vip/album/1221927/,[いぬえ海盗汉化] (C106) [壊孤児 (Cヵ)] 雨音守り (BanG Dream! Ave Mujica) [中国翻訳],"C106, 非H, 百合, 接吻, 乱伦",Cヵ,,中文,25,2025-10-08
JM1221862,https://18comic.vip/album/1221862/,女孩子? [OKAWARI] 女の子？ [中国翻訳],"劇情向, 巨乳, 癡漢, 扶他, 手淫, 校服, 性玩具, 過膝襪, 假小子, 百合, 換身, 群交, 單行本",OKAWARI,,中文,180,2025-10-08
JM1221561,https://18comic.vip/album/1221561/,[管人痴] 咩栗,"AI绘图, 全彩, 百合, 阿黑顏, 自慰, 性玩具, CG",管人痴,,,34,2025-10-06
JM1221716,https://18comic.vip/album/1221716/,一見鍾情 [綠茶漢化組] [遮二無二] 一目溺れ,"青年漫, 非H, 百合",遮二無二,,中文,29,2025-10-07
JM1220933,https://18comic.vip/album/1220933/,[贱兔]管理员和佩丽卡的温馨日常与扶她爱爱！[AI Generated],"扶他, 扶他百合, 气味, 舔足, 舔腋, 自慰, 扶上扶, 泌乳, 巨根, 口交, 黑丝, 自我口交, 自我乳交, 扶他化, 咕咕嘎嘎，但是管理员, 咕咕嘎嘎出处",贱兔,,中文,61,2025-10-04
JM1221349,https://18comic.vip/album/1221349/,[少女乐队汉化组] [karasiHOUSE] 奥沢 美咲·弦巻 こころ【百合破壊】(BanG Dream!),"巨乳, 群交, 乳交",karasiHOUSE,,中文,55,2025-10-05
JM1220871,https://18comic.vip/album/1220871/,[Oofxyphxia]FioVera[Chinese][AI+个人翻译],"怪物女孩, 百合",Oofxyphxia,,中文,5,2025-10-04
JM1220466,https://18comic.vip/album/1220466/,[裏路地ティクス (ぬぬメメ)] 黒百合の幽香2 [中国翻訳],"虐待, 緊身衣, 束縛, 惡魔女孩, 調教, 修女, 唾液, 百合",ぬぬメメ,,中文,31,2025-10-03
JM1220602,https://18comic.vip/album/1220602/,[エレクトリップ] 爆乳淫乱ビーチ,"游戏CG, 返老還童, 阿黑顏, 巨乳, 泳裝, 雙性戀, 處女, 妖精, 眼鏡, 後宮, 超乳, 乳汁, 熟女, 潮吹, 教師, 放尿, 百合, 群交",高橋レコード,,,479,2025-10-03
JM1220587,https://18comic.vip/album/1220587/,[IC个人汉化] [ふぁーや] サキュエルフ快楽食糞その6 [中国翻訳],"大乳暈, 巨乳, 糞便, 黑肉, 女惡魔, 妖精, 女性支配, 露出, 淩辱, 排泄, 泳裝, 雙馬尾, 透視, 百合, 劇情向",ふぁーや,,中文,12,2025-10-03
JM1220395,https://18comic.vip/album/1220395/,(僕らのラブライブ! 41) [ぷるぷる卵豆腐 (わたげもどき)] 恋のレシピ、おあずけちゅー!？ (ラブライブ! 蓮ノ空女学院スクールアイドルクラブ) [中国翻訳],"雙馬尾, 百合",わたげもどき,,中文,29,2025-10-02
JM1220584,https://18comic.vip/album/1220584/,[himitsu1] 縁の織り糸,"肛交, 束縛, 舔陰, 女性支配, 塞口器, 手套, 和服, 連褲襪, 性玩具, 過膝襪, 百合",himitsu,,中文,25,2025-10-03
JM1220571,https://18comic.vip/album/1220571/,[IC个人汉化] [ふぁーや] サキュエルフ快楽食糞その5 [中国翻訳],"劇情向, 巨乳, 糞便, 黑肉, 女惡魔, 妖精, 顏面騎乘, 女性支配, 淩辱, 排泄, 透視, 百合",ふぁーや,,中文,10,2025-10-03
JM1220539,https://18comic.vip/album/1220539/,[Komachan] フリーレンの大決断（上）：うっかりミス、敗北の快感に溺れる,"綁縛與調教, 遮眼, 束縛, 項圈, 舔陰, 妖精, 舔足, 足交, 塞口器, 手套, 連褲襪, 嗅氣味, 潮吹, 觸手, 雙馬尾, 放尿, 百合, AI繪圖",Komachan,,中文,102,2025-10-03
JM1220226,https://18comic.vip/album/1220226/,[IC个人汉化] [ふぁーや] サキュエルフ快楽食糞その4,"巨乳, 黑肉, 妖精, 百合, 排泄",ふぁーや,,中文,12,2025-10-02
JM1220537,https://18comic.vip/album/1220537/,[Komachan] この旅が、星へ～少女たちの足置きに♡ 宇宙ステーション編,"阿黑顏, 遮眼, 項圈, 舔足, 乳膠衣, 性玩具, 嗅氣味, 百合, AI繪圖, AI",Komachan,,中文,88,2025-10-03
JM1220265,https://18comic.vip/album/1220265/,【狼姬个人汉化】[あるふれっ鸟] えくぜ☆おーばーらいと,"巨乳, 口交, 眼鏡, 親吻, 百合",あるふれっ鸟,,中文,22,2025-10-02
JM1220363,https://18comic.vip/album/1220363/,[Komachan] フリーレンの大いなる救済～ 魔力噴出の淫乱な刑罰と公開露出の屈辱的な狂宴～ アウラの支配とフェルンの調教の下、ドM雑魚エルとなり、欲望の忠実な僕♡ [AI Generated] [Chinese],"全彩, 劇情向, 百合, 巨乳, 束縛, 調教, 項圈, 舔陰, 女惡魔, 妖精, 露出, 舔足, 足交, 塞口器, 怪物女孩, 獸耳, 手淫, 連褲襪, 口交, 性玩具, 奴隸, 打屁股, 潮吹, 過膝襪, 雙馬尾, AI繪圖, 無修正, AI",Komachan,,中文,126,2025-10-02
JM1220545,https://18comic.vip/album/1220545/,四面楚歌的羞耻修学旅行-保健教员篇 [クリムゾン] 完全包囲 恥辱まみれの修学旅行 保健教員編,"束縛, 舔陰, 接吻, 強暴, 校服, 百合",クリムゾン,,中文,53,2025-10-03
JM1219803,https://18comic.vip/album/1219803/,[奈瞳]【颜千九】粉霞天国,"全彩, 巨乳, 百合, 扶他, 過膝襪, AI繪圖, CG","naitong, 奈瞳",,中文,33,2025-09-30
JM1220081,https://18comic.vip/album/1220081/,變身服飾店【皮物、變身、女體化】 [TSF RERE] 変身洋服店 【皮モノ、他者変身、女体化】,"扶他, 皮物, 百合, 中出, 透視",TSFRERE,,中文,11,2025-10-01
JM1220082,https://18comic.vip/album/1220082/,皮モノ性奴隷【皮モノ】 [TSF RERE] 皮物性奴【皮物】,"百合, 巨乳, 接吻, 手淫, 催眠, 皮物, 奴隸",TSFRERE,,中文,14,2025-10-01
JM1219497,https://18comic.vip/album/1219497/,[IC个人汉化] [ふぁーや] サキュエルフ快楽食糞その3 [中国翻訳],"劇情向, 巨乳, 束縛, 糞便, 妖精, 顏面騎乘, 女性支配, 高跟鞋, 淩辱, 枷刑, 排泄, 長筒靴, 百合",ふぁーや,,中文,12,2025-09-29
JM1219496,https://18comic.vip/album/1219496/,[IC个人汉化] [ふぁーや] サキュエルフ快楽食糞その2 [中国翻訳],"巨乳, 糞便, 黑肉, 女惡魔, 妖精, 顏面騎乘, 女性支配, 淩辱, 排泄, 雙馬尾, 百合, 劇情向",ふぁーや,,中文,7,2025-09-29
JM1219465,https://18comic.vip/album/1219465/,[IC个人汉化] [ふぁーや] サキュエルフ快楽食糞その1 [中国翻訳],"劇情向, 巨乳, 糞便, 黑肉, 女惡魔, 妖精, 女性支配, 淩辱, 排泄, 雙馬尾, 百合",ふぁーや,,中文,12,2025-09-29
JM1219518,https://18comic.vip/album/1219518/,C106) [virophilia (織日ちひろ)] じゃんく・ふーど・あそーと (ラブライブ! 蓮ノ空女学院スクールアイドルクラブ)[中国翻訳],"C106, 百合, 非h",織日ちひろ,,中文,25,2025-09-29
JM1219403,https://18comic.vip/album/1219403/,[ciaociao (あらきかなお)] 女体化した俺の爛れた学生生活IF [中国翻訳] [DL版],"校服, 巨乳, 群交, 性轉, 百合",あらきかなお,,中文,34,2025-09-28
JM1219502,https://18comic.vip/album/1219502/,[禁漫漢化組](C106)[一の矢研究室(カイザーソース)]聖楽園(ブルーアーカイブ)[中国翻訳],"C106, 貧乳, 中出, 性玩具, 群交, 肛交, 禁漫書庫",カイザーソース,,中文,35,2025-09-29
JM1218913,https://18comic.vip/album/1218913/,[BLUE氪个人翻译] [Digital] [館山けーた] 百合フェチLIFE 第14.5話 (コミック エグゼ 62) [中国翻訳] [DL版],"百合, 巨乳",館山けーた,,中文,8,2025-09-27
JM1217792,https://18comic.vip/album/1217792/,[SoftCurl (雪花蟲)] 母が経営しているのは異世界百合酒場なのか!？ [中国翻訳] [DL版],"巨乳, 肛交, 肌肉, 黑肉, 扶他, 百合",雪花蟲,,中文,38,2025-09-25
JM1217648,https://18comic.vip/album/1217648/,(C106) [くずもつ] くすぐり耐性０だけどこちょこちょ欲求MAXな天才無敵のくノ一ちゃん,"C106, 阿黑顏, 束縛, 女惡魔, 女性支配, 露出, 眼鏡, 群交, 女忍者, 手淫, 校服, 性玩具, 出汗, 瘙癢, 酷刑, 放尿, 百合, 劇情向",くずもつ,,日文,46,2025-09-24
JM1217646,https://18comic.vip/album/1217646/,(C106) [JKぱすた (倉田むと)] 人格排泄!!鬼アクメ総集編 [DL版],"C106, 阿黑顏, 肛交, 巨尻, 巨乳, 口交, 束縛, 顏射, 兔女郎, 藥物, 項圈, 墮落, 灌腸, 拍攝, 漁網襪, 塞口器, 吊帶襪, 獸耳, 連體衣, 內衣, 催眠, 中出, 乳環, 乳貼, 穿刺, 附身, 強暴, 校服, 性玩具, 潮吹, 過膝襪, 透視, 百合, 群交, 轮奸",倉田むと,,日文,162,2025-09-24
JM1219371,https://18comic.vip/album/1219371/,[猫岛汉化组] (C106) [きつねキャンディー。 (ろうせい)] 悲しむものは (BanG Dream! Ave Mujica) [中国翻訳],"純愛, 百合, 姨姪, 乱伦",ろうせい,,中文,33,2025-09-28
JM1217622,https://18comic.vip/album/1217622/,[羽喵个人翻译] [湯豆腐] まこっちとりおりー [中国翻訳],"糞便, 接吻, 排泄, 放尿, 百合",湯豆腐,,中文,56,2025-09-24
JM1217552,https://18comic.vip/album/1217552/,"[Nonothird个人汉化] (C75) [Silver＊Garden (トラネコ, マリス)] アリスおいしいです^p^ (東方Project)","C75, 巨乳, 百合","トラネコ, マリス",,中文,24,2025-09-24
JM1217073,https://18comic.vip/album/1217073/,[IC个人汉化] (C78) [我儘堂 (翔丸、NIO)] むぎみお!! (けいおん!) [中国翻訳],"C78, 百合","翔丸, NIO",,中文,21,2025-09-22
JM1217432,https://18comic.vip/album/1217432/,[不咕鸟汉化组] (C105) [3V2Uめざ氷70 (御堂ペンギン)] 白野は無慈悲な月の女王 (Fate/EXTRA) [中国翻訳],"C105, 百合, 巨乳, 接吻",御堂ペンギン,,中文,30,2025-09-23
JM1217244,https://18comic.vip/album/1217244/,[贱兔]半夜偷偷用扶她幼兔小鸡鸡蹭人的小阿米娅就该被狠狠惩罚！[AI Generated],"百合, 扶他, 巨乳",贱兔,,中文,59,2025-09-23
JM1216990,https://18comic.vip/album/1216990/,鬼堕轮回 [Shinimono] 鬼獄の廻堕 [AI Generated],"全彩, 巨乳, 百合, 墮落, 女惡魔, 轉化, AI繪圖","Aurora_S2, Shinimono, しにもの",,中文,118,2025-09-22
JM1216743,https://18comic.vip/album/1216743/,[eve重嵌] [Decensored] (COMIC1☆13) [OrangeMaru (YD)] スキル強化解禁 + OrangeMaru Special 04 (Fate/Grand Order) [中国翻訳] [無修正],"百合, 有男的洁癖快跑, 群交, 中出",YD,,中文,42,2025-09-21
JM1216979,https://18comic.vip/album/1216979/,[猫岛汉化组] [ひよこパンチ (ひよこびーむ)] 女狂わせかやりんは (学園アイドルマスター) [中国翻訳],"非H, 百合, 接吻",ひよこびーむ,,中文,22,2025-09-22
JM1216651,https://18comic.vip/album/1216651/,[小羊个人汉化] [煩悩創作 (煩)] あまあま百合えっち短編集 [中国翻訳],"獸耳, 百合",煩,,中文,26,2025-09-21
JM1216725,https://18comic.vip/album/1216725/,[IC个人汉化] [Petite*Cerisier (桜はんぺん)] あずみお！？(けいおん！) [中国翻訳],"百合, 校服",桜はんぺん,,中文,18,2025-09-21
JM1216622,https://18comic.vip/album/1216622/,[RongChuhan栄初涵] 祈與玥的契約,"獸耳, 百合",RongChuhan栄初涵,,中文,22,2025-09-21
JM1216323,https://18comic.vip/album/1216323/,[萌子芽] 初雨 (アークナイツ) [中国語],"獸耳, 百合",萌子芽,,中文,41,2025-09-20
JM1216248,https://18comic.vip/album/1216248/,[谋克墩路官大王阿松个人汉化] (C106) [ふにあいあいす (不似合りこ)] GRANNY ITZTLI DIARY (原神) [中国翻訳],"C106, 百合, 自慰, 舔陰",不似合りこ,,中文,34,2025-09-20
JM1216229,https://18comic.vip/album/1216229/,茶话会也要放飞自我!! [碧蓝档案同人组] (C106) [ギロチン銀座、ポカポカ天国 (ギロチン、ポカペチエ)] ティーパーティーはハジけたい | 茶话会也要放飞自我!! (Blue Archive) [中国翻訳],"C106, 非H, 劇情向","ギロチン, ポカペチエ",,中文,34,2025-09-19
JM1215998,https://18comic.vip/album/1215998/,[大友同好会] [にぃさん工房(松岡二)] 太陽は月を照らす (スター☆トゥインクルプリキュア) [中国翻訳],"非H, 百合, 校服",ラピス,,中文,58,2025-09-19
JM1217809,https://18comic.vip/album/1217809/,因为中了史莱姆的毒发情了所以跟关系很好的同伴蕾丝瑟瑟没什么问题吧 [无糖汉化组][としぞう] スライムの毒で発情したので仲間とレズセックスしても問題ないよね…！！,"巨乳, 貧乳, 百合, 妖精, 親吻",としぞう,,中文,33,2025-09-25
JM1216026,https://18comic.vip/album/1216026/,[奢侈的彩凤个人汉化] [小夜百合箱 (小夜百合)] 魔法少女悪蝕3～ふたなり改造百合淫辱～ [中国翻訳],"巨乳, 黑肉, 扶他, 魔法少女, 手套, 雙馬尾, 墮落, 強暴, 觸手, 口交, 中出",小夜百合,,中文,49,2025-09-19
JM1215994,https://18comic.vip/album/1215994/,[あむぁいおかし製作所 (萌黄おじさん)] 騎士様♂のお姫様♀しゅぎょう [中国翻訳],"巨乳, 百合, 女性支配, 亂倫, 接吻, 束縛, 調教, 潮吹, 性转",萌黄おじさん,,中文,36,2025-09-19
JM1215824,https://18comic.vip/album/1215824/,放学之后! [碧蓝档案百合组] (せんせーのアーカイブ12) [ko9m02 (こくもす)] ほうかご! (ブルーアーカイブ) [中国翻訳],"非H, 劇情向",こくもす,,中文,22,2025-09-18
JM1215378,https://18comic.vip/album/1215378/,[IC个人汉化] (C77) [芸は身を救う!! (華瑠羅翔)] K-ON！ BOX 2 (けいおん！) [中国翻訳],"C77, 百合",華瑠羅翔,,中文,14,2025-09-16
JM1218951,https://18comic.vip/album/1218951/,【naitong】皮化女孩重度依赖,"futa, 皮物, 百合, tsf, 性转, AI绘图","naitong, 奈瞳",,,26,2025-09-27
JM1215979,https://18comic.vip/album/1215979/,[IC个人汉化] (C78) [芸は身を救う!! (華瑠羅翔)] K-ON! BOX 3 (けいおん！) [中国翻訳],"C78, 百合, 貧乳, 雙馬尾, 校服, 性玩具, 舔陰, 群交",華瑠羅翔,,中文,14,2025-09-19
JM1215338,https://18comic.vip/album/1215338/,[禁漫漢化組](C106)[やわらか依存(よろず)]零号ホロウ(ゼンレスゾーンゼロ)[中国翻訳],"C106, 巨乳, 貧乳, 女僕, 扶他, 百合, 異種姦, 中出, 禁漫書庫, 封面诈骗, 胃部突起, 睡姦","よろず, やわらか依存",,中文,83,2025-09-16
JM1215267,https://18comic.vip/album/1215267/,[猫岛汉化组] [唯野あお] 乙女のジレンマ (ぼっち・ざ・ろっく!) [中国翻訳],"接吻, 百合",唯野あお,,中文,27,2025-09-16
JM1215372,https://18comic.vip/album/1215372/,【naitong】皮化忍术,"AI绘图, 皮物, 性转, 百合","naitong, 奈瞳",,中文,28,2025-09-16
JM1215067,https://18comic.vip/album/1215067/,(C106) [VOLUTES (玄鉄絢)] Olga Booze (BanG Dream! Ave Mujica),"C106, 百合, 侄女, 亂倫, 接吻",玄鉄絢,,日文,27,2025-09-15
JM1215247,https://18comic.vip/album/1215247/,(C106)[憑依ラヴァー (Duokuma)]憑依アーカイブ 〜アスナ&トキの場合〜(ブルーアーカイブ)[中国翻訳][DL版],"C106, 兔女郎, 巨乳, 附身, 依憑, 性轉, 百合",Duokuma,,中文,30,2025-09-16
JM1214868,https://18comic.vip/album/1214868/,[IC个人汉化] (C76) [芸は身を救う!! (華瑠羅翔)] K-ON！ BOX (けいおん！),"C76, 群交, 性玩具, 百合",華瑠羅翔,,中文,14,2025-09-14
JM1215076,https://18comic.vip/album/1215076/,(C106) [Pandora工房 (けもがみ)] 梨緒ちゃんのえっち♡ (オンゲキ),"C106, 百合",けもがみ,,日文,24,2025-09-15
JM1214860,https://18comic.vip/album/1214860/,[IC个人汉化] (C76)[芸は身を救う!! (華瑠羅翔)] K-ON！ BOX (けいおん！) [中国翻訳],"C76, 巨乳, 百合",華瑠羅翔,,中文,14,2025-09-14
JM1214830,https://18comic.vip/album/1214830/,[暁の繁体翻訳] [聖華快楽書店 (よろず)] 白狼剣士ハティちゃんのえっちな冒険の書 [中国翻訳] [DL版],"緊身衣, 束縛, 墮落, 扶他, 獸耳, 乳膠衣, 連體衣, 觸手服, 怪物女孩, 寄生, 附身, 懷孕, 皮物, 史萊姆娘, 潮吹, 觸手, 轉化, 百合, 亂倫","よろず, 圣华快乐书店",,中文,159,2025-09-14
JM1214738,https://18comic.vip/album/1214738/,[川邑司] セレナさん漫画 グレスケ版,"百合, 指交, 高潮, 潮吹",川邑司,,中文,6,2025-09-14
JM1214710,https://18comic.vip/album/1214710/,[あむぁいおかし製作所 (羅ぶい)] TSカジノ〜債務者達の末路〜 [中国翻訳],"巨乳, 兔女郎, 百合",羅ぶい,,中文,35,2025-09-14
JM1214715,https://18comic.vip/album/1214715/,[鴉羽] 旅行者消失的记忆,"CG集, 遮眼, 束縛, 舔足, 塞口器, 乳膠衣, 過膝襪, 瘙癢, 百合, 全彩",鴉羽,,中文,34,2025-09-14
JM1214690,https://18comic.vip/album/1214690/,[IC个人汉化][志望推定時刻 (てへん)] GIRLS ONLY!!! (けいおん!) [中国翻訳] [DL版],"舔陰, 群交, 手淫, 校服, 百合",てへん,,中文,21,2025-09-14
JM1214557,https://18comic.vip/album/1214557/,[IC个人汉化] [志望推定時刻 (てへん)] GIRLS ONLY!!! (けいおん!) [中国翻訳],"纯爱, 校园, 校服, 百合",てへん,,中文,21,2025-09-13
JM1214289,https://18comic.vip/album/1214289/,[禁漫漢化組] (C106) [ミルクセーキ工房(ミルクセーキ)] 先生～身体が熱くて…どうしたらいいの (ブルーアーカイブ) [中国翻訳],"C106, 全彩, 貧乳, 口交, 獸耳, 群交, 中出, 禁漫書庫",ミルクセーキ,,中文,37,2025-09-12
JM1214463,https://18comic.vip/album/1214463/,[缶子牧場 (缶子)] 超爆乳で母乳体質の私と爆乳大好き変態バイト戦士の腐れ縁 [中国翻訳] [DL版],"百合, 乳汁, 巨乳, 超乳",缶子,,中文,35,2025-09-13
JM1214276,https://18comic.vip/album/1214276/,【naitong】意外之喜,"扶他, 百合, AI绘图, 乳交, 口交","naitong, 奈瞳",,中文,35,2025-09-12
JM1213945,https://18comic.vip/album/1213945/,(C106) [ぐつとま (タチ)] ドMダメ会社員のめぐむんはドSヒモ地雷系のシマちゃんに逆転したい※出来ません。[DL版],"C106, 窒息, 束縛, 貓女, 項圈, 舔陰, 顏面騎乘, 女性支配, 獸耳, 接吻, 百合","タチ, ぐつとま",,日文,38,2025-09-11
JM1215085,https://18comic.vip/album/1215085/,[禁漫漢化組] (C106) [ミルクセーキ工房(ミルクセーキ)] 先生～身体が熱くて…どうしたらいいの (ブルーアーカイブ) [中国翻訳] [禁漫去碼],"C106, 全彩, 貧乳, 口交, 獸耳, 群交, 中出, 禁漫書庫, 禁漫去碼, 萝莉",ミルクセーキ,,中文,37,2025-09-15
JM1213803,https://18comic.vip/album/1213803/,[leoR8714個人漢化] [うかいぷ (雲海)] 退魔師敗北物語・花の妖魔編 [DL版],"校园, 校服, 贫乳, 墮落, 催眠, 百合",雲海,,中文,31,2025-09-11
JM1213852,https://18comic.vip/album/1213852/,我只是想干掉一些杂鱼小怪提升一下等级而已 [欶澜汉化组] (C106)[TrinkeT (からあげ3)] ザコモブ倒してレベリングしたかっただけなんだが… (ブルーアーカイブ)[DL版],"C106, 貧乳, 獸耳, 触手",からあげ3,,中文,24,2025-09-11
JM1213533,https://18comic.vip/album/1213533/,[碧蓝档案百合组] [Digital] [やわらかトゲロボット (うみわし)] 羽根の重なるふたりの距離 (ブルーアーカイブ) [中国翻訳] [DL版],"百合, 校服",うみわし,,中文,49,2025-09-09
JM1213696,https://18comic.vip/album/1213696/,[多多]原來這一切都是長崎爽世的陰謀 2！？(BanG Dream!)[Chinese],"乳頭凹陷, 性玩具, 潮吹, 百合",多多,,中文,46,2025-09-10
JM1213451,https://18comic.vip/album/1213451/,[黎欧出资汉化] (C106) [きのこなべ避難所 (まいたけ)] 洞天クライシス (原神) [中国翻訳],"C106, 非H, 百合, 接吻, 連褲襪",まいたけ,,中文,34,2025-09-09
JM1212852,https://18comic.vip/album/1212852/,[亓皿] 这是？发情期？！ (原神) [中国語],"吸奶, 貓女, 舔陰, 獸耳, 接吻, 百合",亓皿,,中文,25,2025-09-07
JM1212622,https://18comic.vip/album/1212622/,[大友同好会] (レインボーフレーバー10) [434 Not Found (isya)] Cure Assort (ドキドキ!プリキュア、スイートプリキュア♪、ハピネスチャージプリキュア!) [中国翻訳],"巨乳, 贫乳, 纯爱, 百合, 劇情向",isya,,中文,51,2025-09-06
JM1213135,https://18comic.vip/album/1213135/,(C106) [壊孤児 (Cヵ)] 紫藤日和 (BanG Dream! It's MyGO!!!!!),"C106, 非H, 百合",Cヵ,,日文,24,2025-09-08
JM1212615,https://18comic.vip/album/1212615/,[K&W] [Mr Kurz] Celestial Doll 1-6 (中國語）,"舔陰, 舔足, 戀屍, 虐殺, 百合","K&W, Mr Kurz",,中文,88,2025-09-06
JM1212611,https://18comic.vip/album/1212611/,维多利亚时代百合风情珍藏集（节选）[Dr. Major LaCaritilie] he Collector's Edition of Victorian Lesbian Erotica (Excerpts) [Being Translated into Chinese],"非H, 杂志, 性玩具, 百合, 小說","Dr., Major, LaCaritilie",,中文,150,2025-09-06
JM1212597,https://18comic.vip/album/1212597/,【透明声彩汉化组[orico]家庭内卖春3,"巨乳, 亲吻, 指交, 群交, 校服, 百合",orico,,中文,40,2025-09-06
JM1212507,https://18comic.vip/album/1212507/,[禁漫漢化組](C106)[深海果樹園(蓬莱ネペンテス)]ボディガードさんはお嬢様がお好き(ゼンレスゾーンゼロ)[中国翻訳],"C106, 百合, 巨乳, 中出, 禁漫書庫",蓬莱ネペンテス,,中文,27,2025-09-06
JM1212596,https://18comic.vip/album/1212596/,[透明声彩汉化组] (C106) [帰宅時間 (きたく)] KISS KISS KISS (リコリス・リコイル) [中国翻訳],"C106, 巨乳, 百合, 纯爱, 亲吻",きたく,,中文,28,2025-09-06
JM1212440,https://18comic.vip/album/1212440/,妖精醬的榨取方法[巨乳星人個人漢化] (C104) [くわい屋 (Mewdo、玉田へいじゅん)] 妖精ちゃんの絞り方 [中国翻訳],"C104, 巨乳, 黑肉, 妖精, 乳汁, 迷你女孩, 觸手, 百合","Mewdo, 玉田へいじゅん",,中文,26,2025-09-05
JM1212289,https://18comic.vip/album/1212289/,【Naitong】生物本能2,"全彩, 巨乳, AI绘图, 触手, 寄生, 触手奸, 扶他, 百合, CG集","naitong, 奈瞳",,,27,2025-09-05
JM1212133,https://18comic.vip/album/1212133/,[IC个人汉化] [Dining] ビリビリ追加 [中国翻訳],"校服, 嗅氣味, 調教, 百合",Dining,,中文,18,2025-09-05
JM1212248,https://18comic.vip/album/1212248/,[蜂巣 (Apoidea)] MORTIS的團員相親相愛H計畫 (BanG Dream! Ave Mujica) [中国語] [DL版],"舔陰, 獸耳, 接吻, 校服, 性玩具, 百合, 搞笑",Apoidea,,中文,36,2025-09-05
JM1212301,https://18comic.vip/album/1212301/,[leoR8714個人漢化] [うかいぷ (雲海)] 退魔師敗北物語・幸福の妖魔編 [中国翻訳] [DL版],"校园, 校服, 贫乳, 墮落, 催眠, 百合",雲海,,中文,37,2025-09-05
JM1212044,https://18comic.vip/album/1212044/,[禁漫漢化組](C106)[クリティカルヒット！(ぜっつ)]看護師長と秘密のお薬(原神)[中国翻訳],"C106, 百合, 扶他, 護士, 口交, 中出, 禁漫書庫",ぜっつ,,中文,21,2025-09-04
JM1211904,https://18comic.vip/album/1211904/,(C105) [福のれん (ユキヲ)] 邪神ちゃんドロップキック チャーリーのプライベートビーチ編 (邪神ちゃんドロップキック) [中文翻译],"C105, 百合, 泳裝",ユキヲ,,中文,20,2025-09-04
JM1211816,https://18comic.vip/album/1211816/,Banagherlinks: Cynthia switches bodies with Brock (Pokemon)希罗娜与小刚互换身体,"美漫, 巨尻, 巨乳, 雙性戀, 口交, 換身, 手淫, 百合",N/A,,中文,9,2025-09-03
JM1211814,https://18comic.vip/album/1211814/,[黎欧出资汉化] (C106) [カナリアとつばめ (はやかわトリノネ、Jouhou、非常食)] 風雲、空に契りて (崩壊:スターレイル) [中国翻訳],"C106, 獸耳, 百合, 扶他","はやかわトリノネ、Jouhou, 非常食",,中文,46,2025-09-03
JM1212026,https://18comic.vip/album/1212026/,[黎欧出资汉化] (C106) [深海果樹園 (蓬莱ネペンテス)] ボディガードさんはお嬢様がお好き (ゼンレスゾーンゼロ) [中国翻訳],"C106, 巨乳, 百合",蓬莱ネペンテス,,中文,26,2025-09-04
JM1211808,https://18comic.vip/album/1211808/,(C106) [熟成角砂糖(sugarBt)] ズキューンキッスなんてなかった (キミとアイドルプリキュア♪),"C106, 雙性戀, 口交, 顏射, 手套, 手淫, 高跟鞋, 接吻, 中出, 潮吹, 過膝襪, 百合, 群交, 不是百合别上当, 不是百合",sugarBt,,日文,22,2025-09-03
JM1211713,https://18comic.vip/album/1211713/,(C105) [HUNGRRRRY (qNdEbASeR)] My Bloody Holiday (ブルーアーカイブ) [中国翻訳],"C105, 校服, 百合",qNdEbASeR,,中文,27,2025-09-03
JM1211772,https://18comic.vip/album/1211772/,(C78) [ゲルピン (水無月十三)] 美少女達の過激穴遊戯、拡張プレイにおける快感と絶頂。 (真極太) (新世紀エヴァンゲリオン) [中文],"C78, 肛交, 透視, 拳交, 張口, 眼鏡, 群交, 西瓜肚, 性玩具, 胃部突起, 擴張, 雙馬尾, 百合, 全彩",水無月十三,,中文,13,2025-09-03
JM1207607,https://18comic.vip/album/1207607/,(C106) [聖華快楽書店 (兎原クロ、エルトリア)] TS配信おじさん ～ロリ配信で楽して暮らしたいのに姪っ子がエッチないたずらをしてくる～,"C106, 全彩, 貧乳, 性玩具, 百合","兎原クロ, エルトリア",,日文,70,2025-08-21
JM1211746,https://18comic.vip/album/1211746/,[星河だんぱ] 先生のこと、くすぐってあげる 5巻,"阿黑顏, 遮眼, 束縛, 接吻, 內衣, 抹油, 性玩具, 出汗, 教師, 瘙癢, 百合, 劇情向, 單行本, 双性恋？",星河だんぱ,,日文,157,2025-09-03
JM1211481,https://18comic.vip/album/1211481/,(C106) [台北人 (虫原)] トリガー・ハッピー (BanG Dream! It's MyGO!!!!!) [中国翻訳],"C106, 非H, 百合, 接吻",虫原,,中文,25,2025-09-02
JM1211744,https://18comic.vip/album/1211744/,[星河だんぱ] 先生のこと、くすぐってあげる 3巻,"阿黑顏, 眼鏡, 抹油, 馬尾, 性玩具, 出汗, 泳裝, 教師, 瘙癢, 百合, 劇情向, 單行本",星河だんぱ,,日文,168,2025-09-03
JM1211524,https://18comic.vip/album/1211524/,一吻钟情什么的才没有呢 [锈楼莉月汉化] (C106) [熟成角砂糖(sugarBt)] ズキューンキッスなんてなかった (キミとアイドルプリキュア♪) [中国翻訳],"C106, 口交, 顏射, 手套, 接吻, 中出, 潮吹, 百合, 群交",sugarBt,,中文,22,2025-09-02
JM1211745,https://18comic.vip/album/1211745/,[星河だんぱ] 先生のこと、くすぐってあげる 4巻,"眼鏡, 馬尾, 校服, 出汗, 泳裝, 教師, 瘙癢, 百合, 劇情向, 單行本",星河だんぱ,,日文,176,2025-09-03
JM1211099,https://18comic.vip/album/1211099/,[Poor dog] 妈咪窒息时的紧B快感 |,"窒息, 人妻, 姊妹, 潮吹, 百合, 群交, 亂倫, 3D",Poordog,,中文,100,2025-09-01
JM1211212,https://18comic.vip/album/1211212/,家人以上恋人未满 [茅森月歌吧汉化委员会] [ピーナッツハニー三丁目 (新田籠)] 家族以上で恋人未満 (ヘブンバーンズレッド),"百合, 巨乳",新田籠,,中文,28,2025-09-01
JM1211479,https://18comic.vip/album/1211479/,(C106) [台北人 (虫原)] トリガー・ハッピー + おまけ (BanG Dream! It's MyGO!!!!!),"C106, 非H, 百合, 接吻",虫原,,日文,33,2025-09-02
JM1210837,https://18comic.vip/album/1210837/,【颜千九】遐蝶的丝袜工艺,"AI绘图, CG集, 巨乳, 过膝袜, 扶他, 百合","naitong, 奈瞳",,,30,2025-08-31
JM1210814,https://18comic.vip/album/1210814/,[禁漫漢化組](C106)[プリンを食べるお馬さん(はににた)]彼女と彼女の幸福原理 ～魔女は用心棒に恋をした～[中国翻訳],"C106, 百合, 劇情向, 禁漫書庫",はににた,,中文,47,2025-08-31
JM1210655,https://18comic.vip/album/1210655/,[TYPE.90] ボッチ様の肉姫[中国翻訳],"阿黑顏, 肛交, 巨乳, 雙性戀, 口交, 口交臉, 透視, 拳交, 多毛, 後宮, 熟女, 多重口交, 口交, 母女丼, 胃部突起, 百合, 肛塞",TYPE.90,,中文,217,2025-08-30
JM1210535,https://18comic.vip/album/1210535/,[fiji] 西伯利亞的風（重製）01-20,"遮眼, 全彩, 巨乳, 校園, 校服, 束縛, 調教, 強姦, 強暴, 百合, 群交, 3D",fiji,,中文,563,2025-08-30
JM1210784,https://18comic.vip/album/1210784/,[High-quality]冒険者アウラちゃんレズエロマッサージに挑むpart2（フルカラー）[中国翻訳] [个人翻译],"CG集, 遮眼, 群交, 怪物女孩, 雙馬尾, 百合",High-quality,,中文,5,2025-08-31
JM1210461,https://18comic.vip/album/1210461/,冒険者アウラちゃんレズエロマッサージに挑むpart１〖简体中文〗〖雨鹤个人翻译〗,"巨乳, 怪兽女孩, 群交, 指交, 高潮, CG集, 百合",N/A,,中文,12,2025-08-30
JM1210442,https://18comic.vip/album/1210442/,住在單間樂園裡的魔女[番茄果大水又多汉化组] (C106)[カツラ屋(タケマル、ゴルドーかわはぎ)]ワンルーム楽園住まいの魔女(機動戦士ガンダム 水星の魔女)[中国翻訳],"C106, 扶他, 巨乳, 百合, 剧情向",ちゃつね,,中文,34,2025-08-30
JM1211325,https://18comic.vip/album/1211325/,[猫岛汉化组] (C106) [海を売る家 (祈りキマイラ)] 初星学園百合祭 (学園アイドルマスター) [中国翻訳],,祈りキマイラ,,,19,2025-09-01
JM1210436,https://18comic.vip/album/1210436/,从今往后也…！[虹之星汉化组] (僕らのラブライブ! 46) [お酢 (ねんどたべた)] これからも、だよ！ (ラブライブ! 蓮ノ空女学院スクールアイドルクラブ) [Chinese],"贫乳, 巨乳, 雙馬尾, 百合",ねんどたべた,,中文,24,2025-08-30
JM1210415,https://18comic.vip/album/1210415/,[猫岛汉化组] (C106) [VOLUTES (玄鉄绚)]OLGA BOOZE (BanG Dream! )[Chinese] [猫岛汉化组],"C106, 亂倫, 接吻, 侄女, 百合",玄鉄绚,,中文,27,2025-08-30
JM1210162,https://18comic.vip/album/1210162/,[leoR8714個人漢化][うかいぷ (雲海)] 退魔師敗北物語・魅了の妖魔編 [中国翻訳] [DL版],"墮落, 催眠, 百合",雲海,,中文,37,2025-08-29
JM1209990,https://18comic.vip/album/1209990/,[プリンを食べるお馬さん]きみの光に毒されて ―魔女は愛を手放さない― [中国翻訳],"巨乳, 束缚, 调教, 眼镜, 百合",うつぼのるつぼ,,中文,47,2025-08-29
JM1209888,https://18comic.vip/album/1209888/,[大友同好會X一青二白汉化组] (C86) [434 Not Found (isya)] Cure Assort 2 (ドキドキ!プリキュア、スイートプリキュア♪、スマイルプリキュア!) [中国翻訳],"劇情向, 百合",isya,,中文,52,2025-08-28
JM1209918,https://18comic.vip/album/1209918/,(C106) [ろーぷあいらんど (みやのゆき)] リリックと傷痕 [DL版],"C106, 接吻, 百合",みやのゆき,,日文,42,2025-08-28
JM1209886,https://18comic.vip/album/1209886/,[大友同好會X一青二白汉化组] (レインボーフレーバー12) [434 Not Found (isya)] Cure Assort 4 (ドキドキ!プリキュア、Go! プリンセスプリキュア、スイートプリキュア♪) [中国翻訳],"舔陰, 百合, 劇情向",isya,,中文,48,2025-08-28
JM1209884,https://18comic.vip/album/1209884/,(ぱんっあ☆ふぉー!18) [有惑亭 (ken-sya)] 乱調の愛 (ガールズ&パンツァー) [中国翻訳],"舔陰, 黑肉, 百合",ken-sya,,中文,19,2025-08-28
JM1209831,https://18comic.vip/album/1209831/,(C106) [あああ (小雪)] 千枝と雪子で真夏の3Pせっくす (ペルソナ4) [DL版],"C106, 阿黑顏, 巨乳, 雙性戀, 顏射, 接吻, 校服, 出汗, 假小子, 百合, 群交",小雪,,日文,28,2025-08-28
JM1209799,https://18comic.vip/album/1209799/,(C106) [ふにあいあいす (不似合りこ)] GRANNY ITZTLI DIARY (原神) [DL版],"C106, 百合, 醉酒, 手淫, 舔陰, 潮吹, 放尿",不似合りこ,,日文,33,2025-08-28
JM1209798,https://18comic.vip/album/1209798/,(C106) [帰宅時間 (きたく)] KISS KISS KISS (リコリス・リコイル),"C106, 百合, 巨乳, 舔陰","きたく, 归宅时间",,日文,26,2025-08-28
JM1209379,https://18comic.vip/album/1209379/,[碧蓝档案百合组] (C106) [xoxoメロン (ぺけ)] いと、ほし、きみ (ブルーアーカイブ) [中国翻訳],非H,ぺけ,,中文,21,2025-08-26
JM1209349,https://18comic.vip/album/1209349/,(C106) [サクラ甘味缶 (桜まなと)] 拾い猫2,"C106, 阿黑顏, 巨乳, 遮眼, 束縛, 女性支配, 露出, 接吻, 拒絕高潮, 短髮, 性玩具, 潮吹, 假陽具, 出汗, 瘙癢, 假小子, 酷刑, 百合, 劇情向",桜まなと,,日文,39,2025-08-26
JM1209321,https://18comic.vip/album/1209321/,心荧缱绻 百合本子 [AI生成],"全彩, 無修正, 百合, AI繪圖",N/A,,中文,14,2025-08-26
JM1209121,https://18comic.vip/album/1209121/,[欶澜汉化组] [Digital] [ますみパン工房 (ますみ)] セクシーセイアの休み (ブルーアーカイブ) [中国翻訳] [DL版],"獸耳, cosplay, 中出",ますみ,,中文,27,2025-08-25
JM1209113,https://18comic.vip/album/1209113/,[白杨汉化组] [Digital] [ノアの方舟 (ノア)] Answer (ブルーアーカイブ) [中国翻訳] [DL版],"獸耳, 腳交, 中出, 足交","ノア, ノアの方舟",,中文,32,2025-08-25
JM1209163,https://18comic.vip/album/1209163/,内向妹子与阳光女孩的百合情色事 [和菓子漫画屋][ざんどろ] 陰キャと陽キャの百合セックス,"巨乳, 雙馬尾, 貧乳, 百合, 校服",ざんどろ,,中文,21,2025-08-26
JM1208999,https://18comic.vip/album/1208999/,[个人翻译] [サクラ甘味缶 (桜まなと)] 拾い猫2 [中国翻訳],"巨乳, 遮眼, 束縛, 性玩具, 假陽具, 百合",桜まなと,,中文,39,2025-08-25
JM1209085,https://18comic.vip/album/1209085/,(C106) [やわらかトゲロボット (うみわし)] 羽根の重なるふたりの距離 (ブルーアーカイブ) [DL版],"C106, 百合",うみわし,,日文,46,2025-08-25
JM1209090,https://18comic.vip/album/1209090/,(C106) [京まじょ! (上村なびあ)] アマテさんのユズリハを咲かせて (機動戦士Gundam GQuuuuuuX) [DL版],"C106, 舔陰, 接吻, 短髮, 校服, 貧乳, 百合",上村なびあ,,日文,40,2025-08-25
JM1208998,https://18comic.vip/album/1208998/,[个人翻译] [サクラ甘味缶 (桜まなと)] 拾い猫 [中国翻訳],"巨乳, 遮眼, 束縛, 塞口器, 性玩具, 百合",桜まなと,,中文,39,2025-08-25
JM1209843,https://18comic.vip/album/1209843/,(C106) [蜂巣 (Apoidea)] モーティスの メンバー仲良し計画 ♪プランH編♪ (BanG Dream! Ave Mujica) [見本],"C106, 百合, 獸耳, 校服, 雙馬尾, 性玩具, 接吻, 舔陰, 見本",Apoidea,,日文,29,2025-08-28
JM1208647,https://18comic.vip/album/1208647/,[Nexstat]Bar Hopping,"巨乳, 接吻, 乳膠衣, 催眠, 馬尾, 附身, 百合, 3D, 劇情向",Nexstat,,中文,62,2025-08-24
JM1190017,https://18comic.vip/album/1190017/,[MN·ALS] 为美丽迷人的魔女小姐献出心脏,"全彩, 劇情向, 百合, 後宮, 巨乳, 女僕, 調教, 乳交, 吸奶",MN·ALS,,中文,58,2025-06-24
JM1208949,https://18comic.vip/album/1208949/,[LaughingFoxComics] My Bimbo Hero: Uravity [Ai Generated] [Chinese],"巨乳, 墮落, 超乳, 轉化, 百合, 群交, AI繪圖",LaughingFoxComics,,中文,14,2025-08-25
JM1208635,https://18comic.vip/album/1208635/,TS朗君的性生活8 [きのこのみ (konomi)] TSあきら君の性生活 8 [中国翻訳] [無修正] [DL版],"巨乳, 雙性戀, 舔陰, 百合, 群交, 劇情向, 無修正, 双性恋","konomi, きのこのみ",,中文,23,2025-08-24
JM1208366,https://18comic.vip/album/1208366/,金色狂狼露娜 屈辱摔角4 [春狸屋] ゴールデンウルフルナ 屈辱プロレス4 [中国翻訳],"肛交, 束縛, 舔陰, 黑肉, 露出, 群交, 淩辱, 手淫, 肌肉, 虐待, 性玩具, 潮吹, 放尿, 摔跤, 百合, 劇情向, 扶她",春狸屋,,中文,66,2025-08-23
JM1208328,https://18comic.vip/album/1208328/,[禁漫漢化組](C106)[偽MIDI泥の会(石恵)]fernpo(葬送のフリーレン) [中国翻訳],"C106, 百合, 扶他, 全彩, 禁漫書庫",石恵,,中文,17,2025-08-23
JM1208350,https://18comic.vip/album/1208350/,[傭兵小僧] PUNKY KNIGHT -BOUNCING PHAIA-,"巨乳, 身體改造, 束縛, 扶他, 金屬盔甲, 觸手, 酷刑, vaginal, 出產, 百合, 群交, 劇情向, 單行本",傭兵小僧,,日文,203,2025-08-23
JM1208263,https://18comic.vip/album/1208263/,[甜族星人赞助汉化] [浅ひるゆう] 百合カップルに割って入ってしまった僕は  [中国翻訳],"巨乳, 雙性戀, 百合, 群交, 劇情向",浅ひるゆう,,中文,169,2025-08-23
JM1208327,https://18comic.vip/album/1208327/,[禁漫漢化組](C106)[ひきわり納豆(ひきわり納豆)]恥ずかしセイアちゃんは理性でどスケベを隠しきれない(ブルーアーカイブ) [中国翻訳],"C106, 獸耳, 貧乳, 中出, 懷孕, 全彩, 禁漫書庫, 阿黑颜",ひきわり納豆,,中文,17,2025-08-23
JM1207997,https://18comic.vip/album/1207997/,[社不です。 (もぐちょび)] 初物嫉妬 (ぼっち・ざ・ろっく!) [中国翻訳] [DL版],"舔陰, 百合",もぐちょび,,中文,28,2025-08-22
JM1208252,https://18comic.vip/album/1208252/,[塩屋町curry (塩屋こるり)] 性欲 (ぼっち・ざ・ろっく!) [中国翻訳] [DL版],"贫乳, 百合, 校服, 校园, 扶他",塩屋こるり,,中文,20,2025-08-23
JM1208261,https://18comic.vip/album/1208261/,金色狂狼露娜 屈辱摔角3 [春狸屋] ゴールデンウルフルナ 屈辱プロレス3 [中国翻訳],"肛交, 口交, 束縛, 黑肉, 電擊, 塞口器, 怪物女孩, 肌肉, 潮吹, 放尿, 摔跤, 百合, 劇情向",春狸屋,,中文,66,2025-08-23
JM1208010,https://18comic.vip/album/1208010/,金色狂狼露娜 屈辱摔角2 [春狸屋] ゴールデンウルフルナ 屈辱プロレス2 [中国翻訳],"肛交, 窒息, 口交, 束縛, 舔陰, 黑肉, 扶他, 怪物女孩, 肌肉, 鬼族, 強暴, 虐待, 摔跤, 百合, 劇情向",春狸屋,,中文,66,2025-08-22
JM1207848,https://18comic.vip/album/1207848/,金色狂狼露娜 屈辱摔角 [春狸屋] ゴールデンウルフルナ 屈辱プロレス１ [中国翻訳],"巨乳, 黑肉, 肛交, 百合",春狸屋,,中文,66,2025-08-22
JM1207825,https://18comic.vip/album/1207825/,这片日暮都是你的错 [祈愈汉化组] (C106) [SAKURA (栗原さくら)] トワイライトは君のせい (ブルーアーカイブ) [中国翻訳] [DL版],"C106, 非H, 百合",栗原さくら,,中文,41,2025-08-22
JM1207800,https://18comic.vip/album/1207800/,[夏目梅] 新人女子アナ尊厳破壊レズ奴○調教 [中国翻訳],"熟女, 百合, 束縛, 調教, 項圈","nogcha, 夏目梅",,中文,48,2025-08-21
JM1207696,https://18comic.vip/album/1207696/,被妹妹发现在变态自慰的姐姐 [某国大統領] 妹に変態オナニーを見られた姉 [中国翻訳],"姊妹, 貧乳, 百合, 亂倫, 束縛, 性玩具",某国大統領,,中文,15,2025-08-21
JM1207665,https://18comic.vip/album/1207665/,[路小茜个人汉化] [Dinoboy555] Cyberpunk2077 Favorites [Chinese],"百合, 雙性戀, 扶他, 接吻, 群交, 口交, 舔陰, 3D, 無修正",Dinoboy555,,中文,36,2025-08-21
JM1207307,https://18comic.vip/album/1207307/,[プリンを食べるお馬さん (うつぼのるつぼ)] 彼女と彼女の幸福原理 ～魔女は用心棒に恋をした～ [中国翻訳] [DL版],"劇情向, 百合",うつぼのるつぼ,,中文,46,2025-08-19
JM1207449,https://18comic.vip/album/1207449/,(C106) [Vパン'sエクスタシー (左藤空気)] Vanishing Reality3 〜奏星嬌辱〜 [DL版],"C106, 劇情向, NTR, 亂倫, 巨乳, 雙性戀, 口交, 項圈, 墮落, 遮眼, 女性支配, 手套, 接吻, 魔法少女, 中出, 乳交, 過膝襪, 長筒靴, 轉化, 百合, 群交, 性转",左藤空気,,日文,46,2025-08-20
JM1207551,https://18comic.vip/album/1207551/,[颜千九] 心意的解放,"全彩, 百合, 扶他, AI繪圖, CG",颜千九,,中文,25,2025-08-21
JM1207087,https://18comic.vip/album/1207087/,别样的连理 [猫猫糕汉化][みかん氏 (mikanuji)]不揃いの連理,"非H, 百合, 纯爱, 巨乳",mikanuji,,中文,21,2025-08-19
JM1206642,https://18comic.vip/album/1206642/,我其实，只是想要和你在一起  [提黄灯喵汉化组×碧蓝档案百合组×一青二白汉化组] (C106) [Pastag (竹嶋えく、水草ぱん)] ほんとは一緒に、いたいだけ,"C106, 接吻, 百合",竹嶋えく水草ぱん,,中文,49,2025-08-18
JM1206610,https://18comic.vip/album/1206610/,(C106) [聖華快楽書店 (ちょこみんと、エルトリア)] TSサキュバス ～行き倒れのサキュバスを助けたら女体化させられました。女の子の体ってこんなに気持ちいいの！？～ [DL版],"C106, 性轉, 巨乳, 惡魔女孩, 指交, 自慰, 中出, 性玩具, 過膝襪, 雙馬尾, 透視, 百合","ちょこみんと, エルトリア, 圣华快乐书店",,日文,98,2025-08-18
JM1206240,https://18comic.vip/album/1206240/,[Lilish] 皇女的不妙大冒险！01,"全彩, 巨乳, 束縛, 百合, 3D",Lilish,,中文,48,2025-08-17
JM1206253,https://18comic.vip/album/1206253/,(C106)[ろーぷあいらんど(みやのゆき)]キラッキランランをとりもどせ！(キミとアイドルプリキュア♪)[DL版],"C106, 巨乳, 貧乳, 指交, 群交, 股交, 高潮, 潮吹, 百合",みやのゆき,,,32,2025-08-17
JM1206348,https://18comic.vip/album/1206348/,心动心动 夜晚的茶话会 [欶澜汉化组] (C106) [N7747、ますく堂 (いせぽん、Masco)] ドキドキ!夜ノティーパーティー (ブルーアーカイブ)[DL版],"C106, 巨乳, 校服, 獸耳","いせぽん, Masco",,中文,27,2025-08-18
JM1204156,https://18comic.vip/album/1204156/,[BLUE氪个人翻译][館山けーた] 百合フェチLIFE 第14話 (コミック エグゼ 61) [中国翻訳] [DL版],"纯爱, 舔阴, 接吻, 內衣, 迷你女孩, 百合",館山けーた,,中文,18,2025-08-10
JM1206228,https://18comic.vip/album/1206228/,[みずきひとし] 巨乳家族 3,"亂倫, 百合, 指交, 高潮, 潮吹, 乳汁, 單行本",みずきひとし,,日文,190,2025-08-17
JM1206147,https://18comic.vip/album/1206147/,[Komachan]IF线-下篇 蕾米莉亚酱的秘密-特殊性癖-被发现了❤ [AI Generated],"遮眼, 束縛, 調教, 全採, CG集, 舔足, 百合, AI繪圖",Komachan,,中文,21,2025-08-17
JM1206234,https://18comic.vip/album/1206234/,[Ceteee] Astra Yao X Evelyn [Chinese],"純愛, 巨乳, 劇情向, 接吻, 百合",Ceteee,,中文,9,2025-08-17
JM1205976,https://18comic.vip/album/1205976/,【颜千九】春日午后,"全彩, CG集, AI繪圖, 扶他, 百合, 過膝襪",颜千九,,中文,21,2025-08-16
JM1206239,https://18comic.vip/album/1206239/,[旋转引导扇区汉化组] [春待氷柱 (名宵)] 鏡にした口付け [中国翻訳] [DL版],"C106, 巨乳, 純愛, 股交, 高潮, 潮吹, 百合, 百破, 飞竹最爱的百破, NTR",名宵,,中文,32,2025-08-17
JM1205570,https://18comic.vip/album/1205570/,[cccndk] 莉西缇斯希亚IF 1-2,"口交, 束缚, 调教, 指交, 搔痒, 全彩, 巨乳, 3D, 催眠, 校园, 校服, 百合",cccndk,,中文,396,2025-08-15
JM1205567,https://18comic.vip/album/1205567/,[Yuyusama_个人汉化] [Bzsk.、chie] バンパイアの茶会 (東方Project) [中国翻訳],"亂倫, 百合","Bzsk., chie",,中文,19,2025-08-15
JM1205560,https://18comic.vip/album/1205560/,[龍瀬弓乃] Wトライアングル! [DL版],"阿黑顏, 口交, 束縛, 吸奶, 緊身胸衣, 舔陰, 女惡魔, 接吻, 乳膠衣, 中出, 馬尾, 學校泳裝, 潮吹, 泳裝, 雙馬尾, 百合, 單行本",龍瀬弓乃,,日文,178,2025-08-15
JM1205561,https://18comic.vip/album/1205561/,[亜麻木硅] STAINLESS NIGHT 2021 SAYAKA [DL版],"扶他, 眼鏡, 馬尾, 性玩具, 百合, 劇情向, 單行本",亜麻木硅,,日文,167,2025-08-15
JM1205557,https://18comic.vip/album/1205557/,[さだこーじ] Sadistic [DL版],"束縛, 舔陰, 穿刺, 潮吹, 百合, 單行本",さだこーじ,,日文,183,2025-08-15
JM1205835,https://18comic.vip/album/1205835/,[悠宇樹] ハンサムBODY [DL版],"校园, 校服, 舔阴, 纯爱, 剧情向, 百合, 單行本",悠宇樹,,日文,180,2025-08-16
JM1205544,https://18comic.vip/album/1205544/,小自己十歲的表妹醬 m1-m45 [天帝哥個人漢化] [加瀬大輝] 10歳年下のいとこちゃん m1-m45 [無修正] [中国翻訳],"全彩, 肛交, 顏射, 巨尻, 巨乳, 口交, 顏射, 兔女郎, 癡漢, 露出, 顏面騎乘, 多毛, 手淫, 和服, 內衣, 中出, 連褲襪, 馬尾, 校服, 性玩具, 睡姦, 過膝襪, 股交, 出汗, 泳裝, 黑肉, 百合, 群交, 亂倫, CG, 無修正, 兄妹, 妹妹, 纯爱, 双飞, 黑丝",加瀬大輝,,中文,212,2025-08-15
JM1205435,https://18comic.vip/album/1205435/,[とやてい (戸山公成)] 嫉妬 -JEALOUSY- (新世紀エヴァンゲリオン) [中国翻訳],"束縛, 女性支配, 性玩具, 百合, 全彩",戸山公成,,中文,32,2025-08-15
JM1205298,https://18comic.vip/album/1205298/,(C105) [peachpulsar (みら)] とろとろSWEETバスタイム [中国翻訳],"C105, 純愛, 百合",みら,,中文,39,2025-08-14
JM1205207,https://18comic.vip/album/1205207/,[FEENA] 愛うえおバディ [中国翻訳],"校園, 校服, 高馬尾, 指交, 過膝襪, 舔陰, 眼鏡, 百合, 單行本",FEENA,,中文,164,2025-08-14
JM1204963,https://18comic.vip/album/1204963/,[真不可视汉化组] [吉本] 先輩2人を責める七咲 (アマガミ) [中国翻訳],"肛交, 巨乳, 束縛, 女性支配, 拍攝, 塞口器, 群交, 高跟鞋, 乳膠衣, 戴面具, 性玩具, 過膝襪, 泳裝, 百合, lgbt","吉本, 扶他",,中文,11,2025-08-13
JM246521,https://18comic.vip/album/246521/,天降惡魔 [沒有漢化] [Grey] Devil Drop [七尾ぐれ] デビルドロップ,"百合, 巨乳, 魅魔, 劇情向, 韓漫","Grey, 七尾ぐれ",,,726,2021-03-24
JM1205198,https://18comic.vip/album/1205198/,[RetroCyber 个人汉化] [Vel] 替身学习 (Blue Archive),"女性支配, 手淫, 附身, 自慰, 百合, 全彩",Vel,,中文,16,2025-08-14
JM1204722,https://18comic.vip/album/1204722/,[Yumail] 玛茜的特别跑团之夜,"美漫, 束缚, 巨乳, 肛交, 性玩具, 百合",Yumail,,中文,21,2025-08-12
JM1204055,https://18comic.vip/album/1204055/,[Zarzaparrilla] 断刀——党卫队的崛起与终结 01-04,"窒息, 納粹, 戀屍, 虐殺, 假陽具, 酷刑, 鞭打, 木馬, 百合, 3D",Zarzaparrilla,,中文,445,2025-08-10
JM1205244,https://18comic.vip/album/1205244/,晒痕很下流的茶话会成员们♥[欶澜汉化组] [ミモネル] スケベに焼けたティーパーティー♥ (ブルーアーカイブ) [中国翻訳],"巨乳, 項圈, 遮眼, 狐娘, 後宮, 西瓜肚, 獸耳, 中出, 馬尾, 眼鏡, 泳裝, 黑肉, 群交, 全彩",ミモネル,,中文,26,2025-08-14
JM1204518,https://18comic.vip/album/1204518/,没想到竟然被小希推倒了 [茅森月歌吧汉化委员会] [hydroxy (灰泥きし)] まさかユッキーに押し倒されるなんて！？(ヘブンバーンズレッド) [中国翻訳],"接吻, 百合",灰泥きし,,中文,23,2025-08-11
JM1204031,https://18comic.vip/album/1204031/,[心海汉化组] [R.S.I. (りむ)] 魔法少女を射んとせばまず母を射よ [中国翻訳],"阿黑顏, 巨乳, 口交, 緊身衣, 墮落, 處女, 無口, 眼鏡, 辣妹, 中出, 亂倫, 乳頭凹陷, 乳膠衣, 魔法少女, 手淫, 熟女, 催眠, 人妻, 母女丼, 乳交, 短髮, 懷孕, 校服, 性玩具, 潮吹, 過膝襪, 高個女, 黑肉, 教師, 雙馬尾, 透視, 百合, 群交, 全彩","りむ, R.S.I.",,中文,44,2025-08-10
JM1203790,https://18comic.vip/album/1203790/,雷电将军&八重神子,"巨乳, 雙性戀, 和服, 巫女, 中出, 馬尾, 過膝襪, 透視, 百合, 群交","N/A, MANA",,中文,42,2025-08-09
JM1203768,https://18comic.vip/album/1203768/,[nonothird个人汉化] [のん] 霊夢にイカされまくるのが癖になってきちゃった魔理沙ちゃん (東方Project) [中国翻訳],"全彩, 潮吹, 高潮, 項圈, 舔陰, 百合, 全彩",のん,,中文,18,2025-08-09
JM1203939,https://18comic.vip/album/1203939/,[七分糖芒果] 粘液之爱 2 [AI generated],"換身, 手淫, 機器人, 百合, AI繪圖, 無修正",七分糖芒果,,中文,35,2025-08-09
JM1203752,https://18comic.vip/album/1203752/,[大妖精汉化组] [竹とんぼ (内燃)] 円香ちゃん...ゥッ.... (シャニマスTS合同) (アイドルマスター シャイニーカラーズ) [中国翻訳] [DL版] [大妖精汉化组],"劇情向, 性玩具, 百合",内燃,,中文,10,2025-08-09
JM270947,https://18comic.vip/album/270947/,邪靈附體 / 被惡魔附身的少女 / Satanophany[山田惠庸] サタノファニ,"青年漫, 重口, 百合, 巨乳, 強暴, 扶他, 女性支配, 束縛, 處女, 口交, 群交, 劇情向",山田惠庸,,中文,6107,2021-08-06
JM1203202,https://18comic.vip/album/1203202/,[姶蜜] 異種族レズビアンズ [DL版],"巨乳, 口交, 妖精, 遮眼, 扶他, 怪物女孩, 乳頭凹陷, 獸耳, 乳汁, 中出, 乳交, 史萊姆娘, 過膝襪, 觸手, 百合, 單行本",姶蜜,,日文,171,2025-08-07
JM1203460,https://18comic.vip/album/1203460/,(例大祭16) [冬扇草堂 (冬扇)] 幻想郷ゆっくり異変 (東方Project) [中国翻訳],"阿黑顏, 巨乳, 吸奶, 乳汁, 觸手, 百合, 油庫裡, 猎奇",冬扇,,中文,18,2025-08-08
JM1203474,https://18comic.vip/album/1203474/,抖M废柴上班族惠惠想反撲 抖S吃軟飯地雷系小志茉※沒成功。 [基德漢化組] [ぐつとま (タチ)] ドMダメ会社員のめぐむんはドSヒモ地雷系のシマちゃんに逆転したい※出来ません。 [中国翻訳] [DL版],"綁縛, 調教, 束縛, 辦公女郎, 貓女, 項圈, 舔陰, 女性支配, 獸耳, 打屁股, 放尿, 百合","タチ, ぐつとま",,中文,38,2025-08-08
JM1203087,https://18comic.vip/album/1203087/,风灵玉秀,"全彩, ai, 百合, 口交, 亲吻",花姑,,,15,2025-08-06
JM1203054,https://18comic.vip/album/1203054/,备用钥匙 [莉赛特汉化组] [岩見樹代子] あいかぎ （シロップ NIGHT 初夜百合アンソロジー） [中国翻訳],"眼鏡, 百合",岩見樹代子,,中文,20,2025-08-06
JM1203063,https://18comic.vip/album/1203063/,[打打计数君个人汉化] [姶蜜] 異種族レズビアンズ [中国翻訳],"巨乳, 口交, 妖精, 遮眼, 扶他, 怪物女孩, 獸耳, 乳汁, 中出, 史萊姆, 史萊姆娘, 過膝襪, 觸手, 百合, 單行本, 圣光",姶蜜,,中文,171,2025-08-06
JM1202981,https://18comic.vip/album/1202981/,【銀ちゃん】莉莉丝的烦恼——心动的监禁,"綁縛與調教, 遮眼, 束縛, 女惡魔, 女性支配, 塞口器, 性玩具, 打屁股, 潮吹, 過膝襪, 雙馬尾, 放尿, 百合",銀ちゃん,,中文,16,2025-08-06
JM1204962,https://18comic.vip/album/1204962/,被两个前辈凌辱的七咲 5 [真不可视汉化组] [吉本] 先輩二人に責められる七咲 (アマガミ) [中国翻訳],"肛交, 巨乳, 束縛, 女性支配, 拍攝, 塞口器, 群交, 高跟鞋, 乳膠衣, 戴面具, 性玩具, 過膝襪, 泳裝, 百合","吉本, 扶他",,中文,13,2025-08-13
JM1202977,https://18comic.vip/album/1202977/,【銀ちゃん】 莉莉丝的烦恼——纱织的苦恼,"肛交, 綁縛與調教, 束縛, 舔陰, 女惡魔, 女性支配, 群交, 怪物女孩, 校服, 打屁股, 過膝襪, 雙馬尾, 百合",銀ちゃん,,中文,16,2025-08-06
JM1202849,https://18comic.vip/album/1202849/,[Nonothird个人汉化][しちみ]少女终结的幻想乡,"非H, 百合",しちみ,,中文,69,2025-08-05
JM1202003,https://18comic.vip/album/1202003/,[虹之星汉化组] (蓮空祭3) [virophilia (織日ちひろ)] グッバイ·イレギュラー (ラブライブ! 蓮ノ空女学院スクールアイドルクラブ) [中国翻訳],"亲吻, 百合, 高潮, 指交, 潮吹",織日ちひろ,,中文,15,2025-08-02
JM1202850,https://18comic.vip/album/1202850/,[欶澜汉化组] 于深夜上演的少女色色激斗♥ [ミモネル] 深夜のエッチなガールズバトル♥ (ゼンレスゾーンゼロ) [中国翻訳],"巨乳, 百合",ミモネル,,中文,12,2025-08-05
JM1202100,https://18comic.vip/album/1202100/,畫家[DarkFlame] The Painter,"催眠, 全彩, 3D, 手套, 恶魔女孩, 百合",DarkFlame,,中文,488,2025-08-02
JM1202983,https://18comic.vip/album/1202983/,【銀ちゃん】莉莉丝的烦恼——圣夜的游戏,"綁縛與調教, 束縛, 女惡魔, 眼罩, 女性支配, 塞口器, 怪物女孩, 性玩具, 過膝襪, 雙馬尾, 百合",銀ちゃん,,中文,8,2025-08-06
JM1201980,https://18comic.vip/album/1201980/,[某国大統領] 変態のハロウィンに巻き込まれるおねーさん [中国翻訳],"繃帶, 巨乳, 大乳頭, 露出, 女性支配, 張口, 女警, 百合",某国大統領,,中文,11,2025-08-02
JM1201219,https://18comic.vip/album/1201219/,[hz个人翻译] [ご飯大盛り] ヒロインを手に入れたいので洗脳悪堕ちさせる事にしました[中国翻訳],"墮落, 扶他, NTR, 假陽具, 透視, 病嬌, 百合, 劇情向",ご飯大盛り,,中文,191,2025-07-30
JM1201215,https://18comic.vip/album/1201215/,[ピリオデストラクション (ぴりぷん)] バレてますよアイリス様。 [中国翻訳] [DL版],"阿黑顏, 舔陰, 女僕, 手淫, 性玩具, 潮吹, 出汗, 百合",ぴりぷん,,中文,46,2025-07-30
JM1201490,https://18comic.vip/album/1201490/,[余晖唐灵]喜欢你身上的气味1+2（咩栗x呜米)[中国语],"纯爱, 百合, 兽耳, 过亲吻, 指交, 高潮, 潮吹, 巨乳, MeUmy",余晖唐灵,,中文,46,2025-07-31
JM1201252,https://18comic.vip/album/1201252/,騎士團長系列總集篇（1-4 [沒有漢化] ）+ （回憶錄、CG [AI漢化]）[龍企画 (龍炎狼牙)] 騎士団長シリーズ総集編 [中国翻訳],"肛交, 口交, 拍攝, 多毛, 乳頭凹陷, 接吻, 內衣, 女僕, 金屬盔甲, 中出, 強暴, 過膝襪, 觸手, 透視, 百合, 群交, 性转",龍炎狼牙,,中文,168,2025-07-30
JM1200982,https://18comic.vip/album/1200982/,[hz个人翻译] [ご飯大盛り] ヒロインを手に入れたいので洗脳悪堕ちさせる事にしました第一话[中国翻訳],"巨乳, 扶他, 百合",ご飯大盛り,,中文,51,2025-07-29
JM1133882,https://18comic.vip/album/1133882/,轉世成咕殺姬騎士，到百合娼館工作。 [ひな姫] くっ殺せの姫騎士となり、百合娼館で働くことになりました。 [中国翻訳],"劇情向, 性轉, 百合, 巨乳, 露出, 異種姦, 完結",ひな姫,,中文,807,2025-04-23
JM1200861,https://18comic.vip/album/1200861/,封魂の退魔巫女～母娘が悪霊に染まり乗っ取られるまで～,"全彩, 巨乳, 淫紋, 百合, 附身","HAN, 柊ぽぷら",,中文,58,2025-07-28
JM1200869,https://18comic.vip/album/1200869/,[MartinCorps] 龙之宝藏,"怪物女孩, 百合, 巨乳","MartinCorps], MartinCorp",,中文,17,2025-07-28
JM1200790,https://18comic.vip/album/1200790/,百合互虐；自缚被困的姐姐续集、被乳胶真空保存折磨到姐姐、,"獸耳, 3D",N/A,,中文,38,2025-07-28
JM1200785,https://18comic.vip/album/1200785/,百合互虐：乳胶母狗全包调教、皮革拘束、感官封闭02,"獸耳, 3D",N/A,,中文,40,2025-07-28
JM1200782,https://18comic.vip/album/1200782/,百合互虐：被卖掉的晓晓,"獸耳, 3D",N/A,,中文,34,2025-07-28
JM1200784,https://18comic.vip/album/1200784/,百合互虐：被做成木乃伊的乐乐、保鲜膜密封包裹折磨、滴蜡、禁锢调教,"束縛, 奴隸, 酷刑, 3D",N/A,,中文,50,2025-07-28
JM1200779,https://18comic.vip/album/1200779/,百合互虐：百合互虐、晓晓的奴隶日记、木乃伊拘束调教01,"巨乳, 3D",N/A,,中文,42,2025-07-28
JM1200240,https://18comic.vip/album/1200240/,小莉与小默百合互虐 1-4集,"全彩, 綁縛, 調教, 緊身衣, 束縛, 女性支配, 塞口器, 獸耳, 乳膠衣, 百合, 3D",N/A,,中文,1580,2025-07-26
JM1200781,https://18comic.vip/album/1200781/,百合互虐：被姐姐揉虐的晓晓、保鲜膜木乃伊拘束调教！,"巨乳, 調教, 3D",N/A,,中文,40,2025-07-28
JM1200553,https://18comic.vip/album/1200553/,[透明声彩汉化组] [434 Not Found (isya)] Office Sweet 365 OS1-1：CEO×CFO [DL版],"全彩, 巨乳, 百合",isya,,中文,16,2025-07-28
JM1200728,https://18comic.vip/album/1200728/,[透明声彩汉化组] [434 Not Found (isya)] Office Sweet 365 vol.2 2-1.Planner×Planner [中国翻訳] [DL版],"全彩, 巨乳, 百合",isya,,中文,18,2025-07-28
JM1200630,https://18comic.vip/album/1200630/,爱音爽世BOOK1 [猫岛汉化组] (C105) [Lilioceris sacrifice (ExtremeLilyPig)] あのそよブック1 (BanG Dream! It's MyGO!!!!!) [中国翻訳],"C105, 非H, 百合, 校服",ExtremeLilyPig,,中文,10,2025-07-28
JM1200400,https://18comic.vip/album/1200400/,[大友同好會X一青二白汉化组] (C102) [EDGE WORTH (ぞくさん)] 同居でひろがる二人の露華1 (ひろがるスカイ!プリキュア) [中国翻訳],"C102, 貧乳, 百合, 劇情向, 纯爱",ぞくさん,,中文,30,2025-07-27
JM1200471,https://18comic.vip/album/1200471/,[透明声彩汉化组] [どよんど。 (中村たいやき)] 神木家その後。 [中国翻訳] [DL版],"纯爱, 亲吻, 剧情向, 舔阴, 高潮, 潮吹, 性玩具, 百合, 扶他, 乱伦",中村たいやき,,中文,102,2025-07-27
JM1200635,https://18comic.vip/album/1200635/,[猫岛汉化组] [こるり屋 (こるり)] キラキラプレタポルテ (ウマ娘 プリティーダービー) [中国翻訳],"非H, 劇情向, 百合",こるり,,中文,23,2025-07-28
JM1199391,https://18comic.vip/album/1199391/,被真冬前辈全方位指导的奏 [烨火oasis个人汉化] まふゆに色々教えてもらっちゃう奏[おんどれあんこ餅],"巨乳, 贫乳, 百合, 兔女郎",おんどれあんこ餅,,中文,17,2025-07-22
JM1199246,https://18comic.vip/album/1199246/,[路过的骑士汉化组] (C104) [ジョリノリノギー (あいみつ)] 高らかにうてニ～ (魔法少女にあこがれて) [中国翻訳],"C104, 巨乳, 百合",あいみつ,,中文,24,2025-07-22
JM1199231,https://18comic.vip/album/1199231/,光是亲亲可不够啊 [碧蓝档案百合组] (C105) [寝癖跡 (ねぐ)] キスだけじゃ足りません... (ブルーアーカイブ) [中国翻訳],"C105, 獸耳, 接吻, 百合, 非H",ねぐ,,中文,19,2025-07-22
JM1199044,https://18comic.vip/album/1199044/,[4365y56个人汉化] (C92) [Kanatofu] Pure Nomi Kiwami (p.120-129),"C92, 迷你女孩, 怪物女孩, 體型縮小, 丸吞, 百合",Kanatofu,,中文,11,2025-07-21
JM1198960,https://18comic.vip/album/1198960/,[颠佬旅者汉化组] [かさはらともえ (笠原巴)] 崩壊世界のキアナブローニャ メイから始める姫子ハーレム3 (崩壊3rd) [DL版],"百合, 巨乳",笠原巴,,中文,21,2025-07-21
JM1198981,https://18comic.vip/album/1198981/,魅魔按摩店~男女通杀，令异族亦沉沦的她 [雾雨玲子] [ざんどろ] サキュバスマッサージ ～オトコもオンナも異種族もイカせる女～,"劇情向, 異種, 指交, 潮吹, 女惡魔, 怪物女孩, 百合, 中出",ざんどろ,,中文,117,2025-07-21
JM1198559,https://18comic.vip/album/1198559/,[真ノ助高校 (しん)] みらくるあそーと! (ラブライブ! 蓮ノ空女学院スクールアイドルクラブ) [中国翻訳] [DL版],"双马尾, 校园, 校服, 纯爱, 亲吻, 百合",しん,,中文,32,2025-07-19
JM1198850,https://18comic.vip/album/1198850/,[BLUE氪个人翻译] [館山けーた] 百合フェチLIFE 第13話 (コミック エグゼ 60) [中国翻訳] [DL版],"巨乳, 校园, 校服, 亲吻, 百合",館山けーた,,中文,17,2025-07-20
JM1197190,https://18comic.vip/album/1197190/,[nonothird个人汉化] (秋季例大祭5) [Inadahime (いな)] 幼き劣情の行方 (東方Project) [中国翻訳],百合,いな,,中文,26,2025-07-15
JM1197001,https://18comic.vip/album/1197001/,[B_Meow个人汉化] (コミティア72) [ponz.info (ぽん酢)] Chu! [中国翻訳],"校服, 纯爱, 百合",ぽん酢,,中文,23,2025-07-15
JM1196618,https://18comic.vip/album/1196618/,[臭鼬娘漢化組] [ナユタレンダー] 寝ている女子達の尻を喰らいつくす [中国翻訳],"肛交, 舔肛, 睡姦, 嗅氣味, 百合",ナユタレンダー,,中文,79,2025-07-13
JM1196614,https://18comic.vip/album/1196614/,[えちえち健全油田 (ギリギリ健康)] アナルスライムトイレトレーニングで泥沼キャットファイト! [中國翻譯],"阿黑顏, 肛交, 西瓜肚, 獸耳, 史萊姆, 尿道插入, 放尿, 透視, 百合",ギリギリ健康,,中文,43,2025-07-13
JM1196547,https://18comic.vip/album/1196547/,(毛虫汉化组)[どちゃしこ] TSした義けいと義まいちゃんif,"舔阴, 性玩具, 百合, 性转, TS",どちゃしこ,,中文,7,2025-07-13
JM1195276,https://18comic.vip/album/1195276/,[NICOLAI (オリコ)] 家庭内売春3 [DL版],"校服, 百合, 巨乳, 指交, 高潮, 潮吹",オリコ,,日文,38,2025-07-09
JM1196334,https://18comic.vip/album/1196334/,(skeb)甜甜圈型怪人梅尔纳兹 vs 魔法少女布鲁莎姆,"全彩, 外星女孩, 肛交, 巨乳, 丸吞, 百合",skeb,,中文,3,2025-07-12
JM1196259,https://18comic.vip/album/1196259/,[緋月アキラ] ノイパちゃんはアブナイ! Step.8 (コミック エグゼ 54) [中国翻訳] [DL版],"校服, 马尾, 放尿, 高潮, 指交, 百合",緋月アキラ,,中文,14,2025-07-12
JM1196364,https://18comic.vip/album/1196364/,[&norino (norino)] その年の離れた黒髪姉妹とお〇こする話 3 〜姉妹の危機編〜,"阿嘿颜, 巨乳, 高潮, 潮吹, 群交, 指交, 中出, 过膝袜, 百合, 百合豚勿入",norino,,日文,44,2025-07-12
JM1196337,https://18comic.vip/album/1196337/,[shiny]少女遇险1-8,"全彩, 巨乳, 束缚, 百合, 3D",shiny,,中文,399,2025-07-12
JM1196138,https://18comic.vip/album/1196138/,被女孩子们团团环绕的漫画3 [碧蓝档案同人组] (C105) [まる。さんかく。しかく。 (tokyo:n)] おんなのこにまつわるほん3 (Blue Archive) [中国翻訳],"C105, 非H, 百合",tokyo:n,,中文,34,2025-07-11
JM1196225,https://18comic.vip/album/1196225/,［Shiny］不速之客1-2,"全彩, 巨乳, 束缚, 调教, 旗袍, 性玩具, 亲吻, 3D, 百合, AI绘图",Shiny,,中文,123,2025-07-12
JM1196136,https://18comic.vip/album/1196136/,[SoftCurl] 私(女の子)はママの女友達の性奴○になりました! [中国翻訳] [DL版],"肛交, 巨乳, 女性支配, 手套, 乳膠衣, 熟女, 乳環, 穿刺, 短髮, 假陽具, 高個女, 百合",SoftCurl,,中文,35,2025-07-11
JM1195879,https://18comic.vip/album/1195879/,[テリヤキササミ丼]クリトリスから精気吸うタイプのサキュバスに捕まった女の子 [中国翻訳] [DL版],"巨乳, 百合, 怪物女孩",テリヤキササミ丼,,中文,10,2025-07-11
JM1195743,https://18comic.vip/album/1195743/,嬉戏神隐 [无毒汉化组] [Black Lacquer (黒漆)] 戯れ神隠し [中国翻訳] [DL版],"乳膠衣, 觸手服, 蛇女, 觸手, 百合",黒漆,,中文,35,2025-07-10
JM1093944,https://18comic.vip/album/1093944/,乙女帝國[岸虎次郎]オトメの帝国,"百合, 歡樂向, 青年漫",岸虎次郎,,中文,1911,2025-03-09
JM1194852,https://18comic.vip/album/1194852/,[usonax] ダブルぬえちゃんとやらしいことしたい (東方Project) [中国翻訳] [DL版],"巨乳, 舔陰, 群交, 接吻, 援交, 百合",usonax,,中文,34,2025-07-07
JM1195622,https://18comic.vip/album/1195622/,[柊ぽぷら] 憑り換えっ娘 [中国翻訳],"阿黑顏, 巨乳, 項圈, 角色扮演, 舔陰, 處女, 漁網襪, 扶他, 吊帶襪, 群交, 辣妹, 高跟鞋, 接吻, 內衣, 手淫, 中出, 附身, 校服, 史萊姆, 過膝襪, 觸手, 透視, 百合",柊ぽぷら,,中文,53,2025-07-10
JM1194643,https://18comic.vip/album/1194643/,[JJking] 恶念之手（上）,"巨乳, 手淫, 催眠, 連褲襪, 附身, 過膝襪, 百合, 3D",JJking,,中文,151,2025-07-06
JM1195435,https://18comic.vip/album/1195435/,[Guilty dash] 女体を貪る接待旅館,"游戏CG, 全彩, 肛交, 巨乳, 遮眼, 口交, 束缚, 调教, 群交, 手交, 中出, 乳交, 强奸, 强暴, 性玩具, 泳装, 百合","ティータ.Ｊ, まる。, いっせー",,,1366,2025-07-09
JM1194630,https://18comic.vip/album/1194630/,你與我的甜蜜片刻[和菓子漫畫屋 漢化] [煩悩創作 (煩)] 貴女と私の甘いひととき[中国翻訳],"纯爱, 舔阴, 贫乳, 高潮, 潮吹, 百合",煩,,中文,35,2025-07-06
JM1194344,https://18comic.vip/album/1194344/,[奢侈的彩凤个人汉化] [小夜百合箱 (小夜百合)] 魔法少女悪蝕2～ふたなり改造連続絶頂～[中国翻译],"肛交, 巨乳, 口交, 墮落, 女性支配, 扶他, 扶他zation, 手套, 魔法少女, 中出, 過膝襪, 觸手",小夜百合,,中文,51,2025-07-05
JM1194339,https://18comic.vip/album/1194339/,［leveensky］狩猎,"肛交, 束縛, 電擊, 女性支配, 塞口器, 戴面具, 強暴, 性玩具, 百合",leveensky,,中文,15,2025-07-05
JM1194511,https://18comic.vip/album/1194511/,[直树爽] 夺舍宗！01,"全彩, 巨乳, 舔足, 附身, 百合, 3D",直树爽,,中文,91,2025-07-06
JM1194336,https://18comic.vip/album/1194336/,边狱巴士——堂迪克德,"巨乳, 手交, 巨茎, 透视, 中出, 百合, 扶他",N/A,,中文,10,2025-07-05
JM1194257,https://18comic.vip/album/1194257/,[BBBえくすとら (忠臣蔵之介)] お兄ちゃんはまえも×うしろもおしまいになりました! (お兄ちゃんはおしまい!) [英訳],"性转, 阿黑颜, 扶他, 百合, 巨乳, 肛交, 乱伦, 群交",忠臣藏之介,,,18,2025-07-05
JM1194255,https://18comic.vip/album/1194255/,[猫岛汉化组] (ハナサキノレン-花咲祝蓮-) [virophilia (織日ちひろ)] Hypersomnia “春眠不覺曉” (ラブライブ! 蓮ノ空女学院スクールアイドルクラブ),"剧情向, 非H, 巨乳, 校服, 百合, 接吻",織日ちひろ,,中文,17,2025-07-05
JM1194298,https://18comic.vip/album/1194298/,[nonothird个人汉化] (例大祭11) [WHITEsoda、ハシビロ工房 (みおはす、赤夜)] 月星ルシャトリエ (東方Project) [中国翻訳],"百合, 股交, 高潮, 潮吹, 纯爱","みおはす, 赤夜",,中文,34,2025-07-05
JM1194003,https://18comic.vip/album/1194003/,[和菓子漫畫屋漢化] 直到午休时间结束为止 3 [BetweenGirls (Betock)] お昼休みが終わるまで 3 [中国翻訳],"巨乳, 百合, 性玩具",Betock,,中文,49,2025-07-04
JM1193758,https://18comic.vip/album/1193758/,【透明声彩汉化组】(C105) [ほむら屋★プレアデス (焔すばる)] 私たちがソープしてあげる フルカラー百合ソープ本,"全彩, C105, 群交, 百合",焔すばる,,中文,25,2025-07-03
JM1193787,https://18comic.vip/album/1193787/,薰儿的捆绑表演 [Topicman(Elegant Flavor)] 薰儿的捆绑表演,"CG集, 緊身衣, 束縛, 塞口器, 高跟鞋, 乳汁, 乳膠衣, 乳環, 鼻鉤, 乳貼, 穿刺, 性玩具, 潮吹, 百合, 淫宗, 假阳具",ElegantFlavor,,中文,8,2025-07-03
JM1193572,https://18comic.vip/album/1193572/,[不落sun] 重生の妖王——橙妹篇,"劇情向, 阿黑顏, 巨乳, 遮眼, 束縛, 舔陰, 女性支配, 露出, 塞口器, 群交, 淩辱, 亂倫, 怪物女孩, 性玩具, 蛇女, 潮吹, 瘙癢, 酷刑, 百合, 潮吹凌辱百合中文性玩具, +潮吹+凌辱+百合+性玩具",不落sun,,中文,108,2025-07-02
JM1193324,https://18comic.vip/album/1193324/,【Naitong】体服的诱惑【下】,"AI绘图, 百合, 皮物, 性转, 体操服, 丝袜, 催眠, 乱伦, 其他制服","奈瞳, naitong",,中文,69,2025-07-02
JM1192993,https://18comic.vip/album/1192993/,[黒岩瑪瑙] 緊縛想館 ～濡れる牝母～,"肛交, 束縛, 貞操帶, 陰蒂增長, 灌腸, 女性支配, 多毛, 亂倫, 熟女, 人妻, 中出, 拒絕高潮, 援交, 性玩具, 假陽具, 百合, 劇情向, 單行本",黒岩瑪瑙,,日文,206,2025-07-01
JM1193983,https://18comic.vip/album/1193983/,[心海汉化组][StormFedeR] Magical Music 2 (Ranma 1/2),"全彩, 巨乳, 指交, 百合, 扶他, 舔陰, 催眠, 无修正",StormFedeR,,中文,16,2025-07-04
JM1192991,https://18comic.vip/album/1192991/,[奈塚Q弥] 極上!!ハーレム館 [DL版],"大乳暈, 巨乳, 泳裝, 口交, 束縛, 透視, 緊身胸衣, 舔陰, 處女, 藥物, 顏面騎乘, 女性支配, 拍攝, 眼鏡, 群交, 多毛, 手淫, 後宮, 中出, 女僕, 多重口交, 口交, multiple, 手淫, 枷刑, 馬尾, 懷孕, 強暴, 性玩具, 胃部突起, 假陽具, 壁尻, 百合, 亂倫, 劇情向, 單行本",奈塚Q弥,,日文,209,2025-07-01
JM1192939,https://18comic.vip/album/1192939/,(C99) [金瞳少女 (nipi)] オル邪ンシチュエーション (Fate/Grand Order)[中国翻訳],"C99, 束缚, 调教, 巨乳, 手交, 百合, 群交, 舔阴",nipi,,中文,50,2025-07-01
JM1192915,https://18comic.vip/album/1192915/,[蕪菁堂] [珠寿司 (白珠)] 上級術師が後輩に触手で敗かされる話 [中国翻訳],"阿黑顏, 束縛, 項圈, 藥物, 遮眼, 手套, 怪物女孩, 乳汁, 連體衣, 觸手服, 附身, 校服, 潮吹, 過膝襪, 觸手, 百合",白珠,,中文,53,2025-07-01
JM1192550,https://18comic.vip/album/1192550/,(せんせーのアーカイブ13) [まよけ茶屋 (まよちゃ)] 先輩!!助けてください!! (ブルーアーガイブ) [中国翻訳],"百合, 觸手",まよちゃ,,中文,23,2025-06-30
JM1191886,https://18comic.vip/album/1191886/,[不落sun] 重生の妖王——紅妹篇,"阿黑顏, 束縛, 女性支配, 淩辱, 怪物女孩, 性玩具, 蛇女, 潮吹, 瘙癢, 酷刑, 百合, 劇情向",不落sun,,中文,124,2025-06-29
JM1191845,https://18comic.vip/album/1191845/,[スタジオ☆ひまわり (日向恭介)] 催●学園風俗ひゅぷらば〜お嬢様・白瀬塔子編〜 [中国翻訳],"巨乳, 口交, 顏射, 項圈, 手套, 接吻, 催眠, 多重口交, 口交, 中出, 校服, 過膝襪, 泳裝, 百合, 群交, 劇情向, 非百合",日向恭介,,中文,56,2025-06-29
JM1192538,https://18comic.vip/album/1192538/,[ここな ひづる] ビーズワクス×カーディ (アークナイツ) [中国翻訳],"獸耳, 百合","ここな, ひづる",,中文,12,2025-06-30
JM1191828,https://18comic.vip/album/1191828/,[铃兔个人汉化][仮]一周一次买下同班同学的那些事 同人,"剧情向, 纯爱, 亲吻, 非H, 百合",仮,,中文,33,2025-06-29
JM1191826,https://18comic.vip/album/1191826/,（偶像大师等同人H·LC整合汉化组）[ LUXsumildo]八宫爱留的拘束粉丝见面会,"全彩, 调教, 性玩具, 巨乳, 束縛, 百合, 無修正",LUXsumildo,,中文,6,2025-06-29
JM1192250,https://18comic.vip/album/1192250/,【Naitong】体服的诱惑【下】,"乱伦, 皮物, 扶他, 百合, 性转, 催眠, 体操服, AI绘图","奈瞳, naitong",,中文,69,2025-06-30
JM1088847,https://18comic.vip/album/1088847/,今年必火的王牌小姐[ゔぇじたぶる]今年注目のエースちゃん,"竞技, 校园, 百合, 青年漫",ゔぇじたぶる,,,224,2025-03-02
JM1191060,https://18comic.vip/album/1191060/,[不落sun] 紅妹黑口袋篇,"阿黑顏, 肛交, 巨乳, 束縛, 露出, 接吻, 強暴, 性玩具, 蛇女, 打屁股, 瘙癢, 酷刑, 百合",不落sun,,中文,37,2025-06-27
JM1190887,https://18comic.vip/album/1190887/,[小柴胡] 璃月篇 双人调教,"全彩, CG集, 窒息, 束縛, 眼罩, 塞口器, 性玩具, 觸手, 百合",小柴胡,,中文,19,2025-06-27
JM1190860,https://18comic.vip/album/1190860/,[未见ミカ]【崩铁】符青,"瘙癢, 百合, 3D, 自製標題",未见ミカ,,中文,125,2025-06-27
JM1190548,https://18comic.vip/album/1190548/,[小柴胡] 误入奇怪的兼职,"全彩, 遮眼, 束縛, 電擊, 眼罩, 塞口器, 校服, 性玩具, 百合",小柴胡,,中文,50,2025-06-27
JM1190547,https://18comic.vip/album/1190547/,[小柴胡] 胡桃拷问,"全彩, 束縛, 眼罩, 塞口器, 性玩具, 觸手, 瘙癢, 百合",小柴胡,,中文,47,2025-06-27
JM1190294,https://18comic.vip/album/1190294/,[laylay] 白日夢間 (ブルーアーカイブ) [中国語] [DL版],"巨乳, 百合, 校服, 純愛",laylay,,中文,23,2025-06-26
JM1190427,https://18comic.vip/album/1190427/,[不落sun] 甘雨的媚藥按摩調教篇,"阿黑顏, 束縛, 性玩具, 打屁股, 潮吹, 百合, 全彩",不落sun,,中文,31,2025-06-26
JM1189954,https://18comic.vip/album/1189954/,大学生茜x幸 [MIB汉化] (C83)[玉砕島(３８式)]JDAKMY(スマイルプリキュア！)（中国翻訳）,"C83, 百合",3８式,,中文,197,2025-06-24
JM1189668,https://18comic.vip/album/1189668/,[碧蓝档案百合组] (C105) [ごしゃマート (護舎摩大寺)] ミカが1週間ナギサに会えない本 | 未花整整一周 都无法见到渚的漫画 (Blue Archive) [Chinese] [碧蓝档案百合组],非H,護舎摩大寺,,中文,33,2025-06-23
JM1189377,https://18comic.vip/album/1189377/,平凡英雄-第十集,"全彩, 巨乳, 3D, 亲吻, 百合, 舔阴, 股交, 束缚, 调教, 口交, NTR","N/A, siu",,中文,176,2025-06-22
JM1189488,https://18comic.vip/album/1189488/,织莉纪里的糯软濡湿百合H[毛虫汉化组] [K] おりキリふわとろ百合えっち (マギアレコード 魔法少女まどか☆マギカ外伝) [中国翻訳],"巨乳, 純愛, 接吻, 潮吹, 百合",K,,中文,9,2025-06-23
JM1189329,https://18comic.vip/album/1189329/,[桃山ジロウ] 快楽の園【新装版】 [DL版],"肛交, 綁縛與調教, 性勒索, 身體改造, 束縛, 貞操帶, 舔陰, 灌腸, 露出, 塞口器, 淩辱, 熟女, 人妻, 穿刺, 強暴, 性玩具, 姊妹, 奴隸, 潮吹, 過膝襪, 觸手, 酷刑, 尿道插入, 放尿, 鞭打, 木馬, 百合, 群交, 亂倫, 單行本, 兽交",桃山ジロウ,,日文,168,2025-06-22
JM1189258,https://18comic.vip/album/1189258/,[桃山ジロウ] 監禁凌辱【新装版】[DL版],"群交, 肛交, 過膝襪, 強暴, 束縛, 性玩具, 單行本, 百合, 出汗, 放尿, 舔陰, 塞口器, 潮吹, 長筒靴, 奴隸, 灌腸, 乳膠衣, 束縛, 綁縛與調教, 酷刑, 鞭打, 木馬, 兽交",桃山ジロウ,,日文,147,2025-06-22
JM1189285,https://18comic.vip/album/1189285/,欢迎来到乳头调教沙龙[白杨汉化组] [えろはむちゃん (えろはむ)] 乳首開発サロンへようこそ [中国翻訳],"高潮, 巨乳, 阿黑顏, 百合, 并非真百",えろはむ,,中文,68,2025-06-22
JM1189327,https://18comic.vip/album/1189327/,[いわした書店 (いわした)] 僕らの入れ替わり復讐譚,"校园, 校服, 附身, 过膝袜, 亲吻, 百合, 巨乳, 贫乳",いわした,,日文,40,2025-06-22
JM1189086,https://18comic.vip/album/1189086/,[不落sun] 三三全彩新篇,"阿黑顏, 束縛, 女性支配, 怪物女孩, 性玩具, 蛇女, 打屁股, 潮吹, 瘙癢, 假小子, 酷刑, 百合, 全彩",不落sun,,中文,25,2025-06-21
JM1189000,https://18comic.vip/album/1189000/,[Eternal] 嫉妒心,"全彩, 巨乳, 舔陰, 附身, 百合, 3D",Eternal,,中文,133,2025-06-21
JM1189100,https://18comic.vip/album/1189100/,校规第51章319条 若部门存在复数学生担任代表的情况， 则必须执行以下规定的程序[虹之星汉化组] (僕らのラブライブ! 41) [あーゆーれでぃ? (あゆ)] 校則第51章第319条 部活動において複数名の生徒がその代表を務める場合、以下に定める手続きを必ず行うこと [中国翻訳],"巨乳, 贫乳, 亲吻, 纯爱, 股交, 百合",あゆ,,中文,16,2025-06-21
JM1188638,https://18comic.vip/album/1188638/,[くがつここのか]九条院家のメイドさんはドM開発されるのがお仕事です。[中国翻訳] [DL版],"束腹, 調教, 指交, 高潮, 遮眼, 百合","くがつここのか, 岩下继",,中文,37,2025-06-19
JM1188466,https://18comic.vip/album/1188466/,【透明声彩汉化组】(レヴュースタァシアター18th)[SpectrUm(Zef)]STARTRAIL STARVEIL(少女☆歌劇レヴュースタァライト),"校园, 校服, 百合, 过膝袜, 指交, 高潮, 贫乳",Zef,,中文,40,2025-06-19
JM1188264,https://18comic.vip/album/1188264/,[船堀斉晃] よういく〈孕鬻〉 [DL版],"阿黑顏, 肛交, 藥物, 中出, 女僕, 強暴, 百合, 群交, 亂倫, 劇情向, 單行本",船堀斉晃,,日文,198,2025-06-18
JM1187986,https://18comic.vip/album/1187986/,[机翻+个人整理] [アンソロジー] くっ殺ヒロインズVol.3 [DL版],"阿黑顏, 肛交, 巨乳, 緊身衣, 顏射, 透視, 墮落, 處女, 扶他, 多毛, 超乳, 西瓜肚, 乳汁, 魔法少女, 中出, 子宮脫, 強暴, 過膝襪, 胃部突起, 觸手, 雙馬尾, 百合, 群交",多作者,,中文,135,2025-06-17
JM1187639,https://18comic.vip/album/1187639/,[角角吉診室(角角吉)] 痕跡（下） (BanG Dream!)[Chinese],"非H, 百合",角角吉,,中文,40,2025-06-16
JM1186786,https://18comic.vip/album/1186786/,[SHA_OFFICIAL] Saints阿胜 S1EP1-S1EP4,"高跟鞋, 虐殺, 酷刑, 放尿, 百合, 3D",SHA_OFFICIAL,,中文,117,2025-06-15
JM1187365,https://18comic.vip/album/1187365/,[贱兔] 穿越成女博后被扶她包围了？！,"巨乳, 扶他, 百合, AI繪圖",贱兔,,中文,16,2025-06-16
JM1186488,https://18comic.vip/album/1186488/,[ナポ] 恋のガンファイト｜戀之激情槍戰 [中国翻訳] [DL版],"劇情向, 巨乳, 肛交, 過膝襪, 中出, 口交, 單行本, 性玩具, NTR, 百合, 女性支配, 項圈, 內衣, 手套, 穿刺, 假陽具, 雙性戀, 假小子, 足交, NTR个鬼",ナポ,,中文,208,2025-06-15
JM1186817,https://18comic.vip/album/1186817/,[イジマヤ (伊島ユウ)] 百合ップルを卑劣な罠にハメて同時攻略『強羅エナ編』[中国翻訳],"全彩, 劇情向, 巨乳, 性勒索, 口交, 口交臉, 多毛, 中出, NTR, 短髮, 校服, 假小子, 百合",伊島ユウ,,中文,75,2025-06-15
JM1186401,https://18comic.vip/album/1186401/,小真姬想上厕所的故事 [穗千个人汉化] (僕らのラブライブ! 3) [スイートピー (大島智)] 真姫ちゃんがおトイレを我慢するお話。 (ラブライブ!) [中国翻訳],"百合, 校服",大島智,,中文,14,2025-06-14
JM1187614,https://18comic.vip/album/1187614/,[Norasuko] Locking Horns [Chinese] [痞诺曹小队汉化],"美漫, 怪物女孩, 肛交, 口交, 百合",norasuko,,中文,27,2025-06-16
JM1186388,https://18comic.vip/album/1186388/,[廉价汉化组] [abgrund (さいかわゆさ)] 白百合姉妹攻略総集編,"催眠, 巨乳, 制服, 群交","abgrund, (さいかわゆさ)",,中文,9,2025-06-14
JM1185825,https://18comic.vip/album/1185825/,[ベーグルサンド] リモートでココちゃんの代理をするアリシアさんの話 [中国翻訳] [DL版],"非H, 百合",ベーグルサンド,,中文,19,2025-06-13
JM1185382,https://18comic.vip/album/1185382/,被美少女吸血鬼改造成母乳自助机的故事 [个人AI汉化] [孝至] 美少女ヴァンパイアに母乳ドリンクバーにされる話 [中国翻訳],"全彩, 劇情向, 巨乳, 束縛, 吸奶, 墮落, 舔陰, 女性支配, 乳汁, 手淫, 轉化, 放尿, 吸血鬼, 百合",孝至,,中文,253,2025-06-13
JM1185376,https://18comic.vip/album/1185376/,被美少女吸血鬼改造成母乳自助机的故事[AAII汉化] | [孝至]美少女ヴァンパイアに母乳ドリンクバーにされる話,"全彩, 巨乳, 性轉, 劇情向, 純愛, 女性支配, 百合, 調教, 自慰, 束縛, 轉化",孝至,,中文,253,2025-06-13
JM1184669,https://18comic.vip/album/1184669/,[bkb自翻] [堕落さんぽ (さん)] 夢の守護者ドリーディア～後編～穢れ堕ちるディアクオーレ[中国翻訳],"CG集, 巨乳, 口交, 墮落, 黑乳頭, 黑肉, 扶他, 辣妹, 手淫, 魔法少女, NTR, 轉化, 雙馬尾, 百合",さん,,中文,195,2025-06-12
JM1183424,https://18comic.vip/album/1183424/,想我了吗？博士…？[AI Generated],"全彩, CG集, 百合, 亲吻, 病娇, AI繪圖, 附身, 夺舍",贱兔,,中文,15,2025-06-11
JM1185284,https://18comic.vip/album/1185284/,[甜族星人x我不看本子汉化] (COMIC1☆11) [横島んち。 (Ash横島)] ぼんのうせぶん 後半戦!,"巨乳, 黑肉, 性玩具, 百合, 非百合, 后宫, 龙奥天, 假小子, 伪娘, 扶他",Ash横島,,中文,19,2025-06-13
JM1184666,https://18comic.vip/album/1184666/,我們之間的求愛戦線  [透明声彩汉化组] [Digital] [えねるぎあ (ぴかち)] あたし達の求愛戦線 (魔法少女まどか☆マギカ) [中国翻訳] [DL版],"百合, 校服",ぴかち,,中文,60,2025-06-12
JM1183412,https://18comic.vip/album/1183412/,[角角吉診室(角角吉)] 痕跡（上） (BanG Dream!)[Chinese],"非H, 百合",角角吉,,中文,44,2025-06-10
JM1051446,https://18comic.vip/album/1051446/,星期三的夜晚，我與吸血鬼與商店 [綠茶漢化組] [羽戸らみ] 水曜日の夜には吸血鬼とお店を,"非H, 青年漫, 百合, 歡樂向, 職場",羽戸らみ,,中文,117,2025-01-07
JM1181767,https://18comic.vip/album/1181767/,[寻风个人汉化] [さぎさ七海]魔法少女マスターとスレイブにあこがれて１(魔法少女にあこがれて) [中国翻訳],"巨乳, 百合",さぎさ七海,,中文,34,2025-06-09
JM1182577,https://18comic.vip/album/1182577/,浪鶯 斬子 [綠茶漢化組/萌木漢化組] [黒木雄心] 太刀んぼ キルコ,"百合, 校服, 搞笑",黒木雄心,,中文,44,2025-06-10
JM1122279,https://18comic.vip/album/1122279/,[沒有漢化] [やし屋 (YASSY)] 助けて！ドレミーさん (東方Project) [中国翻訳],"肛交, 巨乳, 扶他, 丸吞, 百合, 群交",YASSY,,中文,39,2025-04-05
JM1181716,https://18comic.vip/album/1181716/,无法忍耐的忍者是个贪吃鬼 [东流春水1988个人汉化] [玉砕島 (38式)] 忍ばぬ忍者は食いしん坊 (ヘブンバーンズレッド) [中国翻訳] [DL版],"巨乳, 校服, 馬尾, 百合",38式,,中文,36,2025-06-09
JM1178599,https://18comic.vip/album/1178599/,[色魔棍哥个人汉化] [Dangai Zeppeki (Muchimo)] 雑図,"CG集, 足交, 扶他, 獸耳",Muchimo,,中文,15,2025-06-05
JM1181548,https://18comic.vip/album/1181548/,如果女子面容的男孩子身体变成了女孩子 [T.S.WORKS] (コミティア134) [マカロン (えんど)] もしも女顔の男の子が女の子の体になったら [中国翻訳],"性转, 百合, 剧情向, 指交, 高潮, 扶他",えんど,,中文,75,2025-06-08
JM1180635,https://18comic.vip/album/1180635/,紅色戒指 3 [AI漢化]The Red Ring 3 (blackshirtboy),"全彩, 美漫, 巨乳, 百合, 股交, 中出, 性转",blackshirtboy,,中文,23,2025-06-07
JM1178331,https://18comic.vip/album/1178331/,[えちえち健全油田 (ギリギリ健康)] ふたなりになりたい少女、クリトリスを調教される [DL版][中文翻譯],"貧乳, 百合, 舔陰, 巨乳",ギリギリ健康,,中文,10,2025-06-05
JM1178202,https://18comic.vip/album/1178202/,[nlch] 浅羽的日记本 [逆流茶会],"過膝襪, 雙馬尾, 百合",nlch,,中文,8,2025-06-04
JM1178138,https://18comic.vip/album/1178138/,百合美味部 [綠茶漢化組] [貞松龍壱] 百合バリズム部,"青年漫, 百合, 校園, 校服",貞松龍壱,,中文,9,2025-06-04
JM1177499,https://18comic.vip/album/1177499/,AELLOW-《老婆与她的女友们》①：妻子的秘密【AI】,"AI绘图, 全彩, 剧情向, NTR, 出轨, 百合, 口交, 背德, 中出, 巨乳, 性玩具, 无修正, 后宫",AELLOW,,中文,354,2025-06-03
JM1079691,https://18comic.vip/album/1079691/,M子-受虐癖[シロノマヒロ] M子 [中国翻訳] [無修正] [DL版],"無修正, 阿黑顏, 窒息, 束縛, 調教, 巨乳, 性勒索, 束縛, 吸奶, 出軌, 露出, 女性支配, 塞口器, 多毛, 後宮, 接吻, 熟女, 中出, 乳環, 鼻鉤, 性玩具, 潮吹, 透視, 百合, 群交, 單行本, 女绿, SM, M女, 绿帽癖（女）",シロノマヒロ,,中文,206,2025-02-18
JM1177497,https://18comic.vip/album/1177497/,AELLOW-《老婆与她的女友们》②：混乱男女关系篇【AI】/试看版,"AI绘图, 全彩, 剧情, NTR, 出轨, 百合, 口交, 背德, 中出, 巨乳, 无码, 无修, 异色瞳, 后宫",AELLOW,,中文,128,2025-06-03
JM1176134,https://18comic.vip/album/1176134/,[个人机翻润色] [ナユタレンダー] 美人ヨガ先生はアナルモンスター生徒に尻穴ご奉仕されたい [中国翻訳],"肛交, 巨尻, 巨乳, 舔肛, 百合",ナユタレンダー,,中文,64,2025-06-02
JM1176008,https://18comic.vip/album/1176008/,[透明声彩汉化组] [アンソロジー] 親子百合アンソロジー After Story [中国翻訳] [DL版],"亂倫, 人妻, 百合",多作者,,中文,85,2025-06-02
JM1175955,https://18comic.vip/album/1175955/,[世羅吉。] ドMママと鬼ロリ [DL版],"巨乳, 過膝襪, 阿黑顏, 熟女, 性玩具, 單行本, 百合, 女性支配, 項圈, 多毛, 出軌, 手淫, 露出, 超乳, 大乳暈, 性勒索, 潮吹, 淩辱, 大乳頭, 調教, 戴面具, 拳交, 漁網襪, 電擊",世羅吉。,,日文,210,2025-06-02
JM1175426,https://18comic.vip/album/1175426/,[bkb自翻] [堕落さんぽ (さん)] 夢の守護者ドリーディア～前編～黒く染まるディアアマリス[中国翻訳],"CG集, 口交, 墮落, 黑乳頭, 黑肉, 辣妹, 手淫, 魔法少女, NTR, 轉化, 雙馬尾, 百合",さん,,中文,224,2025-05-31
JM1175262,https://18comic.vip/album/1175262/,[nonothird个人汉化] [のん] 今度は霊夢の3本の指でへろへろにされる魔理沙。 (東方Project) [中国翻訳],"全彩, 親吻, 指交, 潮吹, 項圈, 百合",のん,,中文,12,2025-05-31
JM1176162,https://18comic.vip/album/1176162/,[廉价汉化组] [くろこ屋 (式神くろ子)] ビジネスのためにオチンチンを生やしましたわ!! (プリンセスコネクト!Re_Dive) [DL版],"巨乳, 扶他, 口交, 百合",式神くろ子,,中文,27,2025-06-03
JM1175111,https://18comic.vip/album/1175111/,【Naitong】附身！崩坏学园！,"全彩, CG集, AI绘图, 扶他, 附身, 百合, 凭依, 性转, tsf","奈瞳, naitong",,中文,61,2025-05-31
JM1175267,https://18comic.vip/album/1175267/,[奢侈的彩凤个人汉化] [小夜百合箱 (小夜百合)] 魔法少女悪蝕～ふたなり改造魔力搾精～ [中国翻訳],"肛交, 巨乳, 口交, 墮落, 女性支配, 扶他, 怪物女孩, 魔法少女, 中出, 鬼族, 觸手, 劇情向",小夜百合,,中文,49,2025-05-31
JM1175249,https://18comic.vip/album/1175249/,[あおむし] 絶頂開発局 2 [DL版],"群交, 中出, 口交, 校服, 束縛, 阿黑顏, 透視, 性玩具, 單行本, 百合, 女性支配, 劇情向, 女裝, 手淫, 露出, 胃部突起, 兔女郎, 拍攝, 假小子, 雙性戀, 巫女, 貞操帶, 大陰蒂, 大阴蒂",あおむし,,日文,210,2025-05-31
JM1174631,https://18comic.vip/album/1174631/,[妈妈我不要学医个人汉化] (C102) [ストラトスフィア (ウルツ)] Rocky Place Aventure (アサルトリリィ) [中国翻訳],"c102, 野外露出, 巨乳, 泳裝, 馬尾, 百合",ウルツ,,中文,18,2025-05-30
JM1175720,https://18comic.vip/album/1175720/,[未拾] 飞鸟于笼中安歇,"全彩, 巨乳, 百合, 3D",未拾,,中文,97,2025-06-01
JM1173696,https://18comic.vip/album/1173696/,[virophilia(織日ちひろ)]許願池是許效舜的親戚嗎？~認知與行動二元對立論的終結者~ (BanG Dream!)[Chinese],"非H, 百合, 非h（存疑",織日ちひろ,,中文,18,2025-05-27
JM1173692,https://18comic.vip/album/1173692/,[virophilia(織日ちひろ)]長期素食會導致記憶力衰退？醫生說早餐千萬愛這樣吃(BanG Dream!)[Chinese],"非H, 百合",織日ちひろ,,中文,20,2025-05-27
JM1175024,https://18comic.vip/album/1175024/,[JJ.JJ] 99. 触手苗床対魔忍ゆきかぜ ３ (25p),"CG集, 肛交, 窒息, 腦交, 黑肉, 乳汁, 催眠, 寄生, 懷孕, 貧乳, 虐殺, 觸手, 雙馬尾, 放尿, vaginal, 出產, 丸吞, 百合, 無修正, 猎奇, NTR, R18G",JJ.JJ,,中文,100,2025-05-30
JM1174403,https://18comic.vip/album/1174403/,[DarkFlame] 我成为魅魔之后…… 11章,"身體改造, 項圈, 墮落, 女惡魔, 眼鏡, 乳膠衣, 手淫, 催眠, 馬尾, 附身, 性玩具, 潮吹, 百合, 3D, 劇情向, 性转",DarkFlame,,中文,686,2025-05-29
JM1174463,https://18comic.vip/album/1174463/,[猫千穗汉化](C103)[たまランド (たまの父)] 旦那の居ぬまに淫魔しよっ (オリジナル),"C103, 百合, 魅魔, 触手, 人妻",たまの父,,中文,55,2025-05-29
JM1173687,https://18comic.vip/album/1173687/,[多多]原來這一切都是長崎爽世的陰謀！？(BanG Dream!)[Chinese],百合,多多,,中文,41,2025-05-27
JM1173295,https://18comic.vip/album/1173295/,[木棉嶋壺] 觸手共生者-開會,"全彩, 阿黑顏, 肛交, 巨尻, 辦公女郎, 露出, 寄生, 潮吹, 觸手, 百合",木棉嶋壺,,中文,14,2025-05-27
JM585321,https://18comic.vip/album/585321/,百合盛开的间谍学校 难道入学后全是针对快乐拷问的耐久训练吗!? [透明声彩汉化组] [ピザ萬、田中まさみ]百合華のスパイ学校 入学したら快楽拷問に耐える訓練ばかりなんですが！？【第1話】[中国翻訳] [DL版],"綁縛, 調教, 束縛, 貞操帶, 項圈, 塞口器, 女僕, 性玩具","ピザ萬, 田中まさみ",,中文,189,2024-06-16
JM1171945,https://18comic.vip/album/1171945/,[鸟2018] 新坑 第二季 第7章 [中国語],"口交, 束縛, 塞口器, 強暴, 性玩具, 百合, 3D, 劇情向",鸟2018,,中文,127,2025-05-25
JM1171671,https://18comic.vip/album/1171671/,讨伐白蛇巫女陨落的人鱼公主,"人魚娘, 怪物女孩, 蛇女, 丸吞, 百合",N/A,,中文,9,2025-05-24
JM1169646,https://18comic.vip/album/1169646/,[吗喽汉化组] [塩屋町curry (塩屋こるり)]Rut(Bocchi the Rock!) [(ぼっち・ざ・ろっく!) [中国翻訳] [DL版],"扶他, 百合",塩屋こるり,,中文,22,2025-05-23
JM1169880,https://18comic.vip/album/1169880/,杏色玛奇朵 第2册 [穗千个人汉化] (C95) [Do well !!! (ながれぼし)] アプリコット・マキアート volume:2 (ラブライブ!、ラブライブ! サンシャイン!!) [中国翻訳],"C95, 校园, 校服, 百合, 剧情向, 非h",ながれぼし,,中文,145,2025-05-24
JM1169192,https://18comic.vip/album/1169192/,[遗梦与桥] 三飞天使,"全彩, 百合, 巨乳, 扶他, 透視, 中出, 群交",遗梦与桥,,中文,36,2025-05-23
JM1169175,https://18comic.vip/album/1169175/,[Stop] OL fight 01-03,"巨乳, 貓貓, 舔陰, 高跟鞋, 手淫, 虐待, 假陽具, 放尿, 百合, 3D",Stop,,中文,226,2025-05-23
JM1169876,https://18comic.vip/album/1169876/,[KARAS押形] 【初祥/ういさき】~閣樓之月~ロフトムーン,"剧情向, 亂倫, 侄女, 睡姦, 百合, 姨妈, 闪电炫丰批",KARAS押形,,中文,33,2025-05-24
JM1168910,https://18comic.vip/album/1168910/,[雪糕少女汉化组] [との屋 (とのたに)] くすぐりくノ一列伝-壱- [DL版],"束縛, 女性支配, 女忍者, 機械姦, 瘙癢, 百合",とのたに,,中文,31,2025-05-22
JM1168913,https://18comic.vip/album/1168913/,[碗糕个人汉化] (C105) [壊孤児 (Cヵ)] 情欲信号 (BanG Dream! It's MyGO!!!!!) [中国翻訳],"C105, 眼鏡, 百合, 海胆军舰",Cヵ,,中文,24,2025-05-22
JM1167292,https://18comic.vip/album/1167292/,生日快乐1112 [好きって言って!(まちの宵子)]八ツピーバースデイ1112 (魔法つかいプリキュア!) [中国翻訳],"貧乳, 口交, 百合",まちの宵子,,中文,15,2025-05-21
JM1167505,https://18comic.vip/album/1167505/,【雪糕少女汉化组】[との屋 (とのたに)] くすぐりクエスト～ミニ～ [DL版],"瘙癢, 貧乳, 百合",とのたに,,中文,20,2025-05-21
JM1167289,https://18comic.vip/album/1167289/,[大友同好会] [ねねねくらぶ (ねねね)] NaisyoniSweets (キラキラ☆プリキュアアラモード) [DL版] [中国翻訳],"巨乳, 校服, 百合",ねねね,,中文,22,2025-05-21
JM1166909,https://18comic.vip/album/1166909/,海香小姐的情色配对之书 [dolier个人汉化 (C102) [和泉都 (和水ややど)] 海香さんがえっち]な目に合う本,"C102, 貧乳, 校服, 獸耳, 百合",和水ややど,,中文,22,2025-05-21
JM1166851,https://18comic.vip/album/1166851/,"[Deepseek R1翻译] [筑摩十幸, 助三郎] 黒薔薇の騎士Ⅱ ～聖奴隷ローザ～","墮落, 尿布, 扶他, NTR, 舔肛, 放尿, 百合, 小說","筑摩十幸, 助三郎",,中文,168,2025-05-20
JM1167263,https://18comic.vip/album/1167263/,"[Deepseek R1汉化] [助三郎, 筑摩十幸] 白百合の剣士VS黒薔薇の騎士 悦楽に散る断章コレクション","阿黑顏, 肛交, 巨乳, 眼罩, 扶他, 多毛, 穿刺, 懷孕, 強暴, 史萊姆, 潮吹, 過膝襪, 觸手, 群交, 小說","助三郎, 筑摩十幸",,中文,183,2025-05-21
JM1054843,https://18comic.vip/album/1054843/,(C105) [憑依ラヴァー (ミシマサイコ、黒憑)] 美しき異世界3姉妹の憑依録 (オリジナル) [DL版],"C105, 巨乳, 手淫, 修女, 附身, 百合, 皮物","ミシマサイコ, 黒憑",,日文,55,2025-01-12
JM1165953,https://18comic.vip/album/1165953/,[黄金叶汉化] [白楯誤射] 銀狼 手マン (崩壊：スターレイル),"性玩具, 巨乳, 百合, CG集",白楯誤射,,中文,12,2025-05-20
JM1164345,https://18comic.vip/album/1164345/,鲨鲨和小鸟の触手play,"触手, 巨乳, 全彩, 百合, 束缚, 调教",番茄沙司,,中文,11,2025-05-18
JM1165932,https://18comic.vip/album/1165932/,[Nonothird个人汉化](例大祭22) [Drink it! (オード)] こんなご褒美はあり? なし? (東方Project),"百合, 纯爱, 巨乳",オード,,中文,21,2025-05-19
JM1164521,https://18comic.vip/album/1164521/,蹂躏女刑警之宿命,"束缚, 调教, 性玩具, 巨乳, 百合, 口塞器, 3D",N/A,,中文,32,2025-05-18
JM1162819,https://18comic.vip/album/1162819/,(FF44) [角角吉診室(角角吉)] 我會永遠陪伴著你 (BanG Dream! Ave Mujica) [中国語] [DL版],"舔陰, 亂倫, 接吻, 潮吹, 百合, 劇情向",角角吉,,中文,20,2025-05-17
JM1162808,https://18comic.vip/album/1162808/,[稀烂AI翻嵌] [Shiniez] Sunstone - Book 1~9 [Digital],"全彩, 美漫, 劇情向, 百合, 束縛, 調教, 巨乳",Shiniez,,中文,1435,2025-05-17
JM88416,https://18comic.vip/album/88416/,(同人CG集) [のり伍郎] 性教育専門教師の過激な生徒指導～百合お嬢様NTR編～,"CG集, 百合, 巨乳, 校服, NTR, 日语",のり伍郎,,日文,177,2018-11-22
JM1162621,https://18comic.vip/album/1162621/,直到午休時間結束為止 2 [和菓子漫畫屋 漢化] [BetweenGirls (betock)] お昼休みが終わるまで 2 [中国翻訳],"貧乳, 百合",betock,,中文,29,2025-05-16
JM1159404,https://18comic.vip/album/1159404/,[MANA] Chaotic Fried Rice ️6 (Zenless Zone Zero),"CG集, 性玩具, 假陽具, 透視, 百合, 動圖, 百合破坏",MANA,,中文,14,2025-05-14
JM1159283,https://18comic.vip/album/1159283/,[モチと幸せ (まと)] 結界魔法完全に理解した [DL版][中国翻訳],"巨乳, 百合, 怪物女孩, 扶他",まと,,中文,27,2025-05-14
JM1158341,https://18comic.vip/album/1158341/,[煩悩創作(煩)] 私の初めての彼女 [DL版] [中文],"百合, 舔陰, 接吻",煩,,中文,35,2025-05-13
JM1158363,https://18comic.vip/album/1158363/,禁忌的恋曲 [烨火oasis个人汉化] [Ge-B] Forbidden Love's Song [中国翻訳],"百合, 純愛, 巨乳, 馬尾, 口交",Ge-B,,中文,21,2025-05-13
JM1158357,https://18comic.vip/album/1158357/,[煩悩創作(煩)] 私の初めての彼女 [DL版] [中文][禁漫全彩化],"百合, 舔陰, 接吻, 禁漫全彩化","煩, 烦恼创作",,中文,35,2025-05-13
JM1158338,https://18comic.vip/album/1158338/,[柠檬茶汉化组] [Happiness (あいそい)] 剣道少女の秘密(コンプレックス)2 [中国翻訳],"女性支配, 手淫, 校服, 放尿, 百合",あいそい,,中文,63,2025-05-13
JM1158230,https://18comic.vip/album/1158230/,[透明声彩汉化组] (C81) [えねるぎあ (ぴかち)] さやかの×××大作戦 (魔法少女まどか☆マギカ),"C81, 巨乳, 百合",ぴかち,,中文,38,2025-05-13
JM1158183,https://18comic.vip/album/1158183/,(C86) [貧乏ゆすり超特急 (モチマコ)] 虫かごの中の -Another- (聖闘士星矢Ω)[中国翻訳],"C86, 巨乳, 雙性戀, 束縛, 項圈, 性玩具, 百合",モチマコ,,中文,21,2025-05-12
JM1158172,https://18comic.vip/album/1158172/,[廉价汉化组] [ほたる] 清楚純愛百合カップルにちんぽ生えて終わる話,"全彩, 阿黑顏, 巨乳, 扶他, 校服",ほたる,,中文,78,2025-05-12
JM1158185,https://18comic.vip/album/1158185/,[胧月工坊] Cat latex restraint 1-3,"束縛, 調教, 束縛, 獸耳, 乳膠衣, 百合, 3D",胧月工坊,,中文,249,2025-05-12
JM1156334,https://18comic.vip/album/1156334/,[野原ひろみ] 少女不埒 [DL版],"肛交, 繃帶, 綁縛與調教, 巨尻, 巨乳, 緊身衣, 束縛, 辦公女郎, 旗袍, 舔陰, 露出, 顏面騎乘, 漁網襪, 塞口器, 眼鏡, 女忍者, 戴面具, 熟女, 強暴, 校服, 性玩具, 條紋胖次, 過膝襪, 出汗, 教師, 百合, 群交, 單行本",野原ひろみ,,日文,190,2025-05-11
JM1158128,https://18comic.vip/album/1158128/,"[Deepseek R1汉化] [筑摩十幸, 助三郎] 白百合の剣士 ～仮面姫ブリジット～","眼罩, 淩辱, 強暴, 群交, 小說","筑摩十幸, 助三郎",,中文,174,2025-05-12
JM1158170,https://18comic.vip/album/1158170/,[貧乏ゆすり超特急 (モチマコ)] 音の鳴るおもちゃ (聖闘士星矢Ω)[中国翻訳],"馬尾, 假陽具, 百合",モチマコ,,中文,18,2025-05-12
JM1156322,https://18comic.vip/album/1156322/,歡迎光臨，戀足扶她女僕咖啡廳 [Asuzak_Tei 个人漢化] [W] ふたなり足フェチのメイド喫茶へようこそ,"舔足, 調教, 扶他, 全彩, 連褲襪, 嗅氣味, 百合, 中出",W,,中文,52,2025-05-11
JM1156323,https://18comic.vip/album/1156323/,[BLUE氪个人翻译] [館山けーた] 百合フェチLIFE 第12話 (コミック エグゼ 58) [中国翻訳] [DL版],"巨乳, 百合, 校服, 調教",館山けーた,,中文,20,2025-05-11
JM1154607,https://18comic.vip/album/1154607/,(C93) [ROUTE885 (ハチウルフ)] はなぞのうさぎになつかれた。,"C93, 百合, 純愛, 親吻, 劇情向",ハチウルフ,,中文,43,2025-05-10
JM1152161,https://18comic.vip/album/1152161/,时×伊吹 ~兔子和小兔子~ [碧蓝档案百合组] (C104) [Informator (予紙)] トキ×イブキ ~ウサギと仔ウサギ ~ | 时×伊吹 ~兔子和小兔子~ (Blue Archive) [中国翻訳],"百合, 兔女郎, 女惡魔, 連體衣",予紙,,中文,25,2025-05-08
JM1150204,https://18comic.vip/album/1150204/,为了得到她的爱 [贱兔汉化组] [うえにあるみかん (れいとうみかん)] 彼女に愛してもらうには [中訳],"巨乳, 接吻, 校服, 百合, 全彩, 性转",れいとうみかん,,中文,30,2025-05-07
JM1150172,https://18comic.vip/album/1150172/,[Awei]互いに加速する鼓動,"舔陰, 馬娘, 獸耳, 接吻, 百合, 無修正",Awei,,中文,24,2025-05-07
JM1150136,https://18comic.vip/album/1150136/,[たくあんラボ] レズ痴漢バス[中国翻訳],"CG集, 巨乳, 癡漢, 校服, 百合",たくあんラボ,,中文,154,2025-05-07
JM1149623,https://18comic.vip/album/1149623/,阴蒂按摩店[Sainae][ハチナナ (七崎)] クリマッサージ屋さん [中国翻訳] [DL版],"性玩具, 潮吹, 百合, 指交, 舔陰, 調教, 非百合, 乱打标签4000+（非百",七崎,,中文,86,2025-05-07
JM1149135,https://18comic.vip/album/1149135/,[恶魔波刚个人汉化] [ゆらゆらせゆーら (せゆーら)] ダウナーメイドさん お嬢様の指に負けて乳首で堕とされる,"双马尾, 贫乳, 巨乳, 比基尼, 百合, 女仆",せゆーら,,中文,80,2025-05-06
JM1130993,https://18comic.vip/album/1130993/,[聖華快楽書店 (めりこ)]新米冒険者ちゃんのレズ堕ち快楽調教,"手套, 獸耳, 假陽具, 百合","めりこ, 圣华快乐书店",,日文,71,2025-04-19
JM1149079,https://18comic.vip/album/1149079/,圣娅大人! 今天能拜托您替我顶替一天修女吗! [欶澜汉化组] [TrinkeT (からあげ3)] セイアさん!今日だけシスター代わってください! (ブルーアーカイブ) [中国翻訳] [DL版],"贫乳, 口交, 透视, 兽耳, 壁尻",からあげ3,,中文,26,2025-05-05
JM1148441,https://18comic.vip/album/1148441/,[館山けーた] 百合フェチLIFE 第11話 (コミック エグゼ 57) [BLUE氪个人翻译] [DL版],"綁縛, 調教, 巨乳, 遮眼, 束縛, 眼罩, 接吻, 百合",館山けーた,,中文,19,2025-05-05
JM1149115,https://18comic.vip/album/1149115/,【Naitong】人生面具 3,"AI绘图, 触手, 扶他, 百合, 露出","奈瞳, naitong",,中文,20,2025-05-05
JM1146887,https://18comic.vip/album/1146887/,[じゃみんぐ] 姫ごと倶楽部,"巨乳, 手淫, 校服, 假陽具, 百合, 單行本",じゃみんぐお,,日文,173,2025-05-03
JM1147775,https://18comic.vip/album/1147775/,[gachidom]Life in Another World [chinese],"阿黑顏, 肛交, 束縛, 藥物, 項圈, 女性支配, 防毒面具, 高跟鞋, 戴面具, 強暴, 假陽具, 放尿, 百合, 3D",gachidom,,中文,90,2025-05-04
JM1146882,https://18comic.vip/album/1146882/,[中華なると] 義父 ～百合子～ [DL版],"阿黑顏, 肛交, 巨乳, 大陰蒂, 口交, 束縛, 新娘, 項圈, 緊身胸衣, 手套, 中出, 乳膠衣, 內衣, 熟女, 懷孕, 強暴, 性玩具, 奴隸, 過膝襪, 群交, 亂倫, 劇情向, 單行本",中華なると,,日文,188,2025-05-03
JM1146501,https://18comic.vip/album/1146501/,[ホークビット (孝至)] JK化リフレ2 [DL版],"校園, 校服, 性轉, 巨乳, 百合, 股交, 性玩具",孝至,,日文,56,2025-05-03
JM1146508,https://18comic.vip/album/1146508/,【透明声彩汉化组】[MARUTA] 2nd season _episode 5,"校園, 校服, 純愛, 巨乳, 舔陰, 群交, 出汗, 百合, 劇情向",MARUTA,,中文,27,2025-05-03
JM1146441,https://18comic.vip/album/1146441/,宣誓文 [OMTSW漢化] [NTR/BSS/pinky] 宣誓文 [中国翻訳],"全彩, CG集, 口交, 女性支配, 接吻, 中出, NTR, 連褲襪, 校服, 性玩具, 打屁股, 過膝襪, 雙馬尾, 群交, 绿帽奴, 够使, 龟男, ntr, 足交","NTR, BSS, pinky",,中文,88,2025-05-03
JM1144545,https://18comic.vip/album/1144545/,【Naitong】人生面具2,"AI绘图, 触手, 扶他, 百合, 附身, 性转, 姐妹, AI","奈瞳, naitong",,中文,32,2025-05-01
JM1145800,https://18comic.vip/album/1145800/,[レイドソックス (トリッキー)] 狂乱の討伐姫ダリア3 [DL版] [中国翻訳],"百合, 劇情向, 緊身衣, 扶他, 附身",トリッキー,,中文,46,2025-05-02
JM1143839,https://18comic.vip/album/1143839/,【汉化工房BOKI组】[Dormicum] 今夜，一起逃吧,"項圈, 接吻, 雙馬尾, 百合",Dormicum,,中文,33,2025-04-30
JM1144529,https://18comic.vip/album/1144529/,一月百合匯總篇 年齡差百合集 [透明声彩汉化组] [食べ放題 (生肉)] 無知の快楽-月１百合まとめ嵗の差百合- [中国翻訳] [DL版],"巨乳, 舔陰, 女性支配, 吊帶襪, 接吻, 內衣, 熟女, 馬尾, 援交, 過膝襪, 家教, 雙馬尾, 百合","生肉, 食べ放题",,中文,77,2025-05-01
JM1143836,https://18comic.vip/album/1143836/,我不是说过可以撒娇的吗？ [虹之学生会汉化组] （C105）[戦いの軌跡 (戦友)] 甘えていいって言いましたよね?(ラブライブ! 虹ヶ咲学園スクールアイドル同好会)[中国翻訳],"C105, 巨乳, 百合, futa",戦友,,中文,56,2025-04-30
JM1044787,https://18comic.vip/album/1044787/,[らぼまじ! (武田あらのぶ)] 痴処女風紀委員のみんなに言えない淫靡なお願い 1-8 [中国翻訳] [無修正],"無修正, 肛交, 爆肛, 巨乳, 雙性戀, 兔女郎, 奶牛娘, 乳牛娘, 雙重插入, 開洞裝, 後宮, 乳頭內陷, 母乳, 乳汁, 乳膠緊身衣, 熟女, 母女丼, 姐妹丼, 群交, 阿嘿顏, 口交, 口交臉, 項圈, 女兒, 亂倫, 中出, 母親, 媽媽, 情趣用品, 穿戴式陽具, 愛心眼, 心瞳, 百合, 比基尼, 泳裝, 姊姊, 妹妹, 尾塞, 3P, 情趣內衣, 綁縛, 長筒襪, 人妻, 拘束服, 內射, 群交",武田あらのぶ,,中文,478,2024-12-28
JM1140945,https://18comic.vip/album/1140945/,[聖華快楽書店] 魔法少女セイントリリィ・融合 ～変態性犯罪者と融合してしまった魔法少女が精神汚染されるまで～[中国翻訳],"巨乳, 束縛, 墮落, 女惡魔, 扶他, 手套, 怪物女孩, 內衣, 機械姦, 魔法少女, 手淫, 催眠, 附身, 校服, 性玩具, 轉化, 雙馬尾, 百合, 性转","聖華快楽書店, エルトリア",,中文,61,2025-04-28
JM1140100,https://18comic.vip/album/1140100/,[ROMの人] デイブレイク2_支配されたプログレス【中国語（簡体）版】,"阿黑顏, 巨尻, 巨乳, 黑肉, 露出, 眼罩, 眼鏡, 高叉馬步, 高跟鞋, 淩辱, 連體衣, 戴面具, 催眠, 肌肉, 性玩具, 過膝襪, 泳裝, 假小子, 百合",ROMの人,,中文,122,2025-04-28
JM1140103,https://18comic.vip/album/1140103/,【汉化工房BOKI组】【北斗すい】無以相見之夜,"百合, NTR",北斗すい,,中文,21,2025-04-28
JM1141348,https://18comic.vip/album/1141348/,[憑依ラヴァー (桃原らいる)] あの子のカラダを憑依でゲット！〜幽霊から教わるオンナ遊び〜 [中国翻訳],"巨乳, 制服, 自慰, 雙性戀, 女學生, 百合, 中出, 附身","桃原らいる, 凭依ラヴァー",,中文,62,2025-04-29
JM1139989,https://18comic.vip/album/1139989/,[臭鼬娘漢化組] [香りの力 (風の声)] 実はオナラプレイが趣味のSな友達同士が嗅がせ合ってみたら沼った件 [中国翻訳],"顏面騎乘, 放屁, 校服, 嗅氣味, 百合, 全彩",風の声,,中文,53,2025-04-27
JM1135474,https://18comic.vip/album/1135474/,月歌 yuki 同衾漫画 斐然天空 月雪 [よろよぼくらげ (くらげ)] 月ユ同衾漫画（「夢」のシーンありver）,"遮眼, 眼鏡, 接吻, 百合",くらげ,,中文,8,2025-04-25
JM1135342,https://18comic.vip/album/1135342/,缪霍修车 [角都九阳个人汉化] [近過去ゲーム開発研究所 (PRTS)] ミュルホルドライブ (アークナイツ) [中国翻訳] [DL版],"巨乳, 妖精, 百合",PRTS,,中文,27,2025-04-25
JM1136217,https://18comic.vip/album/1136217/,[HenBor] 爱意漫腹,"虐殺, 胃部突起, 丸吞, 百合, 3D",HenBor,,中文,14,2025-04-25
JM1134759,https://18comic.vip/album/1134759/,夜店與百合女老闆 [peachpulsar (みら)] ナイトクラブと百合女将 [DL版] [中国翻訳],"巨乳, 百合, 群交, 無修正, 禁漫書庫",みら,,中文,45,2025-04-24
JM1134584,https://18comic.vip/album/1134584/,[Xion]ミラーコレクション 4.1 [中国語],"劇情向, 百合",Xion,,中文,66,2025-04-24
JM1134575,https://18comic.vip/album/1134575/,[岛岛儿个人汉化] [Haz] 朝香果林✕宮下愛,"舔陰, 馬尾, 百合",Haz,,中文,9,2025-04-24
JM1133880,https://18comic.vip/album/1133880/,[sasapoliton] 誰も見てないと思って人前では拭きづらい所を拭くヴェルデさん,"巨乳, 吸奶, 扶他, 乳汁, 透視, 百合",sasapolito,,中文,15,2025-04-23
JM1133216,https://18comic.vip/album/1133216/,[Sainan] Pixiv,"巨尻, 項圈, 舔陰, 顏面騎乘, 女性支配, 舔足, 淩辱, 舔肛, 虐待, 校服, 奴隸, 嗅氣味, 教師, 酷刑, 踩踏, 百合, 3D",Sainan,,中文,163,2025-04-22
JM1133182,https://18comic.vip/album/1133182/,[想给老师做饭的枫香个人汉化] (BanG Dreamer's Party! 14th STAGE) [雨宿り (雨かさ)] ちょっと待って! (BanG Dream!),"巨乳, 百合, 純愛",雨かさ,,中文,28,2025-04-22
JM1133128,https://18comic.vip/album/1133128/,H的世界[洛鸢绫个人汉化][[Dr.VERMILION(ペテン師)]えっち&クラフト,"全彩, 群交, 巨乳, 貧乳, 强迫, 堕落, 纯爱, 百合, 调教, 萝莉",ペテン師,,中文,18,2025-04-21
JM1133076,https://18comic.vip/album/1133076/,[Andy763] 灵魂骇客的来电,"泳裝, 拍攝, 手淫, 附身, 百合, 3D",Andy763,,中文,123,2025-04-21
JM1132416,https://18comic.vip/album/1132416/,狐眠甜梦未央 [欶澜汉化组] [チョコミントポテトチップス (みんぽていと)] 狐は甘い夢を見る (ブルーアーカイブ) [中国翻訳],"貧乳, 獸耳, 中出",みんぽていと,,中文,28,2025-04-21
JM1132074,https://18comic.vip/album/1132074/,[せきはら] ニャルラホテプのバニーガール,"兔女郎, 觸手, 百合, 過膝襪, 舔陰, 自慰, 調教",せきはら,,中文,14,2025-04-20
JM1132066,https://18comic.vip/album/1132066/,狐娘认知阻碍催眠[田舎の化身] 狐娘認識阻害催眠漫画 [中国翻訳],"狐娘, 獸耳, 催眠, 美乳, 百合, 指交放尿",田舎の化身,,中文,2,2025-04-20
JM1110309,https://18comic.vip/album/1110309/,[チチヅキ] 咲き乱れるは百合の花,"熟女, 性玩具, 單行本, yuri, 女性支配, 多毛, 劇情向, 接吻, 舔陰, 舔肛, 侄女, 單行本",チチヅキ,,日文,360,2025-03-22
JM1131444,https://18comic.vip/album/1131444/,[ゆきやなぎ] 聖女学園 ～ソルヴィエールの伝説～ [DL版],"肛交, 巨乳, 雙性戀, 口交, 束縛, 吊帶襪, 眼鏡, 女僕, 多重口交, 口交, 中出, 修女, 短髮, 強暴, 校服, 過膝襪, 百合, 群交, 劇情向, 單行本, 假小子",ゆきやなぎ,,日文,227,2025-04-19
JM1131449,https://18comic.vip/album/1131449/,[むらさき朱] 乳濁願書 [DL版],"肛交, 巨乳, 雙性戀, 性勒索, 遮眼, 束縛, 項圈, 露出, 拍攝, 塞口器, 眼鏡, 多毛, 淩辱, 乳汁, 女僕, 乳環, 乳交, 穿刺, 強暴, 校服, 性玩具, 奴隸, 出汗, 百合, 群交, 劇情向, 單行本",むらさき朱,,日文,197,2025-04-19
JM1130517,https://18comic.vip/album/1130517/,讓純情大小姐在羞恥Play中高潮的養成方法 [Asuzak_Tei 个人漢化] [冬眠だいこん (甘guri)] 羞恥プレイで気持ちよくなっちゃう恥ずかしいお嬢様の作り方 [中国翻訳],"肛交, 項圈, 尿布, 女性支配, 接吻, 女僕, 性玩具, 潮吹, 放尿, 百合",甘guri,,中文,26,2025-04-18
JM1131441,https://18comic.vip/album/1131441/,[倶梨伽羅] 多感少女 [DL版],"雙性戀, 遮眼, 束縛, 項圈, 灌腸, 塞口器, 眼鏡, 短褲, 西瓜肚, 女僕, 中出, 強暴, 校服, 性玩具, 雙馬尾, 百合, 群交, 單行本",倶梨伽羅,,日文,147,2025-04-19
JM1077996,https://18comic.vip/album/1077996/,小心溫柔穩重的女孩2 [peachpulsar (みら)] ゆるふわ女子に気を付けて2 [中文] [無修正],"劇情向, 無修正, 乳, 百合, 眼鏡, 辦公女郎, 純愛, 其他校服, 非H",みら,,中文,50,2025-02-15
JM1129804,https://18comic.vip/album/1129804/,[聖華快楽書店 (軍艦あまえび)] 呪いの下着転生 ～ヒロインたちは触手下着に寄生されました～ [DL版],"全彩, 百合, 觸手, 束縛, 調教, CG集",軍艦あまえび,,日文,194,2025-04-17
JM1132110,https://18comic.vip/album/1132110/,和社团前辈的溺爱涩涩[提黄灯喵汉化组] [のやま] サークルの先輩と溺愛えっち [中国翻訳],"束縛, 拍攝, 接吻, 潮吹, 百合",のやま,,中文,64,2025-04-20
JM1132611,https://18comic.vip/album/1132611/,[予本个人汉化] [のやま] 【百合】敏感乳首にローションガーゼでおしおき♡漫画 [中国翻訳],"泳裝, 百合",のやま,,中文,11,2025-04-21
JM1129738,https://18comic.vip/album/1129738/,[Pd] 妄想世界7 (League of Legends) [中国語],"全彩, 狐娘, 群交, 獸耳, 接吻, 百合",Pd,,中文,8,2025-04-17
JM1129724,https://18comic.vip/album/1129724/,[fiji] 西伯利亞的風（重製）01-02,"虐殺, 3D, 校園, 校服, 巨乳, 百合, 股交, 全彩",fiji,,中文,57,2025-04-17
JM1129734,https://18comic.vip/album/1129734/,[Hiro潶] 《迦勒底特选》,"性玩具, 束縛, 綁縛, 調教, 女性支配, 百合",Hiro潶,,中文,11,2025-04-17
JM1054403,https://18comic.vip/album/1054403/,【阿斯托尔福汉化】[Palcomix] 生日快乐！牧野留姬 1,"巨乳, 束縛, 女性支配, 獸人, 潮吹, 百合, 全彩, 非百合, 人渣",Palcomix,,中文,140,2025-01-11
JM1128794,https://18comic.vip/album/1128794/,【Naitong】妹皮,"皮物, 性转, 扶他, 百合, AI绘图","奈瞳, naitong",,中文,28,2025-04-16
JM1127936,https://18comic.vip/album/1127936/,明明只是想做愛而已 在社群軟件上認識的美魔女卻是狂熱排泄愛好者，而我... 2 前篇 [臭鼬娘漢化組] [Bonsketch (ぼんすけ)] ただセックスしたかっただけなのにSNSで出会った美魔女がスカトロマニアで、僕は…2 前編 [中国翻訳] [DL版],"肛交, 糞便, 放屁, 吊帶襪, 熟女, 舔肛, 排泄, 性玩具, 嗅氣味, 過膝襪, 假陽具, 放尿, 百合, 猎奇",ぼんすけ,,中文,28,2025-04-14
JM1128566,https://18comic.vip/album/1128566/,[憑依(はい)る抜け道 (柊ぽぷら)] 夢幻聖姫エクスファントムseason3〜全てを奪われる希望の魔法少女〜 前編,"全彩, 劇情向, 巨乳, 墮落, 眼鏡, 群交, 附身, 百合",柊ぽぷら,,中文,48,2025-04-15
JM1127947,https://18comic.vip/album/1127947/,[H.txt] 扶她巫女与小小神社,"兜襠布, 扶他, 巫女, 校服, 百合, 3D",H.txt,,中文,80,2025-04-14
JM1127835,https://18comic.vip/album/1127835/,[SHIZUKA] 地獄調教 [DL版],"劇情向, 綁縛與調教, 束縛, 項圈, 塞口器, 淩辱, 熟女, 穿刺, 強暴, 性玩具, 奴隸, 打屁股, 潮吹, 過膝襪, 放尿, 百合, 單行本",SHIZUKA,,日文,142,2025-04-14
JM581562,https://18comic.vip/album/581562/,[くろしばすこ] サキュバス化した陰キャ女がギャルを快楽堕ちさせる話,"巨乳, 百合, 惡魔女孩, 遮眼, 扶他",くろしばすこ,,日文,52,2024-06-10
JM1127834,https://18comic.vip/album/1127834/,[松任知基] 美縛折○ [DL版],"肛交, 巨乳, 遮眼, 口交, 束縛, 舔陰, 舔足, 扶他, 吊帶襪, 亂倫, 和服, 女僕, 修女, 連褲襪, 穿刺, 強暴, 校服, 性玩具, 姊妹, 奴隸, 過膝襪, 雙胞胎, 百合, 單行本",松任知基,,日文,150,2025-04-14
JM1127837,https://18comic.vip/album/1127837/,[くろしばすこ] いじめっ子ギャルをいじめられっ子委員長が絶頂管理でわからせる!!,"CG集, 巨乳, 制服, 百合, 女學生",くろしばすこ,,日文,141,2025-04-14
JM1127188,https://18comic.vip/album/1127188/,[MARO] 復讐餓鬼 [DL版],"肛交, 巨乳, 性勒索, 束縛, 項圈, 緊身胸衣, 灌腸, 露出, 扶他, 吊帶襪, 手套, 多毛, 超乳, 淩辱, 昆蟲, 強暴, 性玩具, 奴隸, 過膝襪, 放尿, 百合, 群交, 單行本",MARO,,日文,189,2025-04-13
JM51537,https://18comic.vip/album/51537/,[深田拓士] 呪縛 [DL版],"巨乳, 眼鏡, 親吻, 老師, 百合, 單行本",深田拓士,,日文,96,2018-03-18
JM1127493,https://18comic.vip/album/1127493/,[倶梨伽羅] 秘唇責め [DL版],"巨乳, 肛交, 巨臀, 中出, 肛交, 豐滿, 性玩具, 百合, 強姦, 泳裝, 口交, 眼鏡, 單行本",倶梨伽羅,,日文,172,2025-04-14
JM1127167,https://18comic.vip/album/1127167/,[遠山光] 秘密のアリス1,"雙性戀, 拍攝, 手淫, 強暴, 過膝襪, 百合, 群交, 單行本",遠山光,,日文,104,2025-04-13
JM1127193,https://18comic.vip/album/1127193/,[東雲舞樹] Amrita～アムリタ～ [DL版],"肛交, 巨尻, 巨乳, 雙性戀, 口交, 束縛, 辦公女郎, 項圈, 緊身胸衣, 露出, 塞口器, 吊帶襪, 手套, 淩辱, 熟女, 人妻, 中出, 乳交, 強暴, 校服, 奴隸, 過膝襪, 假陽具, 教師, 雙馬尾, 百合, 群交, 亂倫, 劇情向, 單行本",東雲舞樹,,日文,213,2025-04-13
JM1125894,https://18comic.vip/album/1125894/,[草津てるにょ] 人妻とぼく。[DL版],"群交, 肛交, 過膝襪, 口交, 眼鏡, 強暴, 束縛, 熟女, 黑肉, 乳交, 扶他, 性玩具, 單行本, 百合, 項圈, 多毛, 連褲襪, 乳汁, 內衣, 塞口器, 和服, 辦公女郎, 假陽具, 獸交, 奴隸, 灌腸, 圍裙, 癡漢, 狗狗, 輕微獸交",草津てるにょ,,日文,218,2025-04-12
JM1126211,https://18comic.vip/album/1126211/,偶遇东京／百合风俗之行[透明声彩汉化组] (結束ロック!10) [帰宅時間 (きたく)] めぐりあい東京～レズ風俗へ行く。～ （ぼっち・ざ・ろっく!) [中国翻訳],"接吻, 貧乳, yuri, 巨乳, 輕吻, 純愛",きたく,,中文,32,2025-04-12
JM87349,https://18comic.vip/album/87349/,[Z個人漢化] [peachpulsar (みら)] ぬるぬるしたいの,"巨乳, 百合",みら,,中文,38,2018-11-11
JM1078007,https://18comic.vip/album/1078007/,綑綁約會～被年下女友束縛著[peachpulsar (みら)] 緊縛デート~年下彼女に縛られて~ [中文] [無修正],"無修正, 巨乳, 拘束, 百合",みら,,中文,42,2025-02-15
JM1022045,https://18comic.vip/album/1022045/,親密無間的女冒險者們一到了晚上就在旅館裡頭瘋狂愛愛 | [その他大勢Z (ゆかたろ)] なかよし女冒険者は熱に浮かされて… [中文][無修正],"無修正, 阿黑顏, 百合, 肛交, 性玩具, 群礁, 自慰, 假小子",ゆかたろ,,中文,114,2024-11-18
JM1125358,https://18comic.vip/album/1125358/,[3D] 女教師難忘的假期1-3,"肛交, 巨乳, 遮眼, 連身襪, 束縛, 辦公女郎, 藥物, 項圈, 女性支配, 塞口器, 高跟鞋, 戴面具, 鼻鉤, 連褲襪, 馬尾, 性玩具, 潮吹, 百合, 3D",N/A,,中文,148,2025-04-10
JM1125183,https://18comic.vip/album/1125183/,[玄鉄絢] たえちゃんとじみこさん 3 [DL版],"群交, 劇情向, 單行本, 百合, 劇情向, 接吻, 舔陰",玄鉄絢,,日文,201,2025-04-10
JM521699,https://18comic.vip/album/521699/,(C97) 榨精都市ELOSION [ヌルネバーランド (ナビエ遥か2T)] 搾精都市エロシオン[中文] [無修正],"C97, 無修正, 大量液體, 兔女郎, 科幻, 幻想, 巨乳, 褐色膚, 阿黑顏, 手套, 獸耳, 自慰, 長筒襪, 假陽具, 尾巴, 長筒靴, 雙馬尾, 百合, 3P, 群交, 後宮, 大屁股, 比基尼, 雙性戀, 貓女, 張口, 情趣內衣, 乳交, 舔肛, 情趣用品, 潮吹, 異瞳, 項圈, 出汗, 泳裝, 唾液, 手淫, 心瞳, 中出, 婊子, 痴女",ナビエ遥か2T,,中文,33,2023-12-23
JM459482,https://18comic.vip/album/459482/,[その他大勢Z (ゆかたろ)] なかよし女冒険者はひみつの特訓をしているらしい [中国翻訳] [無修正] [DL版],"無修正, 巨乳, 手淫, 自慰器, 百合",ゆかたろ,,中文,33,2023-06-13
JM125430,https://18comic.vip/album/125430/,[EZR個人漢化] (C96) [ネダオレ (あやね)] 夏までの関係,"C96, 制服, 巨乳, 百合",あやね,,中文,22,2019-09-02
JM591615,https://18comic.vip/album/591615/,[透明声彩汉化组][えねるぎあ (ぴかち)] 100%アイスドロップ [DL版],"百合, 制服, 純愛, 非H",ぴかち,,中文,19,2024-06-29
JM591947,https://18comic.vip/album/591947/,要不要加入同人社團啊？ [ヌルネバーランド (ナビエ遥か2T)] 同人サークル入りませんか？ [中文] [無修正],"C102, 無修正, 肛交, 巨乳, 遮眼, 口交, 顏射, 兔女郎, 漁網襪, 眼鏡, 飲精, 手淫, 後宮, 內衣, 乳交, 校服, 性玩具, 過膝襪, 透視, 百合, 群交, 安全套",ナビエ遥か2T,,中文,73,2024-06-30
JM542475,https://18comic.vip/album/542475/,[peachpulsar (みら)] シてるの、見せて [中国翻訳] [無修正] [DL版],"無修正, 巨乳, 純愛, 百合",みら,,中文,39,2024-02-15
JM1125184,https://18comic.vip/album/1125184/,[玄鉄絢] 少女セクト まとめ版 [DL版],"群交, 校服, 眼鏡, 亂倫, 單行本, 百合, 姊妹, 劇情向, 舔陰, 雙胞胎",玄鉄絢,,日文,322,2025-04-10
JM1123954,https://18comic.vip/album/1123954/,[w] ふたなり足フェチの天使と悪魔がエッチする話3,"全彩, 肛交, 舔足, 足交, 扶他, 怪物女孩, 中出, 連褲襪, 嗅氣味, 觸手, 百合",w,,中文,159,2025-04-07
JM1124351,https://18comic.vip/album/1124351/,[roropull] 露娜新星春药实验,"百合, 巨乳, 長髮",roropull,,中文,30,2025-04-08
JM1123410,https://18comic.vip/album/1123410/,[qwq个人汉化]人工智能-安吉拉与锁妈,"剧情向, 百合, 巨乳",N/A,,中文,6,2025-04-06
JM1123025,https://18comic.vip/album/1123025/,阴暗优等生婊化计划（K记翻译） [どろっぷす！] 陰キャ優等生のビッチ化計画 ～私が黒ギャルに堕ちたワケ～ モザイクコミック総集編,"阿黑顏, 巨乳, 性勒索, 口交, 辦公女郎, 黑肉, 漁網襪, 手套, 辣妹, 超乳, 中出, 穿刺, 強暴, 校服, 嗅氣味, 雙馬尾, 百合, 群交, 全彩",どろっぷす！,,中文,56,2025-04-06
JM1121561,https://18comic.vip/album/1121561/,[MIlda7] 女人化研修 - メスクリン社白百合特別社員研修所 [Chinese],"性轉, 束縛, 巨乳, 調教, 非H",MIlda7,,中文,70,2025-04-04
JM1122283,https://18comic.vip/album/1122283/,【Arcaea】Hikari&Tairitsu,"百合, 無修正, 巨乳, 純愛, 親吻",Arcaea,,中文,9,2025-04-05
JM1121065,https://18comic.vip/album/1121065/,光影永相依 [吗喽汉化组] [武藤まと] かげひなた [中国翻訳],"醉酒, 獸耳, 馬尾, 性玩具, 百合, 武藤",武藤まと,,中文,26,2025-04-03
JM1121052,https://18comic.vip/album/1121052/,[エレクチオマスカリバー] TS憑依(乗っ取り)アイドルJK 2 [中国翻訳],"TS, 巨乳, 內衣, 百合, 自慰, 附身",エレクチオマスカリバー,,中文,52,2025-04-03
JM1118479,https://18comic.vip/album/1118479/,[某国大統領] 部下の責任を取らされるおねーさん [中国翻訳],"巨尻, 大乳頭, 打屁股, 百合",某国大統領,,中文,15,2025-03-31
JM1120626,https://18comic.vip/album/1120626/,[RetroCyber 个人汉化] [Vel] 素晴：新技能 (Konosuba) [中国翻译],"扶他, 手淫, 附身, 自慰, 百合, 換身, 全彩, 融合",Vel,,中文,43,2025-04-03
JM1118574,https://18comic.vip/album/1118574/,[球W] ゆりばく！,"束縛, 塞口器, 接吻, 雙馬尾, 百合",球W,,中文,42,2025-03-31
JM1118358,https://18comic.vip/album/1118358/,[黒斗] ギャルママとパコパコSEX～人妻の超絶テクにマジイキ絶頂！第24~43話,"劇情向, 全彩, 巨乳, 群交, 肛交, 過膝襪, 眼鏡, 亂倫, 熟女, 劇情向, 百合, 馬尾, 多毛, 出軌, 手淫, 後宮, 舔陰, 辣妹, 舔肛, 潮吹, 乳頭凹陷, 雙性戀, 顏面騎乘",黒斗,,日文,500,2025-03-31
JM1118374,https://18comic.vip/album/1118374/,[ネダオレ (あやね)] 新婚旅行いこっか,"巨乳, 制服, 獸耳, 狐娘, 百合",あやね,,日文,33,2025-03-31
JM1117868,https://18comic.vip/album/1117868/,[BLUE氪个人翻译] [墓場] 変態たち [中国翻訳] [DL版],"肛交, 遮眼, 束縛, 貞操帶, 乳膠衣, 戴面具, 拒絕高潮, 強暴, 性玩具, 奴隸, 假陽具, 百合, 群交, 單行本",墓場,,中文,202,2025-03-30
JM1116862,https://18comic.vip/album/1116862/,[猫の抹茶パフェ (ちょうせつ)] 美味的女僕小祥接受了這份工作 (BanG Dream! It's MyGO!!!!!) [中国語],"舔陰, 接吻, 女僕, 性玩具, 潮吹, 過膝襪, 百合, 全彩, 仅女性",ちょうせつ,,中文,24,2025-03-29
JM1115970,https://18comic.vip/album/1115970/,[ 木棉嶋壺 ] 觸手共生百合,"CG集, 肛交, 巨乳, 接吻, 觸手, 百合",木棉嶋壺,,中文,6,2025-03-28
JM1116859,https://18comic.vip/album/1116859/,冒险者小姐和色色的冒险4[白杨汉化组][しぐれえび (レフトハンド)] 冒険者ちゃんとえっちな冒険4 [中国翻訳] [DL版],"新娘, 旗袍, 妖精, 怪物女孩, 中出, 獸耳, 乳汁, 懷孕, 貧乳, 過膝襪, 觸手, vaginal, 出產, 百合, 劇情向",レフトハンド,,中文,144,2025-03-29
JM650124,https://18comic.vip/album/650124/,[NICOLAI (オリコ)] 家庭内売春 [中国翻訳] [DL版] [禁漫去碼],"百合, 巨乳, 中出, 乳交, 口交, 校服, 援交, 禁漫去碼, 奇异标签",オリコ,,中文,49,2024-10-17
JM1115474,https://18comic.vip/album/1115474/,[无毒汉化组] (C105) [チーズ酵母 (なか)] ラバーワールドで絶頂が止まりません！[DL版],"C105, 束縛, 乳膠衣, 百合",なか,,中文,39,2025-03-28
JM586467,https://18comic.vip/album/586467/,零距離的雪之戀 (C93)[えねるぎあ (ぴかち)]0距離スノーラブ,"C93, 百合",ぴかち,,中文,19,2024-06-17
JM38570,https://18comic.vip/album/38570/,太愛我了很煩惱呢 [peachpulsar(みら)]愛されすぎて困るの 為愛所困,"巨乳, 眼鏡, 純愛, 百合",みら,,中文,36,2018-03-17
JM7892,https://18comic.vip/album/7892/,OL被玩胸部就高潮的漫畫 [脸肿汉化组] [peachpulsar(みら)]OLさんがおっぱいだけでいっちゃう漫画,"巨乳, 百合, 調教",peachpulsar(みら),,中文,38,2018-03-14
JM1113760,https://18comic.vip/album/1113760/,[禁漫漢化組](C105)[散骨ヨガ倶楽部(にしおぎ)]ELECTRIC SHOXXX(勝利の女神NIKKE),"C105, 百合, 禁漫書庫",にしおぎ,,中文,62,2025-03-26
JM1032650,https://18comic.vip/album/1032650/,我轉生成爲女勇者后魔族的妻子居然有5人 第7話 [沒有漢化] [あやね] 女勇者に転生したら魔族の妻が5人もいるらしい7,"巨乳, 百合, 后宫",あやね,,中文,48,2024-12-10
JM1112882,https://18comic.vip/album/1112882/,[弩助平百合帝国 (スズオ)] 女同士のセックスが見たかっただけなのに私もすることになったんだが! [中国翻訳] [DL版],"巨乳, 舔陰, 群交, 百合",スズオ,,中文,30,2025-03-25
JM1113211,https://18comic.vip/album/1113211/,【鸭鸭】常识改变的奇物,"催眠, 百合, 3D",鸭鸭,,中文,333,2025-03-25
JM1111967,https://18comic.vip/album/1111967/,[聖華快楽書店] 憑依妖精騎士トリ子ちゃん (Fate/Grand Order),"CG集, 巨乳, 百合, 長髮, 精靈, 非百合",聖華快楽書店,,日文,176,2025-03-24
JM1112877,https://18comic.vip/album/1112877/,漫漫良宵 [Porication(beni shake)] Long Long Good Night,"非H, 巫女, 百合, 同人","beni, shake",,中文,12,2025-03-25
JM1022025,https://18comic.vip/album/1022025/,[ぴかち] 同性交際俱樂部 | 同性交遊俱楽部,"百合, 非H",ぴかち,,中文,29,2024-11-18
JM1074280,https://18comic.vip/album/1074280/,[聖華快楽書店 (エルトリア)] 魔法少女セイントリリィ・融合 ～変態性犯罪者と融合してしまった魔法少女が精神汚染されるまで～ [DL版],"巨乳, 墮落, 扶他, 魔法少女, 百合",エルトリア,,日文,61,2025-02-09
JM1076779,https://18comic.vip/album/1076779/,[聖華快楽書店(はっせん、シキ)] TS調教施設 ~敵国に捕らえられ女体化ナノマシンで快楽調教されました~,"性轉換, 巨乳, 兔女郎, 墮落, 扶他, 手淫, 百合","はっせん, シキ",,日文,120,2025-02-13
JM1111558,https://18comic.vip/album/1111558/,[Chara] 用俄语说真心话的皮物艾莉同学 01-03,"NTR, 出軌, 校服, 扶他, 百合, 手淫, 性玩具, 口交, 皮物, 睡姦, 3D",Chara,,中文,552,2025-03-23
JM1101264,https://18comic.vip/album/1101264/,波喜多摇滚!更进一步篇 [晴天汉化组] [まぜもの (いちみ)] ぼ喜多ラブラブ編 (ぼっち・ざ・ろっく!) [中国翻訳] [DL版],"非H, 接吻, 百合",いちみ,,中文,27,2025-03-18
JM1100587,https://18comic.vip/album/1100587/,[沒有漢化] [その他大勢Z (ゆかたろ)] 聖欲救済～シスター・スピカの夜の後輩指導,"巨乳, 修女, 親吻, 百合",ゆかたろ,,中文,32,2025-03-17
JM1108626,https://18comic.vip/album/1108626/,[本若] デカクリ百合おもちゃ [中国翻訳],"百合, 調教",本若,,中文,13,2025-03-21
JM1100603,https://18comic.vip/album/1100603/,[琴叶家个人汉化] (アクアマリンドリーム5th) [帰宅時間 (きたく)] サクラホリック (ラブライブ! サンシャイン!!),"百合, 制服, 長髮, 純愛",きたく,,中文,21,2025-03-17
JM1100494,https://18comic.vip/album/1100494/,[syou] 百合の蕾に唇触れて [DL版],"校服, yuri, 校園, 校服, 巨乳, 貧乳, 單行本",syou,,日文,203,2025-03-16
JM620143,https://18comic.vip/album/620143/,(C104)[パンダの缶詰(ないん)]旅人敗北記Ver.2.0稲妻編(原神),"C104, 全彩, 調教, 百合, 禁漫書庫, 非百合","ないん, パンダの罐诘",,中文,31,2024-08-19
JM1100493,https://18comic.vip/album/1100493/,[syou] 百合の蕾が咲く頃に [DL版],"舔陰, 短髮, yuri, 校園, 校服, 巨乳, 貧乳, 單行本",syou,,日文,199,2025-03-16
JM1100558,https://18comic.vip/album/1100558/,[禁漫漢化組](C105)[Digital Lover(なかじまゆか)]孕ませ屋ボイスドラマ紀念本,"C105, 巨乳, 百合, 禁漫書庫, 轻百合",なかじまゆか,,中文,14,2025-03-17
JM1108895,https://18comic.vip/album/1108895/,白衣的惡魔 [綠茶漢化組] [和郷梓] 白装の悪魔,"非H, 劇情向, 百合",和郷梓,,中文,69,2025-03-22
JM1097842,https://18comic.vip/album/1097842/,アグライア乳行教会,"巨乳, 百合, 乳汁, 超乳, 修女, 束縛",Ringo,,日文,17,2025-03-14
JM1096552,https://18comic.vip/album/1096552/,[花巻かえる] うぶ活,"短褲, 雙性戀, 黑肉, 馬尾, 過膝襪, 出汗, 假小子, 百合, 群交, 單行本, 足交",花巻かえる,,日文,161,2025-03-12
JM1096402,https://18comic.vip/album/1096402/,[不知何人漢化]（ヤガミさん）【Skeb】侍道4 鬼怒川百合 金玉言葉責め♥,"CG集, 女性支配, 全彩, 手交, 野外露出, 玩蛋",ヤガミさん,,中文,6,2025-03-12
JM1097338,https://18comic.vip/album/1097338/,[禁漫漢化組](C105)[けかの屋(やのかけ)]彗星たちの永い夜(アイドルマスターシャイニーカラーズ),"C105, 百合, 調教, 露出, 禁漫書庫",やのかけ,,中文,32,2025-03-13
JM1094427,https://18comic.vip/album/1094427/,[奢侈的彩凤个人汉化][ねこのてしょぼう (ねこんた)] 壺のなかのアルラウネ [DL版],"精靈, 巨乳, 中出, 百合",ねこんた,,中文,29,2025-03-10
JM1095374,https://18comic.vip/album/1095374/,太沒規矩了大小姐！ [沒有漢化][スズオ] はしたないですよお嬢様！,"女僕, 黑肉, 巨乳, 百合",スズオ,,中文,22,2025-03-11
JM1094983,https://18comic.vip/album/1094983/,[心海汉化组] [堕楽屋 (よろず)] 百合洗脳合同誌2 御魅足 [DL版],"催眠, 嗅氣味, 百合",よろず,,中文,16,2025-03-10
JM471948,https://18comic.vip/album/471948/,和機器人啪啪啪能算在經驗次數里嗎？[焼肉定食] アンドロイドは経験人数に入りますか？？,"青年漫, 百合, 巨乳, 劇情向, 机娘, 机器人, 纯爱",焼肉定食,,中文,898,2023-07-24
JM1093933,https://18comic.vip/album/1093933/,[贱兔汉化组][牙を剥く]TSぶ漫！〜体操服篇〜,"性转, 百合, 雌堕, 体操服, 乱伦, 巨乳, 绿母",牙を剥く,,中文,95,2025-03-09
JM1093551,https://18comic.vip/album/1093551/,[まいなぁぼぉい] 奴隷女教師・景子 6 [DL版],"巨乳, 群交, 肛交, 口交, 強暴, 束縛, 亂倫, 熟女, 劇情向, 扶他, 性玩具, 單行本, 百合, 劇情向, 巨尻, 露出, 教師, 人妻, 塞口器, 緊身衣, 吸奶, 奴隸, 灌腸, 淩辱, 圍裙, 露出, 鞭打",まいなぁぼぉい,,日文,163,2025-03-09
JM1092075,https://18comic.vip/album/1092075/,朝比奈高校故事2[月光石汉化组] [ゆり子] うらウラ！アサイ高校物語第2話,"肛交, 舔陰, 群交, 接吻, 舔肛, 百合",ゆり子,,中文,29,2025-03-07
JM1090212,https://18comic.vip/album/1090212/,[沒有漢化] (TOON MIX 2) [G-PLANET (グラム)] VIRGIN SUMMER (スティーブン・ユニバース),"百合, 扶他, 泳裝, 肌肉",gram,,中文,39,2025-03-04
JM1089694,https://18comic.vip/album/1089694/,太大了！！扶她功夫大牛子！！ [色魔棍哥个人汉化] [断崖絶癖 (むちも)] デカすぎ!!ふたなりカンフーチンポ (ブルーアーカイブ) [DL版],"巨乳, NTR, 扶他, 百合",むちも,,中文,9,2025-03-04
JM1090165,https://18comic.vip/album/1090165/,[奢侈的彩凤个人汉化] [みずかに (のやま)] ラブラブお仕置き百合えっち,"巨乳, 女性支配, 接吻, 潮吹, 百合",のやま,,中文,14,2025-03-04
JM1088825,https://18comic.vip/album/1088825/,[Clear Doll (水白しずく)] 散りゆく黒百合～転生メイドは旦那様の執着から逃れられない～ [DL版],"巨乳, 眼鏡, 過膝襪, 調教, 中出",水白しずく,,中文,68,2025-03-02
JM1088822,https://18comic.vip/album/1088822/,[Clear Doll (水白しずく)] 秘密の放課後～散りゆく黒百合二次創作学園パロディ編～ [DL版],"巨乳, 眼鏡, 校園, 校服, 調教, 口交, 透視, 中出",水白しずく,,中文,24,2025-03-02
JM1088415,https://18comic.vip/album/1088415/,[K记翻译][Avaro56] 小粉房,"身體改造, 黑肉, 手淫, 穿刺, 轉化, 百合, 3D, 劇情向",Avaro56,,中文,142,2025-03-02
JM1087827,https://18comic.vip/album/1087827/,[Dekouki个人汉化][長代ルージュ] 百合で伝えて私の疼き [中国翻訳] [DL版],"舔陰, 黑肉, 女惡魔, 舔足, 接吻, 魔法少女, 短髮, 校服, 潮吹, 雙馬尾, yuri, 單行本, 百合",長代ルージュ,,中文,219,2025-03-01
JM1087874,https://18comic.vip/album/1087874/,[BLUE氪个人翻译] [館山けーた] 百合フェチLIFE 第10話 (コミック エグゼ 55) [中国翻訳] [DL版],"綁縛, 調教, 巨乳, 遮眼, 束縛, 眼罩, 接吻, yuri, 窒息, 百合",館山けーた,,中文,19,2025-03-01
JM1085592,https://18comic.vip/album/1085592/,[アンソロジー] 親子百合アンソロジー After Story [DL版],"亂倫, yuri, 接吻, 人妻, 舔陰, 劇情向, 單行本, 百合",多作者,,日文,85,2025-02-26
JM1085593,https://18comic.vip/album/1085593/,[アンソロジー] 黄百合 -Falling In Love With A Classmate- [DL版],"校園, 制服, yuri, 自慰, 純愛, 股交, 舔陰, 貧乳, 巨乳, 單行本, 百合",多作者,,日文,178,2025-02-26
JM1084411,https://18comic.vip/album/1084411/,[萌々汰] JK百合漫画 [中国翻訳],"接吻, 乳環, 穿刺, 校服, yuri, 百合",萌々汰,,中文,8,2025-02-24
JM1084360,https://18comic.vip/album/1084360/,[若鶏にこみ] 百合姦オードブル！ [DL版],"巨乳, 舔陰, 黑肉, 女惡魔, 怪物女孩, 接吻, 睡姦, 貧乳, 過膝襪, 雙馬尾, 百合, 單行本",若鶏にこみ,,日文,185,2025-02-24
JM1084357,https://18comic.vip/album/1084357/,[長代ルージュ] 百合で伝えて私の疼き [DL版],"舔陰, 黑肉, 女惡魔, 接吻, 短髮, 校服, 潮吹, 百合, 劇情向, 單行本",長代ルージュ,,日文,219,2025-02-24
JM1082140,https://18comic.vip/album/1082140/,[蛹虎次郎] きゃすとあおい,"阿黑顏, 肛交, 巨尻, 巨乳, 泳裝, 短褲, 口交, 出軌, 處女, 露出, 女性支配, 足交, 吊帶襪, 眼鏡, 手套, 乳汁, 女僕, 熟女, 人妻, NTR, 母女丼, 乳交, 附身, 懷孕, 強暴, 舔肛, 校服, 性玩具, 打屁股, 過膝襪, 假陽具, 教師, 放尿, 透視, 百合, 群交, 單行本",蛹虎次郎,,日文,189,2025-02-21
JM515886,https://18comic.vip/album/515886/,只属于我的神明～为了恢复力量求亲亲～01 [橄榄汉化组] [根上結]私だけの神様～力の回復のためにキスをねだられています～ 01,"獸耳, 百合, 非H, 不是百合, 非百合！, 是男孩子啊！",根上結,,中文,56,2023-12-04
JM1083620,https://18comic.vip/album/1083620/,"[奢侈的彩凤个人汉化] [風雲""アライ""だいき]こう見えて生えてます。10-12 [中国翻译]","劇情向, 巨乳, 舔陰, 女性支配, 扶他, 手淫, 女僕, 中出, 校服, 性玩具, 潮吹, 過膝襪, 假陽具, 教師, 百合",風雲,,中文,79,2025-02-23
JM1083600,https://18comic.vip/album/1083600/,[七峰] 好きの心に気付いたボク達は「夏」,"全彩, 巨乳, 接吻, 百合",七峰,,中文,40,2025-02-23
JM1082834,https://18comic.vip/album/1082834/,把二人的颜色，交融在画布上 [シロクマ]  二人で彩る、私たちのキャンバス [中国翻訳],"劇情向, 百合, 接吻",シロクマ,,中文,56,2025-02-21
JM1081551,https://18comic.vip/album/1081551/,百合魅魔!3 ~想要成为，青梅竹马之上的关系~ [茄某人个人汉化] [ユ・リーグ (ゆすり)] 百合deサキュバス！3～ねえ、幼馴染以上になりたいの～ [DL版][中国翻訳],"劇情向, 巨乳, 舔陰, 女惡魔, 怪物女孩, 百合",ゆすり,,中文,74,2025-02-20
JM1083041,https://18comic.vip/album/1083041/,猫の爪痕 [MIB汉化] (C104) [好きって言って! (まちの宵子)] CAT CLAW MAKES ~猫の爪痕~ (わんだふるぷりきゅあ!) [中国翻訳],"C104, 接吻, 百合",まちの宵子,,中文,30,2025-02-22
JM1083614,https://18comic.vip/album/1083614/,[RetroCyber & 未命名ver.α 合作汉化] [Vel] 酒后交换 (Genshin Impact) [中国翻译],"全彩, 附身, 百合, 換身",Vel,,中文,30,2025-02-23
JM1081262,https://18comic.vip/album/1081262/,[禁漫漢化組](C105)[白鳳工房(コウコク)]会長はあたしのことが好きすぎる(学園アイドルマスター),"C105, 百合, 巨乳, 禁漫書庫, 附身, 萝莉, SM, 婊子, 69式, 纯爱",コウコク,,中文,24,2025-02-20
JM1081183,https://18comic.vip/album/1081183/,[RetroCyber 个人汉化] [Vel] 原神TSF：偶像希娜 (Genshin Impact) [Chinese],"狐娘, 獸耳, 和服, 巫女, 催眠, 百合, 全彩, 性转",Vel,,中文,50,2025-02-20
JM1080327,https://18comic.vip/album/1080327/,[禁漫漢化組](C105)[冬扇草堂(冬扇)]堕落性の乳銀燈(ローゼンメイデン),"C105, 巨乳, 百合, 調教, 禁漫書庫, 扶她, 乳汁, 足交",冬扇,,中文,33,2025-02-19
JM1080334,https://18comic.vip/album/1080334/,[塔派机翻] [4390works (夏石名無)] 夢堕ちトランス～朝、目が覚めたら女の子になる～[Chinese] [塔派机翻],"CG集, 巨乳, 處女, 女惡魔, 第一人稱, 中出, 乳環, 乳交, 穿刺, 校服, 百合, 性转",夏石名無,,中文,68,2025-02-19
JM1079937,https://18comic.vip/album/1079937/,【Naitong】屑魔女之旅,"AI繪圖, 百合","奈瞳, naitong",,中文,22,2025-02-18
JM1079443,https://18comic.vip/album/1079443/,[少女乐队汉化组] [karasiHOUSE] 今井リサ·湊友希那【百合破壊】(BanG Dream!),"CG集, 巨乳, 群交, 少女乐队汉化组, 百合破坏",karasiHOUSE,,中文,26,2025-02-17
JM1079312,https://18comic.vip/album/1079312/,妳的肖像畫/너의 초상화,"韓漫, 女性向, 百合, 完結, 不是女性向",헛둘,,中文,2605,2025-02-17
JM1079297,https://18comic.vip/album/1079297/,七奈的全身精油保养按摩乳头开发纪行[白杨汉化组] [ピリオデストラクション (pn)] ナナのオイルマッサージ乳首開発紀行 [中国翻訳],"阿黑顏, 巨尻, 巨乳, 泳裝, 群交, 後宮, 接吻, 潮吹, 百合, 按摩","pn, ピリオデストラクション",,中文,35,2025-02-17
JM1079302,https://18comic.vip/album/1079302/,科学刮擦[个人机翻汉化][遮断活動 (給水係)] カガクスリスリ (カガクチョップ) [中国翻訳] [DL版],"貞操帶, 眼鏡, 實驗室外套, 性玩具, 百合",給水係,,中文,25,2025-02-17
JM1078966,https://18comic.vip/album/1078966/,【Naitong】生物本能,"触手, 百合, 入替, 寄生, AI繪圖, AI绘画",naitong,,中文,36,2025-02-16
JM1078889,https://18comic.vip/album/1078889/,[RetroCyber 个人汉化] [Vel] 皮化剪刀 (Genshin Impact),"全彩, 眼罩, 皮物, 百合",Vel,,中文,25,2025-02-16
JM1077923,https://18comic.vip/album/1077923/,[虹之星汉化组] (C105) [virophilia (織日ちひろ)] ASPHERICAL LOVE (ラブライブ! 蓮ノ空女学院スクールアイドルクラブ) [中国翻訳],"C105, 百合, 泳裝, 舔陰, 多毛, 接吻, 手淫, 馬尾, 校服, 雙馬尾",織日ちひろ,,中文,175,2025-02-15
JM1077188,https://18comic.vip/album/1077188/,直到渣女真心坠入爱河 颜控女子篇 [透明声彩汉化组] [あんず屋 (櫻井亜矢子)] クズ女子が本気の恋に落ちるまで メンクイ女子編 前編 [中国翻訳] [DL版],"劇情向, 短褲, 百合",櫻井亜矢子,,中文,92,2025-02-13
JM1077189,https://18comic.vip/album/1077189/,直到渣女真心坠入爱河 2 [透明声彩汉化组] [あんず屋 (櫻井亜矢子)] クズ女子が本気の恋に落ちるまで 2,"非H, 劇情向, 百合",櫻井亜矢子,,中文,26,2025-02-13
JM1077914,https://18comic.vip/album/1077914/,(C97) [遮断活動 (給水係)] 女淫魔だし戦闘娘のお嫁さん貰いに来ました [中国翻訳],"C97, 女惡魔, 手套, 怪物女孩, 過膝襪, 百合",給水係,,中文,41,2025-02-14
JM1077137,https://18comic.vip/album/1077137/,[D.D.D] 灵魂交换 01-03+番外,"巨乳, 口交, 藥物, 手淫, 百合, 換身, 3D","D.D.D, DDD",,中文,257,2025-02-13
JM1076841,https://18comic.vip/album/1076841/,終結單戀的方法/짝사랑을 끝내는 방법,"韓漫, 女性向, 百合, 完結, 不是女性向",파이,,中文,2930,2025-02-13
JM1077127,https://18comic.vip/album/1077127/,[JJking] 奇怪的原神 01-04,"手淫, 附身, 百合, 3D",JJking,,中文,276,2025-02-13
JM1076953,https://18comic.vip/album/1076953/,[色魔棍哥个人汉化][Natsume Uraraka]扶她茶话会 (蔚蓝档案),"CG集, 扶他, 獸耳","Natsume, Uraraka",,中文,9,2025-02-13
JM1077124,https://18comic.vip/album/1077124/,[JJking] 附身斗破,"手淫, 附身, 百合, 3D",JJking,,中文,62,2025-02-13
JM1076193,https://18comic.vip/album/1076193/,科学阴蒂开发（科学手刀） [个人机翻汉化] (キスミーベイベー8) [遮断活動 (給水係)] カガクリカイハツ (カガクチョップ),"貞操帶, 眼鏡, 實驗室外套, 性玩具, 百合",給水係,,中文,25,2025-02-12
JM1076160,https://18comic.vip/album/1076160/,沙绫的表情 [シロクマ] おたえ×沙綾のえっち,"接吻, 百合",シロクマ,,中文,33,2025-02-12
JM1076120,https://18comic.vip/album/1076120/,[禁漫漢化組](C105)[ねるねる7㎜(七海ねる)]魔法少女被加虐遊戯 鞭打ち編(魔法少女にあこがれて),"C105, 調教, 巨乳, 百合, 禁漫書庫",七海ねる,,中文,20,2025-02-12
JM1076917,https://18comic.vip/album/1076917/,和轆轤首女孩百合愛愛的故事[沒有漢化] [アウェイ田]ろくろ首の女の子と百合セックスした話 web版 [中国翻訳],"yuri, 怪物女孩, 異種, 百合",アウェイ田,,中文,11,2025-02-13
JM1076250,https://18comic.vip/album/1076250/,[蘭田夢] プリンセスフェチズム ―淫魔に足と脇を調教され変態魔族になる姫騎士物語―[中国翻訳],"身體改造, 墮落, 女惡魔, 舔足, 接吻, 過膝襪, 百合",蘭田夢,,中文,39,2025-02-12
JM1075423,https://18comic.vip/album/1075423/,[Genstone] 被弱点击破的击破女团【AI】,"AI绘画, 全彩, 百合, 星穹铁道, 非百合",Genstone,,,23,2025-02-10
JM1075208,https://18comic.vip/album/1075208/,赤手花拳/꽃주먹,"韓漫, 女性向, 百合, 完結, 不是女性向",박미남,,中文,256,2025-02-10
JM1074439,https://18comic.vip/album/1074439/,"[奢侈的彩凤个人汉化] [風雲""アライ""だいき]こう見えて生えてます。[中国翻译]","巨乳, 短褲, 口交, 舔陰, 女性支配, 拍攝, 足交, 扶他, 手淫, 女僕, 中出, 虐待, 校服, 性玩具, 潮吹, 假陽具, 教師, 百合, 劇情向","風雲""アライ""だいき",,中文,231,2025-02-09
JM1074421,https://18comic.vip/album/1074421/,(C87) [ネコネコ・パンチュッ! (ねこねこぱんちゅっ)]私立桃華【裏】女学院【幼令孃肛虐家畜調教（未完）】小等部四年 星野 優香,"C87, 肛交, 肛交, 子宮脫, 綁縛與調教, 巨乳, 大陰蒂, 大乳頭, 身體改造, 束縛, 陰蒂增長, 項圈, 糞便, 灌腸, 女性支配, 拳交, 塞口器, 張口, B环, 眼鏡, 手套, 西瓜肚, 乳膠衣, 戴面具, 手淫, 乳環, 鼻鉤, 穿刺, 豬娘, 子宮脫, 排泄, 性玩具, 奴隸, 打屁股, 長筒靴, 酷刑, 雙馬尾, 鞭打, 百合",ねこねこぱんちゅっ,,中文,48,2025-02-09
JM1074194,https://18comic.vip/album/1074194/,[Nonothird个人汉化]籠中之鳥[現実逃避 (リコ)] カゴノトリ (東方Project)[中国翻訳],"束缚, 扶他, 百合, 中出",利行,,,28,2025-02-08
JM1074025,https://18comic.vip/album/1074025/,(C101) [カマスの踊り食い (青柳カボた)] コイツの性癖ぶっ壊す！ [DL版],"C101, 舔陰, 群交, 校服, 百合",青柳カボた,,中文,15,2025-02-08
JM1073739,https://18comic.vip/album/1073739/,圣娅 (Blue Archive) [才羽桃井汉化组] [ねっこ] セイア公開分＋差分＋おまけ（計16枚） (ブルーアーカイブ) [中国翻訳],"全彩, 貧乳, 獸耳, 萝莉",ねっこ,,中文,17,2025-02-07
JM1073417,https://18comic.vip/album/1073417/,[うるし原智志] キラリティー 2,"百合, 劇情向, 單行本",うるし原智志,,日文,177,2025-02-07
JM1073416,https://18comic.vip/album/1073416/,[うるし原智志] キラリティー 1,"百合, 劇情向, 單行本",うるし原智志,,日文,180,2025-02-07
JM1073418,https://18comic.vip/album/1073418/,[うるし原智志] キラリティー 3,"百合, 劇情向, 單行本",うるし原智志,,日文,186,2025-02-07
JM1073313,https://18comic.vip/album/1073313/,[黄金叶汉化][白楯誤射] カフカ星ホタル3P (崩壊:スターレイル),"CG集, 遮眼, 吸奶, 群交, 百合",白楯誤射,,中文,12,2025-02-07
JM1074732,https://18comic.vip/album/1074732/,[Naitong] 恶魔的转换,"全彩, 百合, 扶他, 絲襪, 強暴, 足交, 肉體改造, AI繪圖, ntr","奈瞳, naitong",,中文,44,2025-02-09
JM1073318,https://18comic.vip/album/1073318/,[らぼまじ! (武田あらのぶ)] 痴処女風紀委員のみんなに言えない淫靡なお願い7 ～姉妹とママを性的に弄ぶお泊り会・前編～｜痴處女風紀委員對他人難以啟齒的淫靡願望 (7)～和姊妹與媽媽的性愛派對 前篇 [中文] [無修正],"肛交, 爆肛, 巨乳, 雙性戀, 兔女郎, 奶牛娘, 乳牛娘, 雙重插入, 開洞裝, 後宮, 乳頭內陷, 母乳, 乳汁, 乳膠緊身衣, 熟女, 母女丼, 姐妹丼, 群交, 阿嘿顏, 口交, 口交臉, 項圈, 女兒, 亂倫, 中出, 母親, 媽媽, 情趣用品, 穿戴式陽具, 愛心眼, 心瞳, 百合, 比基尼, 泳裝, 姊姊, 妹妹, 尾塞, 3P, 情趣內衣, 綁縛, 長筒襪, 人妻, 拘束服, 內射, 群交, 非百合, 4P",武田あらのぶ,,中文,71,2025-02-07
JM503963,https://18comic.vip/album/503963/,噓！一級機密報告,"韓漫, 完結, 辦公女郎, 上下關係, 四次元女主, 帥氣女, 百合, 精英女主, 腹黑, 辦公室戀情, 就是女性向, 不是女性向",Hyuk,,中文,1361,2023-10-23
JM1070348,https://18comic.vip/album/1070348/,[らんぺる] 乳首弄りの仲[中国翻訳],"接吻, 手淫, 性玩具, 百合, 磨鲍",らんぺる,,中文,44,2025-02-02
JM1072208,https://18comic.vip/album/1072208/,[YF(勉強中)] 屈辱な敗北,"女性支配, 舔足, 乳汁, 強暴, 嗅氣味, 放尿, 百合, 3D",勉強中,,中文,487,2025-02-05
JM475640,https://18comic.vip/album/475640/,討厭妳/싫어해,"韓漫, 劇情向, 百合, 完結",서랭,,中文,321,2023-08-04
JM1071175,https://18comic.vip/album/1071175/,勇者把魔王给凭依了的故事 [个人机翻汉化] (C103) [マカロニケシゴム (メリケン)] 勇者が魔王に憑依する話 (オリジナル) [DL版],"C103, 巨乳, 換身, 吸奶, 黑肉, 吊帶襪, 手套, 怪物女孩, 乳汁, 內衣, 手淫, 馬尾, 過膝襪, 百合",メリケン,,中文,48,2025-02-02
JM1070329,https://18comic.vip/album/1070329/,たえさあやエロいことするだけ [みそ茶] 被生贺勾起寂寞，从而变坦率的沙绫,"純愛, 百合",みそ茶,,中文,26,2025-02-02
JM1069750,https://18comic.vip/album/1069750/,[咕咕挞] 米露可的心愿,"獸耳, 接吻, 中出, 過膝襪, 假陽具, 百合, 無修正",咕咕挞,,中文,21,2025-02-01
JM1069723,https://18comic.vip/album/1069723/,[F.tgc] Kallen and Sakura,"舔陰, 百合",F.tgc,,中文,5,2025-02-01
JM1069712,https://18comic.vip/album/1069712/,一个第一次 [みそ茶] 一つの初めて,"接吻, 百合",みそ茶,,中文,40,2025-02-01
JM1069698,https://18comic.vip/album/1069698/,[深田拓士] 絶望の闇の中で… [DL版],"阿黑顏, 肛交, 巨尻, 巨乳, 雙性戀, 口交, 束縛, 出軌, 癡漢, 舔陰, 塞口器, 多毛, 熟女, 中出, NTR, 護士, 強暴, 過膝襪, 放尿, 百合, 群交, 劇情向, 單行本",深田拓士,,日文,178,2025-02-01
JM1069327,https://18comic.vip/album/1069327/,[gallium wear (まさみあたべ)] 衝動で偶にこんなこと (ラブライブ! 蓮ノ空女学院スクールアイドルクラブ),"束縛, 項圈, 女性支配, 百合",まさみあたべ,,中文,27,2025-01-31
JM1069699,https://18comic.vip/album/1069699/,[深田拓士] 絶望の闇の中で… [DL版],"阿黑顏, 肛交, 巨尻, 巨乳, 雙性戀, 口交, 束縛, 出軌, 癡漢, 舔陰, 塞口器, 多毛, 熟女, 中出, NTR, 護士, 強暴, 過膝襪, 放尿, 百合, 群交, 劇情向, 單行本",深田拓士,,日文,178,2025-02-01
JM1069677,https://18comic.vip/album/1069677/,[吗喽汉化组] [ばなじニウム (ばなじうむ)] BOCCHI THE KITACHAN (ぼっち・ざ・ろっく!) [DL版],"巨乳, 貧乳, 泳裝, 百合",ばなじうむ,,中文,22,2025-02-01
JM1069113,https://18comic.vip/album/1069113/,我是属于你的 ( [R6m个人汉化] [ROUTE885 (ハチウルフ)] ワタシはキミのもの (BanG Dream!) [中国翻訳],"百合, 純愛, 雙馬尾",ハチウルフ,,中文,25,2025-01-31
JM1069025,https://18comic.vip/album/1069025/,[透明声彩汉化组] [Digital] [アンソロジー] 別冊コミックアンリアル 人外レズ風俗 Vol.1-2 [中国翻訳] [DL版],"綁縛與調教, 巨乳, 遮眼, 束縛, 兔女郎, 扶他, 塞口器, 吊帶襪, 獸耳, 戴面具, 怪物女孩, 修女, 喝尿, 植物娘, 援交, 史萊姆, 史萊姆娘, 貧乳, 過膝襪, 觸手, 雙馬尾, 放尿, 狼女, 百合",多作者,,中文,140,2025-01-30
JM1069054,https://18comic.vip/album/1069054/,[大友同好会] (C103) [OSAKANASUNSET (きむラ)] 5days later (アサルトリリィ) [中国翻訳],"接吻, 校服, 百合",きむラ,,中文,28,2025-01-30
JM1068590,https://18comic.vip/album/1068590/,快开门啊 桃香姐 [吗喽汉化组] (C105) [ふたりぼっちのSolitude (wano)] 開けてください桃香さん! [中文翻译],"C105, 非H, 巨乳, 百合",wano,,中文,20,2025-01-29
JM1068025,https://18comic.vip/album/1068025/,[透明声彩汉化组] [さんしきすみれ (モルゲン)] きょうはわたしがするんです (ラブライブ!) [中国翻訳] [DL版],"巨乳, 百合",モルゲン,,中文,26,2025-01-28
JM1068020,https://18comic.vip/album/1068020/,[透明声彩汉化组] (C104) [ほむら屋★プレアデス (焔すばる)] パイユリ♡プレデイション [中国翻訳],"C104, 女惡魔, 群交, 乳汁, 百合",焔すばる,,中文,19,2025-01-28
JM1068390,https://18comic.vip/album/1068390/,[孤独的蛇个人汉化] [つるや (つる)]ミックス女の子汁ピッツァ・パーティー,"肛交, 子宮脫, 子宮脫, 百合",つる,,中文,30,2025-01-29
JM1067730,https://18comic.vip/album/1067730/,[打打计数君个人汉化] [4390works (夏石名無)] 勇者とスライムの共棲 [中国翻訳],"全彩, 巨乳, 怪物女孩, 百合, 扶他, 非百合, 史莱姆",夏石名無,,中文,175,2025-01-27
JM1067761,https://18comic.vip/album/1067761/,[けかの屋 (やのかけ)] 彗星たちの永い夜 (アイドルマスター シャイニーカラーズ) [DL版] [中国翻訳],"巨乳, 百合, 調教, 項圈",やのかけ,,中文,35,2025-01-27
JM1067972,https://18comic.vip/album/1067972/,[わたなべわたる] 大好き♡美奈子先生!,"巨乳, 灌腸, 馬尾, 排泄, 百合, 單行本",わたなべわたる,,日文,220,2025-01-28
JM1066591,https://18comic.vip/album/1066591/,[想给老师做饭的枫香个人汉化] (C105) [ぽれの稲荷屋 (ぽれのゐなり)] 特別先生支援係. (ブルーアーカイブ) [DL版][中国翻訳],"C105, 口交, 群交, 獸耳, 中出",ぽれのゐなり,,中文,25,2025-01-25
JM1066418,https://18comic.vip/album/1066418/,[角都九阳个人汉化] (C105) [Vanadinium (Vanadium)] Pink Archive (ブルーアーカイブ),"C105, 巨乳, 長髮, 百合",Vanadium,,中文,21,2025-01-25
JM1067700,https://18comic.vip/album/1067700/,女体化与房间与各种事 [个人机翻汉化] [犬っぽいマネキ猫] 女体化と部屋と諸々 [中国翻訳],"性玩具, 百合, CG, 非百合",犬っぽいマネキ猫,,中文,65,2025-01-27
JM1067704,https://18comic.vip/album/1067704/,直到午休時間結束為止 [和菓子漫畫屋 漢化] [BetweenGirls (betock)] お昼休みが終わるまで [中国翻訳],"百合, 手淫, 校服, 過膝襪",betock,,中文,26,2025-01-27
JM470853,https://18comic.vip/album/470853/,虐美人：外傳A/새디스틱뷰티：외전 A,"韓漫, 劇情向, 百合, 女性向, 完結, 就是女性向, 不是女性向",이금산,,中文,671,2023-07-20
JM1063941,https://18comic.vip/album/1063941/,[Zniey]早知道在学校也会被……,"贫乳, 百合, 自慰, 阿黑颜",Zniey,,中文,17,2025-01-23
JM1065201,https://18comic.vip/album/1065201/,來我家玩吧！/우리집에 놀러와!,"韓漫, 女性向, 百合, 完結, 就是女性向, 不是女性向",연골,,,3051,2025-01-24
JM1064936,https://18comic.vip/album/1064936/,請開發我吧！/개발해주세요,"韓漫, 女性向, 百合, 完結, 就是女性向, 不是女性向",택일,,,1361,2025-01-23
JM1063803,https://18comic.vip/album/1063803/,(C105) [ぽれの稲荷屋 (ぽれのゐなり)] 特別先生支援係(ブルーアーカイブ) [DL版],"C105, 口交, 獸耳, 中出",ぽれのゐな,,日文,25,2025-01-22
JM1067729,https://18comic.vip/album/1067729/,茶会＋补习部～轻松一夏! [碧蓝档案百合组] (C104) [Arcadia L.E.Project (櫻ノろこ)] ティーパーティー＋補習部のゆる～い夏っ! (ブルーアーカイブ) [中国翻訳] [DL版],"C104, 非H, 百合",櫻ノろこ,,中文,29,2025-01-27
JM1063180,https://18comic.vip/album/1063180/,[nonothird个人汉化] (C92) [運命のイカスミ (春雨)] 交合「淫欲狂鳴(エストロチューニング)」,"C92, 百合, 催眠, 纯爱, 调教",春雨,,中文,27,2025-01-21
JM1062228,https://18comic.vip/album/1062228/,[阿鳴個人漢化][enuma elish (由木彌)] イチハ,"阿黑顏, 口交, 舔陰, 黑肉, 雀斑, 手淫, 中出, 侄女, 短髮, 校服, 性玩具, 假小子, 百合, 亂倫, 劇情向, 贫乳",由木彌,,中文,30,2025-01-21
JM1062171,https://18comic.vip/album/1062171/,[うるし原智志] 悠久黙示録エイドロンシャドー 01,"劇情向, 巨乳, 百合",うるし原智志,,中文,290,2025-01-20
JM1063507,https://18comic.vip/album/1063507/,我怎麼可能成為你的戀人，不行不行！（※不是不可能！？）[みかみてれん むっしゅ]わたしが恋人になれるわけないじゃん、ムリムリ! (※ムリじゃなかった!?),"百合, 戀愛, 制服, 校园, 青年漫","みかみてれん, むっしゅ",,中文,1667,2025-01-22
JM1061504,https://18comic.vip/album/1061504/,[AI Generated]月城柳的修行,"阿黑顏, 巨乳, 束縛, 舔足, 嗅氣味, 出汗, 瘙癢, 百合, AI繪圖, 無修正",LotteryFate,,中文,61,2025-01-20
JM1061605,https://18comic.vip/album/1061605/,(C105) [適齢期に食中毒 (沢村青)] くんずほぐれつフルタカアオバ (艦隊これくしょん -艦これ-),"C105, 巨乳, 多毛, 手淫, 馬尾, 性玩具, 潮吹, 過膝襪, 百合",沢村青,,日文,26,2025-01-20
JM1061027,https://18comic.vip/album/1061027/,(C105) [えねるぎあ (ぴかち)] 友達 (リコリス・リコイル) [DL版],"C105, 接吻, 百合",ぴかち,,日文,17,2025-01-19
JM530499,https://18comic.vip/album/530499/,[BLUE氪个人翻译] [館山けーた] 百合フェチLIFE 第1話 (コミック エグゼ 45) [中国翻訳] [DL版],"舔足, 百合, 变态",館山けーた,,中文,225,2024-01-13
JM1061024,https://18comic.vip/album/1061024/,[S1百综汉化组] (C105) [EDGE WORTH (ぞくさん)] キミと一緒にわんだふる!!2 (わんだふるぷりきゅあ!) [中国翻訳],"C105, 百合, 全彩",ぞくさん,,中文,25,2025-01-19
JM1060782,https://18comic.vip/album/1060782/,[一青二白汉化组] [ワールドオブピュア (ネゴム)] 天使のカルテ (HUGっと!プリキュア),"舔陰, 百合",ネゴム,,中文,138,2025-01-19
JM1047365,https://18comic.vip/album/1047365/,[Stop] 双旦快乐,"舔陰, 手淫, 教師, 百合, 3D",Stop,,中文,538,2025-01-01
JM1057953,https://18comic.vip/album/1057953/,兔耳大小姐 請把屁股露出來！ [夺命五头鲨个人机翻] [サブなすけ] うさ耳お嬢様 お尻を御出しください,"兔女郎, 女性支配, 獸耳, 女僕, 打屁股, 百合",サブなすけ,,中文,18,2025-01-15
JM1055346,https://18comic.vip/album/1055346/,我的治癒是…  [沒有漢化] [Carmilla (花影あると)] 私の癒しは… [中国翻訳],"3P, 百合, yuri, 調教",花影あると,,中文,6,2025-01-13
JM1058997,https://18comic.vip/album/1058997/,(C105) [ツンデレ100% (えれか)] ドスケベ活動記録 + アフターアフターアフター (ラブライブ! 蓮ノ空女学院スクールアイドルクラブ),"C105, 學校泳裝, 性玩具, 泳裝, 百合",えれか,,日文,50,2025-01-14
JM1058701,https://18comic.vip/album/1058701/,[夢迷屋] 魔術結社の女幹部兼教師のパンツがダサイ [中国翻訳],"扶他, 眼鏡, 魔法少女, 百合",夢迷屋,,中文,34,2025-01-14
JM1055310,https://18comic.vip/album/1055310/,Vahnyd催眠作品集 [嘎嘎个人汉化],"舔陰, 手淫, 催眠, 中出, 百合",vahn_yourdoom,,中文,21,2025-01-13
JM1058893,https://18comic.vip/album/1058893/,隐藏欲望的少女秘密的冒险 [白杨汉化组][超斬開 (TER)] むっつり少女の秘密の冒険｜ [DL版],"C105, 貧乳, 百合, yuri, 露出, 假小子, 黑肉, 晒痕",TER,,中文,58,2025-01-13
JM1054823,https://18comic.vip/album/1054823/,[BLUE氪个人翻译] (COMIC1☆11) [ポニー牧場 (井上よしひさ)] ダージリンさまのドリンクバー (ガールズ&パンツァー) [中国翻訳],"束縛, 女僕, 喝尿, 放尿, 百合",井上よしひさ,,中文,22,2025-01-12
JM1054421,https://18comic.vip/album/1054421/,[りーりうむ (アイガ)] 淫魔による百合暴力連続絶頂で堕ちる〜慕っていた人がサキュバスでした〜 [中国翻訳],"女惡魔, 遮眼, 怪物女孩, 百合",アイガ,,中文,49,2025-01-11
JM1058901,https://18comic.vip/album/1058901/,[沒有漢化][ころぽっくる (とこ)] 射精すぺこ！！ (兎田ぺこら、宝鐘マリン),"巨乳, yuri, 百合, 獸耳, 手交, 扶他",とこ,,中文,20,2025-01-13
JM1054238,https://18comic.vip/album/1054238/,[センテン] 初心なサキュバスわからせ百合えっち [中国翻訳],"巨乳, 中出, 惡魔女孩, 親吻, 百合, 哥们哪来中出？",センテン,,中文,26,2025-01-11
JM1053756,https://18comic.vip/album/1053756/,[乾はるか] 恋身女子高生パティ 2,"巨乳, 超乳, 假陽具, 百合, 劇情向, 單行本",乾はるか,,日文,222,2025-01-10
JM1054414,https://18comic.vip/album/1054414/,[蘭田夢] 『剣脚戦姫』4話ー戦姫の休日 [中国語]],"舔足, 百合",蘭田夢,,中文,48,2025-01-11
JM1045765,https://18comic.vip/album/1045765/,[聖水BAR] 異世界転生して能力でＨなことする話 [狼姬个人汉化],"天使, 巨尻, 巨乳, 多毛, 異種, 百合, yuri, 非百合, 非全百合",聖水BAR,,中文,24,2024-12-30
JM1053041,https://18comic.vip/album/1053041/,【Naitong】青春黑丝三玖不会梦到百合麻衣学姐,"AI绘图, 百合, 附身, 性转, 黑丝, 换身, 凭依","奈瞳, naitong",,中文,54,2025-01-09
JM1053654,https://18comic.vip/album/1053654/,聖癖✟櫻之丘[夕仁 里好]聖へき†桜ヶ丘...,"百合, 歡樂向, 校园, 青年漫","夕仁, 里好",,中文,357,2025-01-10
JM1053611,https://18comic.vip/album/1053611/,[杰克个人翻译] [ぱいんとさいず (にゅう、TKS)] 肥溜 (新世紀エヴァンゲリオン),"阿黑顏, 糞便, 灌腸, 顏面騎乘, 西瓜肚, 排泄, 百合, 非百合","TKS, にゅう",,中文,33,2025-01-10
JM1054214,https://18comic.vip/album/1054214/,想把小一里占为己有!! [吗喽汉化组] (C105) [京まじょ! (上村なびあ)] ひとりちゃんを独り占め!! (ぼっち・ざ・ろっく!) [中国翻訳] [DL版],"C105, 純愛, 百合",上村なびあ,,中文,24,2025-01-10
JM1052299,https://18comic.vip/album/1052299/,(C105) [聖華快楽書店 (よろず)] 白狼剣士ハティちゃんのえっちな冒険の書 (オリジナル) [DL版],"C105, 墮落, 扶他, 扶他zation, 乳膠衣, 連體衣, 觸手服, 怪物女孩, 寄生, 附身, 懷孕, 皮物, 史萊姆娘, 潮吹, 觸手, 轉化, 百合, 亂倫",よろず,,日文,312,2025-01-08
JM1052262,https://18comic.vip/album/1052262/,[明日方舟百合系同人H·LC整合汉化组] [ラピス]莺歌蝶舞醉花香，飞鸣弄影美人殇,"CG集, 全彩, 巨乳, 非H",ラピス,,中文,14,2025-01-08
JM1052334,https://18comic.vip/album/1052334/,[完顔阿骨打] 嘆きの健康優良児 2 (プラザCOMIX),"口交, 束縛, 扶他, 群交, 馬尾, 過膝襪, 假陽具, 百合, 劇情向, 單行本",完顔阿骨打,,日文,187,2025-01-08
JM1052333,https://18comic.vip/album/1052333/,[完顔阿骨打] 嘆きの健康優良児 1 (プラザCOMIX),"束縛, 眼鏡, 手淫, 過膝襪, 假陽具, 水下, 百合, 劇情向, 單行本",完顔阿骨打,,日文,181,2025-01-08
JM1052869,https://18comic.vip/album/1052869/,[ロクロイチ] 生贄ちゃんが行く！,"百合, 接吻, 巨乳, 童顏",ロクロイチ,,日文,170,2025-01-09
JM1051849,https://18comic.vip/album/1051849/,(C105) [福のれん (ユキヲ)] 邪神ちゃんドロップキック チャーリーのプライベートビーチ編 (邪神ちゃんドロップキック),"C105, 百合, 泳裝",ユキヲ,,日文,20,2025-01-07
JM1052032,https://18comic.vip/album/1052032/,变态百合前辈售出1000份纪念百合风俗之行报告  [透明声彩汉化组] [アマイ少女工房 (雨居めいでん)] サイコレズ先輩が1000本売れた記念にレズ風俗に行ってきましたレポ [中国翻訳],"百合, 巨乳, 貧乳, 制服, 賣春",雨居めいでん,,中文,115,2025-01-07
JM1051448,https://18comic.vip/album/1051448/,星期三的夜晚，我與吸血鬼與商店 3,"百合, 歡樂向, 职场",,,,10,2025-01-07
JM1051214,https://18comic.vip/album/1051214/,(C105) [えのころくらげ (NOSA)] 天の音色 紡ぐ糸 (ラブライブ! 虹ヶ咲学園スクールアイドル同好会) [DL版],"C105, 接吻, 雙馬尾, 百合",NOSA,,日文,17,2025-01-06
JM1051189,https://18comic.vip/album/1051189/,我其实、只是想做更多。 [提黄灯喵汉化组] (C105) [Pastag (竹嶋えく、水草ぱん)] ほんとはもっと、したいだけ。 (オリジナル) [中国翻訳],"C105, 非H, 劇情向, 百合","竹嶋えく, 水草ぱん",,中文,51,2025-01-06
JM1051179,https://18comic.vip/album/1051179/,(C105) [チーズ酵母 (なか)] ラバーワールドで絶頂が止まりません! (オリジナル) [DL版],"C105, 束縛, 乳膠衣, 百合",なか,,日文,37,2025-01-06
JM1051449,https://18comic.vip/album/1051449/,星期三的夜晚，我與吸血鬼與商店 4,"百合, 歡樂向, 职场",,,,11,2025-01-07
JM1049635,https://18comic.vip/album/1049635/,[AKwoL烤肉组] [HUQU] Patreon 2024.10-2024.12,"接吻, 懷孕, 百合, 非百合, 扶她, 跟百合毫无关係","Jayep, HUQU",,中文,16,2025-01-04
JM1050783,https://18comic.vip/album/1050783/,[その他大勢Z (ゆかたろ)] 聖欲救済～シスター・スピカの後輩指導～ [DL版],"巨乳, 修女, 親吻, 百合",ゆかたろ,,日文,30,2025-01-06
JM1049590,https://18comic.vip/album/1049590/,变成他人的药水 7 [四等两足牲口个人汉化] (C105) [千変万化式 (DATE)] 他人になるクスリ7 [中国翻訳] [DL版],"C105, 巨乳, 手淫, 附身, 教師, 百合",DATE,,中文,23,2025-01-04
JM1049592,https://18comic.vip/album/1049592/,[Naitong] 银狼的新剧本 - 3,"全彩, 皮物, 絲襪, 換身, 扶他, 百合, AI繪圖, 猎奇","naitong, 奈瞳",,中文,58,2025-01-04
JM1048632,https://18comic.vip/album/1048632/,(C105) [核彈避難室 (牛橘)] After The Party Extra Episode 1.5 (ボンデージ・ゲーム～深窓の隷嬢達～) [DL版],"阿黑顏, 肛交, 豐滿, 巨乳, 大陰蒂, 束縛, 扶他, 眼鏡, 手套, 超乳, 乳膠衣, 熟女, 穿刺, 排泄, 假陽具, 百合, 粪便",牛橘,,日文,38,2025-01-03
JM1049068,https://18comic.vip/album/1049068/,[机翻汉化][白楯誤射] ホタ星 (崩壊:スターレイル),"CG集, 扶他, 百合",白楯誤射,,中文,22,2025-01-03
JM1049397,https://18comic.vip/album/1049397/,小內與黑木的百合攻受那些事 [沒有漢化] [だいじ荘 (戌井だいじ)] うちもこのタチネコ (私がモテないのはどう考えてもお前らが悪い!) [DL版],"巨乳, 百合, 接吻",戌井だいじ,,中文,24,2025-01-04
JM1048496,https://18comic.vip/album/1048496/,[直插双子汉化组](C105) [春待氷柱 (名宵)] 公然秘密罪 [DL版],"C105, 肛交, 女惡魔, 拍攝, 怪物女孩, 接吻, 性玩具, 假陽具, 雙馬尾, 百合",名宵,,中文,28,2025-01-03
JM1048396,https://18comic.vip/album/1048396/,(C105) [とりにくうりば (西羽いたん)] 先生!!これがキヴォトスの神秘ですか!？ [DL版],"C105, 巨乳, 百合",西羽いたん,,中文,28,2025-01-03
JM1047401,https://18comic.vip/album/1047401/,[想给老师做饭的枫香个人汉化] [五つ叶のクローバー (上崎よつば)] 正直、友希那がだいちゅきなの (BanG Dream!) [DL版] [中国翻訳],"馬尾, 百合",上崎よつば,,中文,17,2025-01-01
JM1047416,https://18comic.vip/album/1047416/,在夢中的話就能隨心所欲了吧  [沒有漢化] (モテないし即売会する9) [ストライ屋さん (すとらい)] 夢の中ならナニしてもいいよね？ (私がモテないのはどう考えてもお前らが悪い!) [中国翻訳],"巨乳, 百合",すとらい,,中文,28,2025-01-01
JM1047350,https://18comic.vip/album/1047350/,是我培养的 (C105) [白玉もち] 私が育てました[中国翻訳],"C105, 巨乳, 百合",白玉もち,,中文,42,2025-01-01
JM1047335,https://18comic.vip/album/1047335/,[ゆかたろ] 寂しかったので悪魔を召喚したら対価としてふたなり百合えっちさせられてしまう,"巨乳, 制服, 觸手",ゆかたろ,,日文,10,2025-01-01
JM1047413,https://18comic.vip/album/1047413/,[辣翅溜鱼] 拘束百合4~6,"束縛, 舔陰, 塞口器, 連褲襪, 百合",辣翅溜鱼,,中文,146,2025-01-01
JM1047005,https://18comic.vip/album/1047005/,[画笔不画] 失算的警花,"束縛, 塞口器, 百合",画笔不画,,中文,19,2024-12-31
JM1047164,https://18comic.vip/album/1047164/,(C105) [みちのくランチ (みちのく)] 愛は黒へと 染まりゆきたり,"C105, 巨乳, 百合, 束縛, 瘙痒",みちのく,,日文,26,2025-01-01
JM1046999,https://18comic.vip/album/1046999/,[画笔不画] 《绳痴妹妹·口球取不下来！》,"束縛, 眼罩, 塞口器, 連褲襪, 性玩具, 百合",画笔不画,,中文,17,2024-12-31
JM1046554,https://18comic.vip/album/1046554/,[S1百综汉化组] (C105) [ろーぷあいらんど (みやのゆき) 猫の声 (わんだふるぷりきゅあ!) [中国翻訳] [DL版],"C105, 舔陰, 接吻, 百合",みやのゆき,,中文,32,2024-12-31
JM1046490,https://18comic.vip/album/1046490/,[大受气包烤RO组汉化] [凸完庄 (凹一)] MDRとC-MSがエッチする本 (ドールズフロントライン) [DL版](少女前線)[中国翻訳],"百合, yuri交",凹一,,中文,21,2024-12-31
JM1046246,https://18comic.vip/album/1046246/,今日在愛情旅館開女子會吧 [沒有漢化] [阪本KAFKA] 今日ラブホ女子会しよ [中国翻訳] [DL版],"劇情向, 泳裝, 群交, 性玩具, 百合, 單行本",阪本KAFKA,,中文,222,2024-12-30
JM1046443,https://18comic.vip/album/1046443/,交配記録 BREED ARCHIVE2 [角都九阳个人汉化]  (C105)  [弱酸性ノスタル酸 (次亜ノスタル酸)] 交配記録 BREED ARCHIVE2 (ブルーアーカイブ) [中国翻訳],"C105, 肛交, 巨乳, 遮眼, 束縛, 項圈, 黑乳頭, 狐娘, 手套, 中出, 獸耳, 乳環, 穿刺, 懷孕, 過膝襪, 透視, 群交, ntr, sm的ntr，无父无母的角都九阳, 触手, 异种奸, 非人类, 异种姦, 强暴, 1",次亜ノスタル酸,,中文,26,2024-12-31
JM1046985,https://18comic.vip/album/1046985/,[画笔不画] 《被拉走玩坏的自缚伪娘》,"束縛, 眼罩, 塞口器, 連褲襪, 性玩具, 百合",画笔不画,,中文,17,2024-12-31
JM1046217,https://18comic.vip/album/1046217/,(C105) [EDGE WORTH (ぞくさん)] キミと一緒にわんだふる!!2 (わんだふるぷりきゅあ!),"C105, 全彩, 百合",ぞくさん,,日文,24,2024-12-30
JM1045805,https://18comic.vip/album/1045805/,[本若ど] 大阴蒂百合玩具,"yuri, 性玩具, 百合",本若ど,,中文,13,2024-12-30
JM1045854,https://18comic.vip/album/1045854/,[yadada個漢] [ろーぷあいらんど (みやのゆき、宮野とりい)] ヒトのオナニーを笑うな (わんだふるぷりきゅあ!) [DL版] [中国翻訳] [yadada個漢],"性玩具, 百合","みやのゆき, 宮野とりい",,中文,28,2024-12-30
JM1045728,https://18comic.vip/album/1045728/,遲開的百合花 [沒有漢化][チチヅキ] 遅咲きの百合の花,"yuri, 巨乳, 制服, 口交, 百合",チチヅキ,,中文,20,2024-12-30
JM1045373,https://18comic.vip/album/1045373/,(C105) [ろーぷあいらんど (みやのゆき) 猫の声 (わんだふるぷりきゅあ!) [DL版],"C105, 百合",みやのゆき,,日文,31,2024-12-29
JM1045159,https://18comic.vip/album/1045159/,【Naitong】魔法少女伊璃 - 4,"AI繪圖, 百合, 扶他, 乳交, 白毛","奈瞳, naitong",,中文,57,2024-12-28
JM1045263,https://18comic.vip/album/1045263/,[冰糖個人漢化] [ウラマコト] 百合SMショー単独女性観客飛び入り調教,"CG集, 貧乳, sm, 百合",ウラマコト,,中文,26,2024-12-29
JM1044864,https://18comic.vip/album/1044864/,同居男友的家养宠物 [贱兔汉化组] [Fest]同棲中の彼氏の家ペット,"綁縛與調教, 淩辱, 奴隸, 鞭打, 百合, 全彩, 非百合",Fest,,中文,10,2024-12-28
JM1048512,https://18comic.vip/album/1048512/,[F宅 (安間)] イヤだと言えない地味系少女 -修学旅行編- 【デジタル特装版】,"肛交, 巨乳, 泳裝, 口交, 癡漢, 眼鏡, 中出, 強暴, 校服, 性玩具, 出汗, 透視, 百合, 群交, 單行本","安間, F宅",,日文,269,2025-01-03
JM1043890,https://18comic.vip/album/1043890/,[逆流茶会] 相亲相爱的一天 + 内衣DLC + 插图 [中国翻訳],"全彩, 巨乳, 制服, 百合",逆流茶会,,中文,73,2024-12-26
JM1044734,https://18comic.vip/album/1044734/,(C104) [とんぶり (ほうき)] ゆりした2 THE IDOLM＠STER GIRLS LOVE! (アイドルマスター ミリオンライブ!) [中国翻訳],"巨乳, 純愛, 百合",ほうき,,中文,22,2024-12-28
JM1042562,https://18comic.vip/album/1042562/,[Aelitr个人汉化] 一觉醒来变成了KaKa？！[中国翻訳],"巨乳, 扶他, 高跟鞋, 連褲襪, 百合, 全彩",ヌコナナツメ,,中文,10,2024-12-25
JM1044056,https://18comic.vip/album/1044056/,[贱兔汉化组][Fest]养着人畜的一家,"百合, 調教, 全彩, 非H",Fest,,中文,9,2024-12-27
JM1041540,https://18comic.vip/album/1041540/,在即將到來的末日kiss,百合,08,,,33,2024-12-24
JM1040808,https://18comic.vip/album/1040808/,[何时来的？] 精灵冒险团的小剧场,"妖精, 高跟鞋, 百合, 3D",何时来的？,,中文,40,2024-12-23
JM1040846,https://18comic.vip/album/1040846/,[でゅう] ウチの子がえっちな敵と戦って敗北する話 ～百合&陽菜vsカディラ～,"扶他, 觸手服, 魔法少女, 觸手, 百合, 全彩, 劇情向",でゅう,,中文,37,2024-12-23
JM1040997,https://18comic.vip/album/1040997/,【zf330】【百合扶她】靠低级技能”魅惑“的我开救世界【第二章】,"巨乳, 3D",zf330,,,154,2024-12-23
JM1040328,https://18comic.vip/album/1040328/,[ゆらゆらせゆーら (せゆーら)] 少女のヒミツは服のナカ -隠れた遊びで大きく伸びちゃうエッチなおっぱい-,"劇情向, 大乳暈, 巨乳, 大乳頭, 遮眼, 項圈, 露出, 塞口器, 超乳, 乳汁, 內衣, 手淫, 穿刺, 性玩具, 過膝襪, 百合, CG集, 全彩",せゆーら,,中文,107,2024-12-23
JM1039445,https://18comic.vip/album/1039445/,(C105) [Sky Dogma (ぱんだこりゃ)] 美人妻、市ノ瀬 しおり(37)は、娘の友人に抱かれている [中国翻訳],"C105, 巨乳, 百合, 人妻, 肛交, 口交, 中出, 熟女, NTR",ぱんだこりゃ,,中文,70,2024-12-21
JM1043952,https://18comic.vip/album/1043952/,[逆流茶会] 百合花盛开的茶会 [中国語],"全彩, 性玩具, 過膝襪, 百合",逆流茶会,,中文,13,2024-12-27
JM1039519,https://18comic.vip/album/1039519/,和发情麒麟的超导反应 [欶澜汉化组] [きのこなべ避難所 (まいたけ)] 発情麒麟の超電導,"巨乳, 雙馬尾, 百合, feiH","きのこなべ避難所, (まいたけ)",,中文,34,2024-12-21
JM1040803,https://18comic.vip/album/1040803/,[Sky Dogma (ぱんだこりゃ)] 美人妻、市ノ瀬 しおり(37)は、娘の友人に抱かれている [中国翻訳] [禁漫去碼],"巨乳, 百合, 人妻, 肛交, 口交, 中出, 禁漫去碼",ぱんだこりゃ,,中文,70,2024-12-23
JM1039997,https://18comic.vip/album/1039997/,[裏_Mai] 慾望實驗室,"調教, 束縛, 乳膠衣, 百合",裏_Mai,,中文,24,2024-12-22
JM1039356,https://18comic.vip/album/1039356/,(C104) [甘乃みたら] キミノイロオーバーチャージ (ラブライブ! 蓮ノ空女学院スクールアイドルクラブ) [中国翻訳],"C104, 巨乳, 百合",甘乃みたら,,中文,22,2024-12-21
JM1039316,https://18comic.vip/album/1039316/,[yadada個漢] (DAの休日) [帰宅時間 (きたく)] 利他的エモーション (リコリス・リコイル) [中国翻訳],"純愛, 巨乳, 百合",きたく,,中文,25,2024-12-20
JM1038923,https://18comic.vip/album/1038923/,[碧蓝档案百合组] (C103) [洞穴 (おがわ)] 捕食的彼女 (ブルーアーカイブ) [中国翻訳],"非H, 劇情向, 百合",おがわ,,中文,20,2024-12-20
JM1038267,https://18comic.vip/album/1038267/,TS调教设施 ~被敌国俘获并用女体化纳米机器进行了快乐调教~ [果酱面包房] [聖華快楽書店(はっせん、シキ)] TS調教施設 ~敵国に捕らえられ女体化ナノマシンで快楽調教されました~ [中国翻訳],"巨乳, 兔女郎, 墮落, 扶他, 手淫, 百合, 性转","果酱面包房, はっせん, 圣华快乐书店, シキ",,中文,119,2024-12-18
JM1037769,https://18comic.vip/album/1037769/,[猫岛汉化组] (SHINY STAR FESTIV@L 08) [電派絵師団 (しろし)] 円香先輩雛菜のこと好きすぎ~ (アイドルマスター シャイニーカラーズ) [中国翻訳],"非H, 百合",しろし,,中文,22,2024-12-17
JM1037618,https://18comic.vip/album/1037618/,45秒/45초,"女性向, 劇情向, 百合, 完結, 就是女性向, 不是女性向","TEAM남윤, TEAMNAMYOON",,,467,2024-12-17
JM1037830,https://18comic.vip/album/1037830/,(C105) [ザ・デビル・ユー・ノウ (五百川)] 大型犬女子だけど中身チワワで乳首も弱い (オリジナル) [DL版],"C105, 巨乳, 百合, 制服",五百川,,日文,45,2024-12-18
JM1037589,https://18comic.vip/album/1037589/,前輩、這個非常美味嗎? [萌木漢化組] [みかん氏] 先輩、美味しいですか？,"劇情向, 百合, 完結",みかん氏,,中文,590,2024-12-17
JM1037507,https://18comic.vip/album/1037507/,[猫岛汉化组] (AC2) [ねるねるパーカー (稲いな)] 本日も善き赤賀日和。 (艦隊これくしょん -艦これ-) [中国翻訳],"非H, 百合",稲いな,,中文,27,2024-12-17
JM1035895,https://18comic.vip/album/1035895/,[沒有漢化] (C104) [むしやき!! (むてきゅう)] FOCUS (賭ケグルイ) [中国翻訳],"C104, 校服, 百合, 扶她",むてきゅう,,中文,38,2024-12-15
JM1035596,https://18comic.vip/album/1035596/,【Naitong】魔法少女伊璃3,"百合, yuri, 足交, 乳交, 扶他, 巨乳, AI","奈瞳, naitong",,中文,39,2024-12-15
JM1035883,https://18comic.vip/album/1035883/,"[Cauli个人汉化] [毛太郎, 村山門] えっちれい～ヤリたい放題イキ放題～ 2 - 3 【フルカラー】[中国翻訳]","短褲, 吊帶襪, 幽靈, 眼鏡, 手淫, 附身, 校服, 姊妹, 過膝襪, 泳裝, 教師, 雙馬尾, 百合, 群交, 亂倫, 全彩, 非百合","毛太郎, 村山門",,中文,51,2024-12-15
JM1035254,https://18comic.vip/album/1035254/,不良 in 女友 番外编 ~我姐姐的身体被不良男给占据了~ [四等两足牲口个人汉化] [TSF妄想蓄積所 (倉塚りこ、皆月ななな)] 不良 in 彼女 番外編 ～姉の身体が不良に乗っ取られました～[中国翻訳],"巨乳, 附身, 雙馬尾, 百合","倉塚りこ、皆月ななな, 皆月ななな, TSF妄想蓄积所, 仓冢りこ",,中文,9,2024-12-14
JM1035219,https://18comic.vip/album/1035219/,[井上よしひさ] 耀星戦隊アクトライバー [DL版],"阿黑顏, 肛交, 緊身衣, 束縛, 眼鏡, 女忍者, 強暴, 性玩具, 過膝襪, 觸手, 木馬, 透視, 百合, 群交, 劇情向, 單行本",井上よしひさ,,日文,204,2024-12-14
JM1035105,https://18comic.vip/album/1035105/,[猫岛汉化组] [ねるねるパーカー (稲いな)] 赤賀日和(艦隊これくしょん -艦これ-) [中国翻訳],"非H, 劇情向, 百合",稲いな,,中文,43,2024-12-13
JM1034944,https://18comic.vip/album/1034944/,让大家一起色色的百合APP ~诶诶!?其中有人没被催眠吗!?~ [奢侈的彩凤个人汉化] (C105) [ぐつとま (タチ)] みんなでえっちな百合活アプリ ～ええ!?この中にかかってない娘がいる!?～3 前編 [中国翻訳] [DL版],"C105, 劇情向, 阿黑顏, 巨乳, 舔陰, 群交, 辣妹, 後宮, 手淫, 催眠, 校服, 潮吹, 雙馬尾, 百合",タチ,,中文,74,2024-12-13
JM1035248,https://18comic.vip/album/1035248/,[Keropi] Geeta x Rika (Pokemon),"泳裝, 吸奶, 舔陰, 黑肉, 遮眼, 接吻, 馬尾, 潮吹, 百合",Keropi,,中文,22,2024-12-14
JM1034625,https://18comic.vip/album/1034625/,[羽喵个人翻译] [朝風の雫 (朝風あびす)] 都合の良すぎるふたなりダークエルフJKが逆異世界転移してきた件 [中国翻訳],"CG集, 巨乳, 口交, 舔陰, 黑肉, 處女, 妖精, 扶他, 扶他zation, 手淫, 接吻, 中出, 喝尿, 校服, 放尿, 透視, 百合, 全彩, 劇情向",朝風あびす,,中文,186,2024-12-13
JM1034633,https://18comic.vip/album/1034633/,[Manga] 羊百合,"貧乳, 百合",N/A,,中文,17,2024-12-13
JM1034627,https://18comic.vip/album/1034627/,[航航个人汉化] (C66) [爆裂風船 (でん吉)] Soul Impact Vol.3 (ソウルキャリバー) [中国翻訳],"C66, 巨乳, 群交, 假陽具, 百合, 劇情向",でん吉,,中文,34,2024-12-13
JM1034444,https://18comic.vip/album/1034444/,再見、彗星 + 什麼也看不到 [EM個人漢化] [探偵倶楽部プカプカプー (空蝉)] さよなら、コメット + まるで見えない (プロジェクトセカイ) [中国翻訳] [DL版],"非H, 百合, 劇情向, 伪娘",空蝉,,中文,78,2024-12-12
JM1034288,https://18comic.vip/album/1034288/,柯佩莉亞之墓/코펠리아의 관,"女性向, 百合, 劇情向, 完結, 啊？, 不是女性向, ←你说不是就不是？你xx谁？",정시라,,中文,1366,2024-12-12
JM1034124,https://18comic.vip/album/1034124/,[聖華快楽書店]新米冒険者ちゃんのレズ堕ち快楽調教[中国翻訳],"手套, 獸耳, 假陽具, 百合",聖華快楽書店,,中文,39,2024-12-12
JM1034034,https://18comic.vip/album/1034034/,擁抱那顆星/별을 안아주세요,"女性向, 劇情向, 百合, 完結, 就是纯爱百合, 不是女性向, 非百合","시묘일, SiMyoil",,中文,292,2024-12-12
JM1034363,https://18comic.vip/album/1034363/,[アトリエかぐや Honky-Tonk Pumpkin] ムチムチだからムクムクした ～幼なじみとの過ごし方～,"遊戲CG, 潤滑液, 青梅竹馬, 同居, 後宮, 巨乳, 爆乳, 豐滿, 肛交, 百合, 泳裝",yoppy,,,1646,2024-12-12
JM1033995,https://18comic.vip/album/1033995/,要我和你交往也不是不行,"青年漫, 百合, 剧情向",たみふる,,中文,1946,2024-12-12
JM1033820,https://18comic.vip/album/1033820/,【Naitong】皮化少女与“她的”奴隶【上】,"AI绘图, 黑丝, 入替, 换身, 皮物, 百合, 性转","奈瞳, naitong",,中文,74,2024-12-11
JM1032763,https://18comic.vip/album/1032763/,关于我们都最喜欢仁菜这档事 [透明声彩汉化组] (全部ぶちこめ。2) [光と魔法工房 (えむぽん)] わたしたち仁菜が大好きなんです (ガールズバンドクライ) [中国翻訳],"非H, 百合",えむぽん,,中文,20,2024-12-10
JM1032823,https://18comic.vip/album/1032823/,徒步过来的 [碧蓝档案百合组] (せんせーのアーカイブ12) [中村くまりん] 徒歩で来た (ブルーアーカイブ) [中国翻訳],"非H, 劇情向, 百合",中村くまりん,,中文,25,2024-12-10
JM1033973,https://18comic.vip/album/1033973/,爱丽丝总受之床上风云 [白杨汉化组] (例大祭10) [RUMP (凡)] アリス総受けでお床事情 (東方Project),"百合, 貧乳",凡,,中文,30,2024-12-12
JM1032757,https://18comic.vip/album/1032757/,你是我心中的 [穗千个人汉化] (僕らのラブライブ! 10) [Omise! (miseo)] きみはわたしの (ラブライブ!) [中国翻訳],"非H, 百合, 校服, 雙馬尾",miseo,,中文,26,2024-12-10
JM1032760,https://18comic.vip/album/1032760/,体温的辩证法 [虹之星汉化组] (僕らのラブライブ!蓮ノ空in金沢) [virophilia (織日ちひろ)] 体温の弁証法 (ラブライブ! 蓮ノ空女学院スクールアイドルクラブ) [中国翻訳],"非H, 百合, 雙馬尾",織日ちひろ,,中文,16,2024-12-10
JM1032555,https://18comic.vip/album/1032555/,[切切枚 (ゑぬ)] 光トドカヌ闇ノソコ,"阿黑顏, 穿刺, 肛交, 巨乳, 大乳頭, 束縛, 透視, 黑肉, 扶他, 中出, 怪物女孩, 乳頭交, 懷孕, 強暴, 蛇女, 胃部突起, 觸手, 放尿, vaginal, 出產, 百合",ゑぬ,,中文,51,2024-12-09
JM1032530,https://18comic.vip/album/1032530/,[雙生花個人漢化] [Futomomomoe] Lesbian OCs | 蕾丝边原创角色,"舔陰, 假陽具, 百合, 美漫, imageset",Futomomomoe,,中文,36,2024-12-09
JM1031067,https://18comic.vip/album/1031067/,[無言個人漢化][三顕人] 淫猥温泉旅館【前編】 【後編】,"巨乳, 中出, 熟女, 百合, 假小子",三顕人,,中文,38,2024-12-08
JM1030689,https://18comic.vip/album/1030689/,[炸鱼汉化] [えちえち健全油田 (ギリギリ健康)] 腸内デトックスアナルゼリーエステ,"肛門, 灌腸, 黏液, 百合",ギリギリ健康,,中文,36,2024-12-07
JM1031041,https://18comic.vip/album/1031041/,[吗喽汉化组] [ひやみらんめん (まちだ)] 愛執 (学園アイドルマスター) [DL版],"巨乳, 制服, 百合",まちだ,,中文,31,2024-12-08
JM1030288,https://18comic.vip/album/1030288/,[塩屋町curry (塩屋こるり)] 我慢できない (ぼっち・ざ・ろっく!) [中国翻訳] [DL版],"百合, 巨乳",塩屋こるり,,中文,26,2024-12-06
JM1030278,https://18comic.vip/album/1030278/,[作死日常] 作死开拓者色色日常 (崩坏:星穹铁道),"全彩, 百合, 扶他, 非百合",作死日常,,中文,5,2024-12-06
JM1031018,https://18comic.vip/album/1031018/,[个人机翻+润色] [初空咲太] 狙われた人妻 秋月百合葉の痴態 [中国翻訳],"CG集, 阿黑顏, 大乳暈, 巨尻, 巨乳, 大乳頭, 出軌, 黑乳頭, 露出, 多毛, 超乳, 中出, 乳頭凹陷, 和服, 乳汁, 手淫, 巫女, 熟女, 懷孕, 性玩具, 透視, 群交, 劇情向",初空咲太,,中文,156,2024-12-07
JM1030183,https://18comic.vip/album/1030183/,最後的開始 [沒有漢化] [ソーダ水] ラスト・ラスト,"巨乳, 百合",ソーダ水,,中文,12,2024-12-06
JM1030171,https://18comic.vip/album/1030171/,[かんむり] エルフ化の秘薬〜TSメスイキH〜【デジタル特装版】【FANZA限定版】,"巨乳, 精靈, 雙馬尾, 百合, 制服, 單行本, 非百合, 性转",かんむり,,日文,269,2024-12-06
JM1030123,https://18comic.vip/album/1030123/,[沒有漢化] (C104) [ナスザウルス (てらのてら子)] 距離バグになすバグ (ガールズバンドクライ) [中国翻訳],"非H, 劇情向, 百合, 校服",てらのてら子,,中文,32,2024-12-05
JM1029524,https://18comic.vip/album/1029524/,[ダンバルディア] 楓ニャンコと王馬くん (ニューダンガンロンパV3) [中国翻訳],"獸耳, 百合",ダンバルディア,,中文,18,2024-12-05
JM1029525,https://18comic.vip/album/1029525/,[个人汉化] [InCase] Patreon Poll Ideas,"雙性戀, 墮落, 扶他, 眼鏡, 修女, 強暴, 人妖, 百合, 美漫",InCase,,中文,34,2024-12-05
JM1029271,https://18comic.vip/album/1029271/,[个人汉化] [InCase] Journals of the Hunter #1-30 [END,"雙性戀, 玩偶, 幽靈, 眼鏡, 群交, 多毛, 怪物女孩, 人妖, 百合, 美漫, CG集",InCase,,中文,54,2024-12-04
JM1029087,https://18comic.vip/album/1029087/,[dahe个人汉化] [てぃつ丸] 街角魔族全彩短篇,"接吻, 百合, 全彩, 非H",てぃつ丸,,中文,55,2024-12-04
JM1028371,https://18comic.vip/album/1028371/,百合色幻想 [明稿昨拖漢化組] (紅楼夢9) [サンセットビーチ (ハマー)] 百合色幻想 (東方Project),"舔陰, 過膝襪, 全彩",ハマー,,中文,27,2024-12-02
JM1028168,https://18comic.vip/album/1028168/,大小姐的便秘治療 [臭鼬娘漢化組] [カプリコン] お嬢様の便秘治療,"肛交, 放屁, 多毛, 女僕, 排泄, 百合",カプリコン,,中文,34,2024-12-02
JM1027671,https://18comic.vip/album/1027671/,[HA] 成为大人的诀窍——灵砂的特殊教学,"百合, 3D",HA,,中文,49,2024-12-01
JM1027633,https://18comic.vip/album/1027633/,[ナポ] 恋のガンファイト [DL版],"肛交, 巨乳, 雙性戀, 口交, 項圈, 女性支配, 手套, 內衣, 中出, NTR, 穿刺, 性玩具, 過膝襪, 假陽具, 百合, 劇情向, 單行本, 假小子, 足交",ナポ,,日文,342,2024-12-01
JM1027656,https://18comic.vip/album/1027656/,[谁说花花不懂爱个人汉化][LadyDrasami] 威洛的食肉植物女孩指南 第一卷 猪籠草,"大乳暈, 巨乳, 大乳頭, 妖精, 女性支配, 接吻, 手淫, 怪物女孩, 植物娘, 轉化, 丸吞, 百合, 全彩",LadyDrasami,,中文,30,2024-12-01
JM1027663,https://18comic.vip/album/1027663/,[瓦尼瓦尼个人汉化] [ますみパン工房 (ますみ)] 夏と夢の狐 (ブルーアーカイブ) [中国翻訳] [DL版],"狐娘, 獸耳, 中出, 泳裝",ますみ,,中文,34,2024-12-01
JM1027018,https://18comic.vip/album/1027018/,[虹之星汉化组] (僕らのラブライブ!蓮ノ空in金沢) [帰宅時間 (きたく)] KISS YOU BABY!! (ラブライブ! 虹ヶ咲学園スクールアイドル同好会),"巨乳, 制服, 雙馬尾, 女學生, 百合",きたく,,中文,23,2024-11-30
JM1027560,https://18comic.vip/album/1027560/,[角都九阳个人汉化] [柵野14]  チクニー中毒彼女のお手伝いをする話,"全彩, 巨乳, 制服, 手淫, 百合",柵野14,,中文,36,2024-12-01
JM1026275,https://18comic.vip/album/1026275/,[予本个人汉化] [みずかに (のやま)] 耳で恋した同僚〜オナサポ音声オタク女が同僚の声に反応してイキまくり〜 [中国翻訳] [DL版],"舔陰, 百合, 巨乳, 貧乳, 自慰",のやま,,中文,65,2024-11-28
JM1025777,https://18comic.vip/album/1025777/,刻在妳心上 (Comic Horizon 14 －いつか一緒に輝いて－)[Kyouko小京]刻在妳心上(転生王女と天才令嬢の魔法革命),"巨乳, 制服, 百合",Kyouko小京,,中文,19,2024-11-27
JM1025775,https://18comic.vip/album/1025775/,变态女同前辈VS好色健身指导员 [アマイ少女工房 (雨居めいでん)]サイコレズ先輩VSドスケベジムインストラクター[中国翻訳],"束縛, 舔陰, 百合",雨居めいでん,,中文,26,2024-11-27
JM1025485,https://18comic.vip/album/1025485/,[NT个人汉化] (C92) [じゃがバター (九栗おいも)] しーくれっとKiss (アイドルマスター シンデレラガールズ),"C92, 舔陰, 潮吹, 百合",九栗おいも,,中文,29,2024-11-26
JM1023801,https://18comic.vip/album/1023801/,[裏路地ティクス (ぬぬメメ)] 黒百合の幽香 [中国翻訳],"虐待, 緊身衣, 束縛, 惡魔女孩, 調教, 修女, 唾液, 百合",ぬぬメメ,,中文,18,2024-11-23
JM1023946,https://18comic.vip/album/1023946/,[N山] サイズ挿入責め漫画,"女性支配, 迷你女孩, 虐殺, 過膝襪, 百合, 全彩",N山,,中文,15,2024-11-23
JM1023952,https://18comic.vip/album/1023952/,[CELTRANCE (虎顎かずや)] 真姫ちゃんがはじめてにこちゃんとえっちする本(レズ版) (ラブライブ!) [中国語],"校服, 雙馬尾, 百合, 全彩",虎顎かずや,,中文,17,2024-11-23
JM1023774,https://18comic.vip/album/1023774/,[腎臟毀滅工程个人汉化] (強欲で謙虚なイベントTURN16) [おるふ工房 (おるふ)] ディアベルsたちのデカい本2 (遊☆戯☆王 OCG),"巨乳, 扶他, 百合",おるふ,,中文,30,2024-11-23
JM1024346,https://18comic.vip/album/1024346/,[猫岛汉化组] (C104) [VOLUTES (玄鉄絢)] Pastel School Lane (BanG Dream!) [中国翻訳],"C104, 貧乳, 長髮, 百合, 舔陰, 亂倫, 校服, 姊妹, 雙胞胎, 百合",玄鉄絢,,中文,20,2024-11-24
JM1024940,https://18comic.vip/album/1024940/,[Lowsen个人汉化] (お兄ちゃんといっしょ!7) [村井村] えっちすぎるよお～ノツ! (しかのこのこのここしたんたん)[中国翻訳],"群交, 百合",村井村,,中文,19,2024-11-25
JM1023549,https://18comic.vip/album/1023549/,[3D] Hypno yuri,"3D, 百合, 巨乳, 雙馬尾",N/A,,中文,43,2024-11-22
JM1023547,https://18comic.vip/album/1023547/,並非迫不得已、而是心有懷春  [透明声彩汉化组] (C104) [おなまえぺん (名称片)] しかたないではできないこと (ブルーアーカイブ) [中国翻訳],"C104, 舔陰, 接吻, 百合",名称片,,中文,20,2024-11-22
JM1023571,https://18comic.vip/album/1023571/,[黎欧出资汉化] [マク] 朱鸢 (ゼンレスゾーンゼロ) [中国翻訳],"CG集, 百合, 巨乳, 非扶他, 扶他",マク,,中文,15,2024-11-22
JM1023544,https://18comic.vip/album/1023544/,[長頼] Sweetスポット [DL版],"肛交, 雙性戀, 口交, 處女, 學校泳裝, 校服, 過膝襪, 泳裝, 百合, 群交, 單行本",長頼,,日文,201,2024-11-22
JM1022761,https://18comic.vip/album/1022761/,奇美拉 后篇 [吗喽汉化组] [おもち] キメラ 後編 [中国翻訳],"巨乳, 百合, 觸手, 强暴, 史莱姆",おもち,,中文,40,2024-11-20
JM1023545,https://18comic.vip/album/1023545/,[不咕鸟汉化组] [miska] 魔法ナースオーラルハピネス (二次元コミックマガジン 悪堕ち逆バニー 反転スーツ姿で堕ちる正義の乙女たち Vol.2) [中国翻訳] [DL版],"兔女郎, 扶他, 雙馬尾, 百合, 魔法少女",miska,,中文,22,2024-11-22
JM1022758,https://18comic.vip/album/1022758/,[暗藻ナイト] コミックマゾ1,"豐滿, 灌腸, 顏面騎乘, 女性支配, 多毛, 乳膠衣, 排泄, 假陽具, 放尿, 鞭打, 百合",暗藻ナイト,,中文,150,2024-11-20
JM1022584,https://18comic.vip/album/1022584/,[momo个人汉化] [世羅吉。] 義妹に寝取られる (COMIC クリベロン DUMA 2023年8月号 Vol.51),"亂倫, 巨乳, 調教, 百合, NTR",世羅吉。,,中文,24,2024-11-20
JM1022080,https://18comic.vip/album/1022080/,百合沙漏,"AI繪圖, 百合, 百合破坏, 时间停止, 全彩, 无修正, NTR, 露出",天子,,中文,81,2024-11-18
JM1022491,https://18comic.vip/album/1022491/,[MARUTA] 空蝉,"巨乳, 手淫, 懷孕, 校服, 教師, 雙馬尾, 百合, 亂倫, 雙胞胎, 劇情向, 單行本, 并非百合",MARUTA,,中文,215,2024-11-19
JM1022544,https://18comic.vip/album/1022544/,一整周鵼Day [提黄灯喵汉化组] [スパシバラショー (くままん)] 一週間鵼Day (裏世界ピクニック) [中国翻訳] [DL版],"手淫, 百合",くままん,,中文,43,2024-11-19
JM1022404,https://18comic.vip/album/1022404/,[猫岛汉化组] (C104) [virophilia (織日ちひろ)] パウダー・ブルー (ラブライブ! 蓮ノ空女学院スクールアイドルクラブ),"C104, 馬尾, 泳裝, 雙馬尾, 百合",織日ちひろ,,中文,31,2024-11-19
JM1021993,https://18comic.vip/album/1021993/,[皮三豆] 光を祈る百合-ダークエンディング,"強暴, 3D",皮三豆,,中文,99,2024-11-18
JM1021966,https://18comic.vip/album/1021966/,最强魔术师VS高级魅魔 拿出真本事的百合单挑对决 [提黄灯喵汉化组] [どいの池] 最強魔術師VS高位サキュバスガチ百合タイマンバトル (二次元コミックマガジン サキュバス百合えっち Vol.3),"肛交, 女惡魔, 怪物女孩, 百合",どいの池,,中文,24,2024-11-18
JM1021977,https://18comic.vip/album/1021977/,三明治! 1 (辣椒酱个人汉化) [踊るロンドン] さんどいっち！,"連身襪, 迷你女孩, 人妻, 過膝襪, 百合, 全彩",踊るロンドン,,中文,5,2024-11-18
JM1021996,https://18comic.vip/album/1021996/,[颠佬旅者汉化组] [ふにあいあいす (不似合りこ)] 白鷺日記~白百合の姫君~ (原神),百合,不似合りこ,,中文,28,2024-11-18
JM1021455,https://18comic.vip/album/1021455/,[緋龍高弘] 玩具少女 [DL版],"束縛, 穿刺, 百合, 亂倫, 單行本",緋龍高弘,,日文,173,2024-11-17
JM1021912,https://18comic.vip/album/1021912/,一個你不做愛就無法離開的房間 無修正版[轟媽無修正][沒有漢化漢化組][原崎] セックスしないと出られない部屋,"非人類, 無修正, 橫切面, 百合, 首切, 脅迫, 眼鏡, 校服, 放尿, 屍姦, 重口, 猎奇, 轰妈, 非百合纯猎奇","原崎, 轰妈无修正",,中文,17,2024-11-17
JM1021323,https://18comic.vip/album/1021323/,[阿斯托尔福汉化] [Neruvous] 小恶魔们的挠痒记,"束縛, 觸手, 瘙癢, 酷刑, 百合",Neruvous,,中文,17,2024-11-17
JM1021283,https://18comic.vip/album/1021283/,[猫猫灵梦汉化组] [Meji] Magic Spell,"百合, 親吻",Meji,,中文,7,2024-11-16
JM1021265,https://18comic.vip/album/1021265/,[聖華快楽書店] 百合世界のリサ ～甘々百合せっくす詰め合わせ～,"巨乳, 長髮, 小说",聖華快楽書店,,日文,377,2024-11-16
JM1021119,https://18comic.vip/album/1021119/,舞缇娜的失态  [驴子汉化组] (C104) [BurstBomb.T (TKP)] うてなの失態 (魔法少女にあこがれて) [中国翻訳],"C104, 百合, 全彩",TKP,,中文,15,2024-11-16
JM1020527,https://18comic.vip/album/1020527/,小心溫柔穩重的女孩2 [みら]  ゆるふわ女子に気を付け2,"巨乳, 百合, 眼鏡, 磨豆腐/阴蒂摩擦, 无修正",みら,,中文,50,2024-11-14
JM1020455,https://18comic.vip/album/1020455/,幽幽子大人这样真的是在按摩吗!? [白杨汉化组] (紅楼夢20) [葉月の涼風 (音羽)] ゆゆこ様、これって本当にマッサージなんですか!? (東方Project),"泳裝, 百合, 贫乳",音羽,,中文,20,2024-11-14
JM1018740,https://18comic.vip/album/1018740/,花音變成幼女也.. [朝霧伊千奈個人漢化] (BanG Dreamer’s Party! 14th STAGE) [雨天決行 (栗崎きんぐ)] 花音さんが幼女になっても (BanG Dream!) [中国翻訳],百合,栗崎きんぐ,,中文,24,2024-11-09
JM1019845,https://18comic.vip/album/1019845/,[たららのからあげ (たらら)] 後輩女子にナカイキを教えてもらう話,百合,たらら,,中文,22,2024-11-12
JM1019268,https://18comic.vip/album/1019268/,[不咕汉化组] (C104) [よからヌ夜空 (よから)] 戌×猫 (猫又おかゆ、戌神ころね),"C104, 巨乳, 貓女, 犬娘, 獸耳, 性玩具, 百合",よから,,中文,26,2024-11-11
JM1018737,https://18comic.vip/album/1018737/,[mt123] 无光之夜后续——特别定制版,"百合, 3D",mt123,,中文,155,2024-11-09
JM1018364,https://18comic.vip/album/1018364/,[禁漫漢化組]  (C104) [Tempest (よろず)] ブルアカ百合えっち合同 -Lily Archive- (ブルーアーカイブ) [DL版],"C104, 百合, 校服, 巨乳, 性玩具","よろず, Tempest",,中文,136,2024-11-08
JM1018365,https://18comic.vip/album/1018365/,[禁漫漢化組] (C104) [ぱんやかかわ] 先生と生徒たちのアオハル日記(まとめ本),"非H, C104, 校服, 修女","よろず, ぱんやかかわ",,中文,54,2024-11-08
JM1018411,https://18comic.vip/album/1018411/,魔法少女 神圣莉莉 ~爱与正义的女英雄被敌方干部洗脑调教直到沉溺于快乐为止~ [聖華快楽書店 (エルトリア、くまっこ)] 魔法少女セイントリリィ ~愛と正義のヒロインが敵幹部に洗脳調教され快楽に堕ちるまで~ [中国翻訳] [DL版],"墮落, 扶他, 魔法少女, 百合","エルトリア, くまっこ, 圣华快乐书店",,中文,73,2024-11-09
JM1018574,https://18comic.vip/album/1018574/,[HenBor] 人鱼公主与拉米亚,"人魚娘, 怪物女孩, 蛇女, 丸吞, 百合, 3D",HenBor,,中文,18,2024-11-09
JM1018046,https://18comic.vip/album/1018046/,强制发情百合选集 Vol. 1 [月光石汉化组] 強制発情百合アンソロジー Vol.1 [中国語翻訳] [DL版],"女惡魔, 妖精, 百合, 雜誌, 单行本","葉乃はるか, イシマリユウヤ",,中文,101,2024-11-07
JM1018214,https://18comic.vip/album/1018214/,百合使沉迷男性的淫荡辣妹变得唯有女孩子才能满足2 [驴子汉化组] [ピリオデストラクション (ぴりぷん)] 男に夢中だったビッチギャルを女以外で満足できない体にする百合2,"巨乳, 兔女郎, 扶他, 群交, 中出, 潮吹, 百合, 肛交","ぴりぷん, ピリオデストラクション",,中文,44,2024-11-08
JM1017668,https://18comic.vip/album/1017668/,"(強欲で謙虚なイベントTURN16) [ぼんごれー麺 (kinoni, 貝鮮パスタ)] Kiss Relax キスリラックス (遊☆戯☆王 OCG)","阿黑顏, 巨乳, 百合","kinoni, 貝鮮パスタ",,中文,35,2024-11-07
JM1017842,https://18comic.vip/album/1017842/,[作死日常] 作死开拓者日常篇(崩坏:星穹铁道),"全彩, 百合",作死日常,,中文,23,2024-11-07
JM1018050,https://18comic.vip/album/1018050/,(C48) [RED SOX (広江礼威)] КРАСНЫИ РАССВЕТ [中国翻訳],"軍服, 性玩具, 百合",広江礼威,,中文,42,2024-11-07
JM1015643,https://18comic.vip/album/1015643/,[ほんだありま] ちんがみさま 第8話 [中国翻訳] [DL版],"巨乳, 百合, 非百合",ほんだありま,,中文,25,2024-11-02
JM1015445,https://18comic.vip/album/1015445/,"(C104) [べるえきっぷ (ニコレ)] 皆のオオカミママはキツネには甘える (白上フブキ, 大神ミオ) [中国翻訳]","C104, 巨乳, 狐娘, 獸耳, 性玩具, 狼女, 百合",ニコレ,,中文,22,2024-11-02
JM1015413,https://18comic.vip/album/1015413/,[猫岛汉化组] (なないろの星ひかりの華-SevenStar ShineFlower- revival) [asagraf (asa)] おはよう おやすみ (少女☆歌劇レヴュースタァライト)[中国翻訳] [猫岛汉化组],"非H, 百合",asa,,中文,30,2024-11-01
JM1015208,https://18comic.vip/album/1015208/,Lilies Complex 百合情结 第5话 [提黄灯喵汉化组] [館山けーた]リリィズコンプレックス(百合情结) [中国翻訳],"百合, 校服",館山けーた,,中文,14,2024-11-01
JM1015207,https://18comic.vip/album/1015207/,保健室的兰姆达老师 [提黄灯喵汉化组] [FCT] 保健室のラムダ先生 (二次元コミックマガジン サキュバス百合えっちVol.3) [中国翻訳],"巨乳, 百合, 魅魔",FCT,,中文,24,2024-11-01
JM1017451,https://18comic.vip/album/1017451/,[乗松聡] 魔女っ子マイちゃん [DL版],"女惡魔, 扶他, 怪物女孩, 獸耳, 馬尾, 強暴, 機器人, 校服, 性玩具, 假陽具, 吸血鬼, 女巫, 百合, 群交, 劇情向, 單行本",乗松聡,,日文,162,2024-11-06
JM1017546,https://18comic.vip/album/1017546/,[朝霧伊千奈個人漢化] [ヨアケ行燈 (かうちぽてと)] 愛しくなるまで待っていて (BanG Dream!)[DL版],"百合, 親吻, 純愛",かうちぽてと,,中文,20,2024-11-07
JM1015194,https://18comic.vip/album/1015194/,点单要在谢幕之后 [穗千个人汉化] (僕らのラブライブ! 16) [Do well !!! (ながれぼし)] ご注文はエンドロールのあとに (ラブライブ!、ラブライブ! サンシャイン!!) [中国翻訳],"非H, 劇情向, 百合",ながれぼし,,中文,32,2024-11-01
JM1015042,https://18comic.vip/album/1015042/,[中森愛] もしかして愛かしら [中国翻訳] [DL版],"束縛, 百合",中森愛,,中文,163,2024-10-31
JM1015037,https://18comic.vip/album/1015037/,百合魅魔女仆的甜蜜侍奉 [センテン] 百合サキュメイドの甘々ご奉仕 [中国翻訳],"女惡魔, 女僕, 百合",センテン,,中文,31,2024-10-31
JM1014873,https://18comic.vip/album/1014873/,[とうきび] 和同级生做色色的女同按摩,"百合, 巨乳, 長髮",とうきび,,中文,28,2024-10-31
JM1014867,https://18comic.vip/album/1014867/,[路小茜个人汉化] [Banjabu] 神秘小屋的圣诞节,"巨乳, 口交, 雀斑, 眼鏡, 多重口交, 口交, 出汗, 百合, 群交, 全彩",Banjabu,,中文,5,2024-10-31
JM1014872,https://18comic.vip/album/1014872/,[幻想ストマック (タク)] 絡みつくほど愛して (汉化),"巨乳, 怪物女孩, 蛇女, 丸吞, 百合, 全彩",タク,,中文,28,2024-10-31
JM1014486,https://18comic.vip/album/1014486/,[不咕鸟汉化组] [中華なると] 女子大生裕香 [無修正],"阿黑顏, 巨乳, 口交, 緊身衣, 束縛, 項圈, 緊身胸衣, 處女, 藥物, 多毛, 內衣, 手淫, 熟女, 中出, 乳交, 馬尾, 性玩具, 潮吹, 過膝襪, 百合, 群交, 劇情向, 單行本, 無修正",中華なると,,中文,226,2024-10-29
JM1014408,https://18comic.vip/album/1014408/,[Full of Magic｜法琳瑪露pt only][悠炎]我就是知道(ダンジョン飯),"妖精, 百合",悠炎,,中文,17,2024-10-29
JM1014407,https://18comic.vip/album/1014407/,[一言不合就唱歌 (浮遊生物)] 食X慾 (ダンジョン飯),"百合, 扶他",浮遊生物,,中文,36,2024-10-29
JM1014790,https://18comic.vip/album/1014790/,[アマイ少女工房 (雨居めいでん)] 自分がセクハラ課だと知らない新入社員ちゃんをマゾレズ堕ちさせちゃいます♪[中国翻訳],"全彩, 百合, 暴露狂, 調教",雨居めいでん,,中文,26,2024-10-31
JM1014406,https://18comic.vip/album/1014406/,[超勇漢化組] [巫代凪遠] 収穫祭 第01巻 - [Mikoshiro Nagitoh] Black Mass Vol. 1,"巨乳, 束縛, 扶他, 乳環, 寄生, 百合, 群交, 劇情向, 單行本, 穿刺",しづきみちる,,中文,180,2024-10-29
JM1014393,https://18comic.vip/album/1014393/,(Comic Horizon 16)[被窩ZZ(光夕)]Separation Effect(BanG Dream! It's MyGO!!!!!),百合,光夕,,中文,37,2024-10-29
JM1014403,https://18comic.vip/album/1014403/,心怀梦想与憧憬 去遇见新的梦 [透明声彩汉化组] [美術部 (しづきみちる)] 虹が咲く楽園:二曲目 (ラブライブ! 虹ヶ咲学園スクールアイドル同好会),"校服, 百合, 劇情向",しづきみちる,,中文,38,2024-10-29
JM1014392,https://18comic.vip/album/1014392/,(Petit Fancy亞洲動漫創作展 41 x Reality Fantasy開拓模型創作祭 12)[週二漫研塾(Zhong+IN)]The reason for love(BanG Dream! It's MyGO!!!!!),百合,Zhong+IN,,中文,19,2024-10-29
JM1014389,https://18comic.vip/album/1014389/,(Comic Horizon 16いつか一緒に輝いて－百合向ONLY)[累累]非公開關係(BanG Dream! It's MyGO!!!!!),百合,累累,,中文,23,2024-10-29
JM1014387,https://18comic.vip/album/1014387/,(Comic Horizon 16いつか一緒に輝いて－百合向ONLY)[murmur]Marry me today(ダンジョン飯),百合,murmur,,中文,29,2024-10-29
JM1014388,https://18comic.vip/album/1014388/,(Comic Horizon 16いつか一緒に輝いて－百合向ONLY)[ゆりりさいくらー(里彩Risai)]跨越富士山(ヤマノススメ),"校服, 雙馬尾, 百合",里彩Risai,,中文,26,2024-10-29
JM1014384,https://18comic.vip/album/1014384/,(Comic Horizon 16いつか一緒に輝いて－百合向ONLY)[伽傌]心鎖間(機動戦士ガンダム水星の魔女),"百合, 蕃茄酱",伽傌,,中文,40,2024-10-29
JM1014663,https://18comic.vip/album/1014663/,[明日方舟同人H·LC整合汉化组] [くらろめ] 沦为雪怪小队全员性奴的霜叶酱与成为小莫玩物的菲亚梅塔,"CG集, 巨乳, 百合, 扶他",くらろめ,,中文,26,2024-10-30
JM1014382,https://18comic.vip/album/1014382/,(Comic Horizon 5いつか一緒に輝いて－百合向ONLY)[刺蝟咬玫瑰(KUMA)]斜邊線(ラブライブ!)A,扶他,KUMA,,中文,19,2024-10-29
JM1014385,https://18comic.vip/album/1014385/,[murmur]Oxytocin,百合,murmur,,中文,25,2024-10-29
JM1014383,https://18comic.vip/album/1014383/,(Comic Horizon 5いつか一緒に輝いて－百合向ONLY)[刺蝟咬玫瑰(KUMA)]Break Time(ラブライブ!),百合,KUMA,,中文,17,2024-10-29
JM1013860,https://18comic.vip/album/1013860/,(Comic Horizon 5いつか一緒に輝いて－百合向ONLY) [刺蝟咬玫瑰(KUMA)] 即使夢中依然與妳如膠似漆 (ラブライブ!),"劇情向, 百合",KUMA,,中文,43,2024-10-28
JM1013858,https://18comic.vip/album/1013858/,(Comic Horizon 4) [刺蝟咬玫瑰(KUMA)] REC●可愛的妳 (ラブライブ!),"劇情向, 百合",KUMA,,中文,37,2024-10-28
JM1013856,https://18comic.vip/album/1013856/,等待花間時 [Endpara (KUMA)] いつしか咲くその花 (ラブライブ!) [中国語] [DL版],"非H, 劇情向, 百合",KUMA,,中文,71,2024-10-28
JM1013857,https://18comic.vip/album/1013857/,(Comic Horizon 3いつか一緒に輝いて－百合向ONLY) [KUMA] 海姬突發H本 (ラブライブ!),"劇情向, 百合",KUMA,,中文,8,2024-10-28
JM1013853,https://18comic.vip/album/1013853/,(FF29) [刺蝟咬玫瑰(KUMA)] Kaito Carnival Night (ラブライブ!),"劇情向, 百合",KUMA,,中文,19,2024-10-28
JM1013854,https://18comic.vip/album/1013854/,小鹿亂竄在音符之間 [Endpara (KUMA)] 音符の中で胸騒ぎ (ラブライブ!) [中国語] [DL版],"非H, 劇情向, 百合",KUMA,,中文,70,2024-10-28
JM1013855,https://18comic.vip/album/1013855/,(FF30) [刺蝟咬玫瑰(KUMA)] 敗者頌 (ラブライブ!),"劇情向, 百合",KUMA,,中文,71,2024-10-28
JM1013852,https://18comic.vip/album/1013852/,[Endpara (KUMA)] Kaito the Klutz and the Enamored (ラブライブ!) [中国語] [DL版],"非H, 劇情向, 百合",KUMA,,中文,51,2024-10-28
JM1013859,https://18comic.vip/album/1013859/,(Comic Horizon 4) [刺蝟咬玫瑰(KUMA)] Dr.西木野的床上復健 (ラブライブ!),"劇情向, 百合",KUMA,,中文,35,2024-10-28
JM1013849,https://18comic.vip/album/1013849/,(FF28) [KUMA] Thirsty (RWBY),"劇情向, 百合",KUMA,,中文,49,2024-10-28
JM1013851,https://18comic.vip/album/1013851/,[Endpara (KUMA)] Kaito the Kittenish and the Elegant (ラブライブ!) [中国語] [DL版],"非H, 劇情向, 百合",KUMA,,中文,51,2024-10-28
JM1013850,https://18comic.vip/album/1013850/,(CWT-61) [KUMA]疆屍會有發情期是否搞錯了什麼!？(ゾンビランドサガ),"劇情向, 百合, 扶他",KUMA,,中文,37,2024-10-28
JM1013847,https://18comic.vip/album/1013847/,(FF35) [刺蝟咬玫瑰(KUMA)] 莉亞與伊娃，與莉莎 1,"非H, 劇情向, 百合",KUMA,,中文,93,2024-10-28
JM1013848,https://18comic.vip/album/1013848/,(FF26)[KUMA] 愛拉芙優 (RWBY),"非H, 劇情向, 百合",KUMA,,中文,49,2024-10-28
JM1013845,https://18comic.vip/album/1013845/,[D.S.] 百花百色,"非H, 劇情向, 百合",D.S.,,中文,204,2024-10-28
JM1013843,https://18comic.vip/album/1013843/,[阿盧EPC] 樓下的姊姊 上集,"非H, 劇情向, 百合",阿盧EPC,,中文,28,2024-10-28
JM1013844,https://18comic.vip/album/1013844/,[阿盧EPC] 樓下的姊姊 下集,"非H, 劇情向, 百合",阿盧EPC,,中文,31,2024-10-28
JM1013519,https://18comic.vip/album/1013519/,【zf330】【百合扶她】靠低级技能”魅惑“的我开救世界 1,"巨乳, 3D",zf330,,中文,150,2024-10-27
JM627923,https://18comic.vip/album/627923/,[Eternal] 再会的双子,"手淫, 附身, 百合, 3D",Eternal,,中文,477,2024-08-30
JM1013114,https://18comic.vip/album/1013114/,[暗黑脆脆鲨鱼饼干两个鱼汉化] [忘失イエスタデイ (川内)] iの密会-iの失踪3- [DL版],"接吻, 自慰, 百合, 巨乳",川内,,中文,58,2024-10-26
JM1013138,https://18comic.vip/album/1013138/,软绵绵毛茸茸的秘密 [Keisea] Fluffy Fuzzy Secret,"項圈, 亂倫, 獸耳, 雙胞胎, 百合",Keisea,,中文,13,2024-10-26
JM1013157,https://18comic.vip/album/1013157/,[神通又帥又可愛個人漢化] (C95) [Kaleido Circus (なぎはしここ)] ゆりめき おみあし ていとく とっけん。 (艦隊これくしょん -艦これ-) [中国翻訳] [DL版],"C95, 制服, 百合, 因为失手打上百合标籤，但其实是非百合",なぎはしここ,,中文,24,2024-10-26
JM652183,https://18comic.vip/album/652183/,少女乐队主唱和鼓手亲亲热热的本 [北京神马个人汉化] [砂糖と塩] ガールズバンドのボーカルとドラマーがいちゃいちゃする本 (BanG Dream!) [中国翻訳],"雙馬尾, 百合",砂糖と塩,,中文,23,2024-10-24
JM651757,https://18comic.vip/album/651757/,[モノリノ] Tinderbox 少女情慾之火,"阿黑顏, 穿刺, 肛交, 顏射, 大乳暈, 巨乳, 口交, 束縛, 顏射, 貞操帶, 項圈, 黑肉, 處女, 多重肛交, 群交, 灌腸, 露出, 顏面騎乘, 塞口器, 飲精, 多毛, 手淫, 淩辱, 中出, 連體衣, 熟女, 多重口交, 口交, NTR, 乳環, 母女丼, 乳交, 連褲襪, 枷刑, 喝尿, 女騎師, 馬尾, 援交, 強暴, 校服, 性玩具, 潮吹, 過膝襪, 出汗, 放尿, 乳膠真空床, 透視, 百合, 單行本, 非百合",モノリノ,,中文,208,2024-10-22
JM504835,https://18comic.vip/album/504835/,Just right there!,"連載中, 百合, 韓漫, 噁心",Withyou,,中文,2311,2023-10-25
JM1012751,https://18comic.vip/album/1012751/,[聖華快楽書店 (エルトリア、過感KAN、kiki)] オナニー病が蔓延した世界で仲良し女子はえっちに狂う [中国翻訳],"手淫, 校服, 百合",エルトリア、過感KAN、kiki,,中文,79,2024-10-25
JM651508,https://18comic.vip/album/651508/,[タカスギコウ] 刹那の恋   【電子特装版】特典 描き下ろしイラスト [DL版],"拍攝, 雙性戀, 性轉換, 中出, 百合, 單行本, 这本是日文不是中文",タカスギコウ,,中文,228,2024-10-22
JM1013064,https://18comic.vip/album/1013064/,[透明声彩汉化组] [MARUTA Production (MARUTA)] ナデシコヒヨリ2nd season ~episode 4~ [DL版],"C104, 劇情向, 百合",MARUTA,,中文,27,2024-10-26
JM651335,https://18comic.vip/album/651335/,[猫岛汉化组] (CIRCLE Space Meeting 7th) [きつねキャンディー。 (ろうせい)] ともあのがえっちするだけの本 (BanG Dream! It's MyGO!!!!!),"校服, 百合",ろうせい,,中文,24,2024-10-21
JM651327,https://18comic.vip/album/651327/,小女巫之爱（dahe个人翻译）[Breakrabbit] リトルウィッチの恋 (リトルウィッチアカデミア),"美漫, 扶他, 校服, 百合, 全彩",Breakrabbit,,中文,24,2024-10-21
JM651303,https://18comic.vip/album/651303/,百合进修♥三合会 [hEROs汉化组] (コミティア148) [ほむら屋★プレアデス (焔すばる)] ユリトレ♥トライアド,"百合, 乳汁",焔すばる,,中文,23,2024-10-21
JM650862,https://18comic.vip/album/650862/,[提黄灯喵汉化组] [すえつぐ] サキュバスの恩返し (二次元コミックマガジン サキュバス百合えっち Vol.3) [中国翻訳],"巨乳, 惡魔女孩, 指法, 百合, 尾巴",すえつぐ,,,25,2024-10-20
JM651736,https://18comic.vip/album/651736/,[沒有漢化] [アウェイ田]人魚の三姉妹に性的な意味で食べられてしまいました…って百合,"中出, 人魚娘, 怪物女孩, 水下, 百合",アウェイ田,,中文,5,2024-10-22
JM651389,https://18comic.vip/album/651389/,[船堀斉晃] 調教相談室,"阿黑顏, 穿刺, 肛交, apparel, 顏射, 綁縛與調教, 巨乳, 遮眼, 口交, 口交臉, 束縛, 顏射, 出軌, 項圈, 醉酒, 露出, 顏面騎乘, 女性支配, 拍攝, 塞口器, 眼鏡, 飲精, 手淫, 後宮, 淩辱, 中出, 夾腿, 內衣, 熟女, 多重口交, 口交, multiple, 手淫, 乳交, 強暴, 校服, 性玩具, 嗅氣味, 自慰, 打屁股, 潮吹, 過膝襪, 假陽具, 出汗, 教師, 雙馬尾, 透視, 百合, 群交, 劇情向, 單行本",船堀斉晃,,中文,213,2024-10-21
JM650859,https://18comic.vip/album/650859/,百合情结 第3话 [提黄灯喵汉化组] [館山けーた]リリィズコンプレックス(百合情结),,館山けーた,,,11,2024-10-20
JM650860,https://18comic.vip/album/650860/,百合情结 第4话 [提黄灯喵汉化组] [館山けーた]リリィズコンプレックス(百合情结),,館山けーた,,,17,2024-10-20
JM650587,https://18comic.vip/album/650587/,[腎臟毀滅工程个人汉化] [WMD (斜森)] 末永くイチャイチャしろ!!!! (遊☆戯☆王 OCG) [中国翻訳] [2024年9月17日],"巨乳, 百合, 自慰",斜森,,中文,31,2024-10-19
JM648681,https://18comic.vip/album/648681/,[奢侈的彩凤个人汉化] [遮断活動 (給水係)] 女淫魔から見たら千二百歳なんて若造だからねっ!! [DL版] [中国翻译],"巨乳, 女惡魔, 女性支配, 狐娘, 手套, 怪物女孩, 獸耳, 貧乳, 過膝襪, 百合",給水係,,中文,46,2024-10-13
JM650167,https://18comic.vip/album/650167/,[猫岛汉化组] [YM2 (麦酒)] ワンモアジコチュウ (ぼっち・ざ・ろっく!) [中国翻訳],"非H, 劇情向, 百合, 校服",麦酒,,中文,40,2024-10-17
JM648997,https://18comic.vip/album/648997/,[文不苦] (C81) [TEX-MEX (れっどべあ)] 東方艶邏抄 紫 (東方Project),"C81, 口交, 女性支配, 扶他, 百合",れっどべあ,,中文,34,2024-10-14
JM649950,https://18comic.vip/album/649950/,[憑依ラヴァー(內燃)] プリコネペコリーヌ&ユイ㹗っ取り(プリンセス㹗っ取り(プリンセス㹗ネり(プリンセスコネコive],"巨乳, 催眠, 寄生, 附身, 百合",內燃,,中文,11,2024-10-17
JM650603,https://18comic.vip/album/650603/,[不那么黑暗月光石] [いくらんたん] バニーガール耳かき専門店へ行ったら会社の後輩が働いていた [中国翻訳],"兔女郎, 漁網襪, 巨乳, 百合",いくらんたん,,中文,52,2024-10-19
JM648679,https://18comic.vip/album/648679/,[个人机翻] [ts-complex2nd (あさぎり)] 買った着ぐるみ 其の三,"黑肉, 皮物, 百合",あさぎり,,中文,39,2024-10-13
JM647913,https://18comic.vip/album/647913/,[Cauli个人汉化] [憑依ラヴァー (憑依好きの人、高橋しじみ)] ランニング中のJDの人生を肉体ごと乗っ取る話,"手淫, 馬尾, 附身, 百合","憑依好きの人, 高橋しじみ, 凭依ラヴァー",,中文,17,2024-10-11
JM648646,https://18comic.vip/album/648646/,我们已经、不是姐妹了 [透明声彩汉化组] (C101) [美術部 (しづきみちる)] 私たちは、もうお姉妹 [中国翻訳],"亂倫, 百合","C101, しづきみちる",,中文,36,2024-10-13
JM646708,https://18comic.vip/album/646708/,[パレス犬吠崎]失楽園～背徳に堕ちる聖女～[中国翻訳],"百合, 女惡魔, 修女, 連褲襪",パレス犬吠崎,,中文,40,2024-10-08
JM646440,https://18comic.vip/album/646440/,[zf330] 靠低级技能“魅惑”的我开救世界 序章,"百合, 3D, 無修正",zf330,,中文,108,2024-10-07
JM646878,https://18comic.vip/album/646878/,[パレス犬吠崎 (シスター・マリア・ロゼッタ)] 失楽園～背徳に落ちる聖女～ [中国翻訳] [DL版],"巨乳, 修女, 惡魔女孩, 百合",シスター・マリア・ロゼッタ,,中文,40,2024-10-09
JM647011,https://18comic.vip/album/647011/,[夺命五头鲨个人机翻] [にらたま (せきはら、広人)] ニャルラホテプのおうちデート [中国翻訳] [DL版],"觸手, 百合",せきはら、広人,,中文,42,2024-10-09
JM646698,https://18comic.vip/album/646698/,[あさぎり]possession-party,"巨乳, 附身, 性玩具, 百合",あさぎり,,中文,41,2024-10-08
JM646424,https://18comic.vip/album/646424/,[マリアの採血] フェチのちサドル・雨～露出系痴女のレズ緊縛記録～,"巨乳, 百合",マリアの採血,,中文,34,2024-10-07
JM646022,https://18comic.vip/album/646022/,【透明声彩汉化组】(C101) [tigeregit (虎)] 変なこと禁止 (機動戦士ガンダム 水星の魔女,"C101, 黑肉, 貧乳, 百合",虎,,中文,27,2024-10-06
JM645963,https://18comic.vip/album/645963/,[缬丝个人汉化] (C104) [ファウナス (ツヅル、猫崎葵、鈴雨やつみ)] 異世界娘のデリヘル嬢～プロサキュバス×野良サキュバスの百合指導～ [DL版],"C104, 女惡魔, 怪物女孩, 百合","猫崎葵, ツヅル",,中文,17,2024-10-06
JM645673,https://18comic.vip/album/645673/,[煮たレタス] はなさおまこ百合えっち漫画 (ガールズ&パンツァー),"巨乳, 百合",煮たレタス,,中文,13,2024-10-05
JM644954,https://18comic.vip/album/644954/,(COMIC1☆13) [moriQ (森あいり)] 百合露營,"長髮, 百合",森あいり,,中文,10,2024-10-03
JM645254,https://18comic.vip/album/645254/,【透明声彩汉化组】(C104) [にる子鍋 (にる子)] 友達♀が触手だったんですけど!～しょくしゅなる・センセーション,"C104, 制服, 觸手, 百合",にる子,,中文,41,2024-10-04
JM644615,https://18comic.vip/album/644615/,[透明声彩汉化组] [アンソロジー] SM百合えっちアンソロジー [中国翻訳] [DL版],"束縛, 百合",多作者,,中文,183,2024-10-02
JM644131,https://18comic.vip/album/644131/,真的被牛走怀孕了的圣娅 [角都九阳个人汉化] [える] 寝取らせたセイアが寝取られ孕まされる (ブルーアーカイブ),"CG集, 狐娘, 中出, 獸耳, NTR, 穿刺",える,,中文,108,2024-10-01
JM644951,https://18comic.vip/album/644951/,[焼肉定食] ずっと見てるね (SM百合えっちアンソロジー),"手淫, 百合",焼肉定食,,中文,14,2024-10-03
JM644096,https://18comic.vip/album/644096/,[暁の繁体翻訳] [ザ・デビル・ユー・ノウ(五百川)] 百合乳首バス通勤 ～女教師、無事乳首イキし小悪魔JKに敗北～,"大乳暈, 巨乳, 露出, 女性支配, 眼鏡, 超乳, 手淫, 校服, 潮吹, 教師, 雙馬尾, 百合",五百川,,中文,76,2024-10-01
JM643338,https://18comic.vip/album/643338/,(C104) 神魂顛倒理性飄搖 [沒有漢化] [まんまん屋 (チチヅキ)] 蕩かして壊れていって (Fate／Grand Order) [DL版],"C104, 束縛, 怪物女孩, 鬼族, 強暴, 高個女, 百合",チチヅキ,,中文,43,2024-09-29
JM643324,https://18comic.vip/album/643324/,[森の百合 (木山ひと、こうはいちゃん)] 真夏の剃毛 [中国翻訳] [DL版],"巨乳, 泳裝, 百合","木山ひと、こうはいちゃん, こうはいちゃん, 木山ひと",,中文,41,2024-09-29
JM643299,https://18comic.vip/album/643299/,魔女坠入爱河的5秒前 [莉赛特汉化组] [澄谷ゼニコ] 魔女が恋する5秒前 [中国翻訳],"非H, 百合",澄谷ゼニコ,,中文,41,2024-09-28
JM643298,https://18comic.vip/album/643298/,[黑他累漢化組] [伊藤ハチ] 描き下ろし (合法百合夫婦本) [中国翻訳],"非H, 獸耳, 百合",伊藤ハチ,,中文,16,2024-09-28
JM643144,https://18comic.vip/album/643144/,女仆力的正确（？）使用方法 [芝士饼干汉化] (C104) [段々団子 (嵐屋)] メイドパワーの正しい(?)つかい方 (ブルーアーカイブ),"C104, 女僕, 百合",嵐屋,,中文,17,2024-09-28
JM643119,https://18comic.vip/album/643119/,与红狼深夜共舞 [Sleeper (猫村)] 赤いオオカミと真夜中のダンス (機動戦士ガンダム水星の魔女) [中国翻訳] [DL版],"校服, 百合",猫村,,中文,19,2024-09-28
JM643150,https://18comic.vip/album/643150/,[逆又練物] 借金返済バラエティ カラダで払いまShow! 第6回 (コミック Mate legend Vol.57 2024年6月号) [中国翻訳] [DL版],"肛交, 巨乳, 藥物, 手套, 中出, 乳貼, 馬尾, 性玩具, 假陽具, 長筒靴, 百合, 群交, 非百合",逆又練物,,中文,24,2024-09-28
JM643118,https://18comic.vip/album/643118/,[不新鮮魚類養殖場(かわぶた涸魨( ᐛ ))] 偏食(転生王女と天才令嬢の魔法革命),"校服, 百合","かわぶた涸魨(, ᐛ, )",,中文,23,2024-09-28
JM643117,https://18comic.vip/album/643117/,[果物一途(律空Rikuu)] 留宿妄想(にじさんじ),"巨乳, 百合",律空Rikuu,,中文,27,2024-09-28
JM643114,https://18comic.vip/album/643114/,[被窩ZZ(光夕)] 想伴在妳的笑容旁,"校服, 百合",光夕,,中文,25,2024-09-28
JM646284,https://18comic.vip/album/646284/,凭证Flower [虹之星汉化组] (C104) [ふわふわパレット (HIRO)] 証憑フラワー (ラブライブ! 蓮ノ空女学院スクールアイドルクラブ),"C104, 校服, 性玩具, 百合, 全彩","HIRO, ふわふわパレット",,中文,24,2024-10-07
JM646030,https://18comic.vip/album/646030/,[アマイ少女工房 (雨居めいでん)] 下剋上物語～イかせた数だけ地位の上がる学園～VSスパルタ女教師 [中国翻訳][DL版],"巨乳, 眼鏡, 制服, 百合",雨居めいでん,,中文,28,2024-10-06
JM643113,https://18comic.vip/album/643113/,[被窩ZZ(光夕)] 你就只是輕輕地笑著,"校服, 百合",光夕,,中文,29,2024-09-28
JM643018,https://18comic.vip/album/643018/,(C104) [ぐつとま (タチ)] 百合覚醒サキュバスvs百合覚醒くノ一 ～私の身体で百合えっちバトルすな!～ [中国翻訳],"C104, 巨乳, 群交, 百合, 親吻","タチ, ぐつとま",,中文,38,2024-09-28
JM642957,https://18comic.vip/album/642957/,[Zweihänder] Feud 01-04,"戀屍, 虐殺, 百合, 3D",Zweihänder,,中文,253,2024-09-27
JM643015,https://18comic.vip/album/643015/,[不咕鸟汉化组] (C101) [金瞳少女 (nipi)] オル邪ンのオルタ様に生えちゃった本。 (Fate／Grand Order),"C101, 扶他, 百合, 馬尾, 巨乳, 纯爱",nipi,,中文,34,2024-09-28
JM642801,https://18comic.vip/album/642801/,[aki99] イリヤの反撃 7 (Fate/kaleid liner プリズマ☆イリヤ) [無修正],"CG集, 黑肉, 百合, 劇情向, 無修正, 萝莉",aki99,,中文,20,2024-09-27
JM641319,https://18comic.vip/album/641319/,[NNL (メリサン)] 合同ひとりえっちのお時間です！ (ブルーアーカイブ),"遮眼, 手淫, 連褲襪, 校服, 性玩具, 潮吹, 百合",メリサン,,中文,27,2024-09-23
JM642260,https://18comic.vip/album/642260/,跨越富士山 [ゆりりさいくらー (里彩)] 富士山の次に (ヤマノススメ) [中国語] [DL版],"制服, 百合, 純愛",里彩,,中文,22,2024-09-26
JM642358,https://18comic.vip/album/642358/,悦乐之螺旋 -被刻印在身体上的淫乐回路迷荡到变成战斗员为止 [今泉紅太狼] [Corruprotocol (EPLOOV)] 悦楽の螺旋 -身体に刻みこまれる淫楽回路に蕩かされて戦闘員化するまで- [中国翻訳],"緊身衣, 項圈, 墮落, 乳環, 性玩具, 百合",EPLOOV,,中文,13,2024-09-26
JM640546,https://18comic.vip/album/640546/,[机翻] [SYU MURASAKI - HOOLIGANISM] Exhibition - File 14 DX6 [中国翻訳],"窒息, 巨乳, 束縛, 透視, 項圈, 灌腸, 露出, 拳交, 張口, 多毛, 西瓜肚, 穿刺, 枷刑, 喝尿, 懷孕, 子宮脫, 排泄, 性玩具, 奴隸, 虐殺, 胃部突起, 出汗, 酷刑, 尿道插入, 放尿, 木馬, 百合, 群交","SYU, MURASAKI, -, HOOLIGANISM",,中文,70,2024-09-21
JM640282,https://18comic.vip/album/640282/,[0Hz汉化组] [ひやしてかためる (熊沢)] Oct.23→Mar.6 (ガールズ＆パンツァー) [中国翻訳],"非H, 百合",熊沢,,中文,34,2024-09-20
JM639574,https://18comic.vip/album/639574/,[銀ちゃん] リリスの悩み15-20（莉莉丝的烦恼15-20）,"遮眼, 女惡魔, 怪物女孩, 校服, 打屁股, 百合",銀ちゃん,,中文,15,2024-09-18
JM640254,https://18comic.vip/album/640254/,希冀之裡 [沒有漢化] (C104) [まんまん屋 (チチヅキ)] 願いの裏で (Fate/Grand Order) [中国翻訳],"馬尾, 百合",チチヅキ,,中文,29,2024-09-20
JM639024,https://18comic.vip/album/639024/,(C104) [京まじょ! (上村なびあ)] 君の詩を奏で唄って (ぼっち・ざ・ろっく!) [中国翻訳],"C104, 貧乳, 制服, 親吻, 百合",上村なびあ,,中文,20,2024-09-17
JM639423,https://18comic.vip/album/639423/,【Naitong】入替之爱 - 1 [AI Generated],"白丝, 黑丝, 百合, 附身, 入替, 凭依, 自慰, AI绘图","奈瞳, naitong",,,82,2024-09-18
JM637423,https://18comic.vip/album/637423/,[点动成线君汉化] [サイコオド(水科)] よーちか漫画詰め② (Love Live! Sunshine!!) [中国翻訳],"非H, 劇情向, 百合",水科,,中文,4,2024-09-13
JM637399,https://18comic.vip/album/637399/,[秀] 女斗圣岛 12 （重置）天使千仞雪vs心魔千仞雪—宿敌之战,"百合, 3D",秀,,中文,261,2024-09-13
JM638088,https://18comic.vip/album/638088/,[禁漫漢化組](C104)[うどん食べ得(青ワイン)]楽園夢譚(ブルーアーカイブ),"C104, 獸耳, 口交, 放尿, 露出, 自慰, 禁漫書庫",青ワイン,,中文,39,2024-09-15
JM637356,https://18comic.vip/album/637356/,[点动成线君汉化] [むしやき!! (上林眞)] .........。 (ラブライブ! サンシャイン!!) [中国翻訳],"眼鏡, 百合",上林眞,,中文,5,2024-09-13
JM637110,https://18comic.vip/album/637110/,[たまランド (たまの父)] 友情劣情百合発情,百合,たまの父,,中文,38,2024-09-12
JM637108,https://18comic.vip/album/637108/,[黒澤カルラ] 露出プレイする百合ップル,"露出, 百合",黒澤カルラ,,中文,33,2024-09-12
JM637162,https://18comic.vip/album/637162/,千代的出嫁 [芜荽个人汉化] [はちしろ (伊藤ハチ)] チヨちゃんの嫁入り [中国翻訳] [DL版],"非H, 劇情向, 百合, 貓女, 獸耳, 和服",伊藤ハチ,,中文,42,2024-09-12
JM639020,https://18comic.vip/album/639020/,被邀請至女校宿舍 [ひまわりのたね (種乃なかみ)] 女学寮に誘われて [中文] [Miyano],"雙性戀, 口交, 女性支配, 飲精, 打手槍, 接吻, 制服, 百合, 避孕套, 3P, 群交, 夾心蛋糕, 換著插, 長筒襪, 痴女, 著衣, 地味子, 黑髮, 水手服, 強勢女, 多P, 吞精, 乳頭刺激, 苗條, 哺乳, 百合控迴避, 百破",種乃なかみ,,中文,114,2024-09-17
JM637084,https://18comic.vip/album/637084/,[白玉もち] 384400km (めしべとめしべ),"亂倫, 校服, 過膝襪, 雙馬尾, 百合",白玉もち,,中文,25,2024-09-12
JM636703,https://18comic.vip/album/636703/,被百合夾在之間做愛的故事 [沒有漢化] [アウェイ田] 百合セックスの間に挟まっちゃった話,"群交, 百合",アウェイ田,,中文,50,2024-09-12
JM637080,https://18comic.vip/album/637080/,[忘失イエスタデイ (川内)] iの訪れ‐iの失踪2-,"百合, 劇情向",川内,,中文,77,2024-09-12
JM635983,https://18comic.vip/album/635983/,对挚友做了×××!! [今泉紅太狼] [ろーぷあいらんど (みやのゆき)] 親友に×××してみた!!,"巨乳, 眼鏡, 長髮, 百合, 性玩具",みやのゆき,,中文,28,2024-09-11
JM635947,https://18comic.vip/album/635947/,[MirrorWorld (未鏡)] 魔女先生の発情レッスン魔女先生の発情レッスン [中国翻訳] [DL版],"巨乳, 舔陰, 百合, 接吻, 雙馬尾","未鏡, みら, peachpulsar",,中文,43,2024-09-11
JM636105,https://18comic.vip/album/636105/,[毛衛宮雙人漢化] [てんぺすと (水瀬修)] narratage (ブルーアーカイブ) [中国翻訳] [DL版],"手淫, 百合",水瀬修,,中文,6,2024-09-11
JM635478,https://18comic.vip/album/635478/,[透明声彩汉化组] (C104) [美術部 (しづきみちる)] La ビアン2,"C104, 百合",しづきみちる,,中文,49,2024-09-10
JM634802,https://18comic.vip/album/634802/,[猫岛汉化组] (C103) [ふらわーくらっせ (よなかあお)] 郁代ディストーション (ぼっち・ざ・ろっく!),"C103, 項圈, 百合",よなかあお,,中文,27,2024-09-09
JM635874,https://18comic.vip/album/635874/,[AKwoL烤肉组] [HUQU] Shower [Chinese] [Decensored],"百合, 無修正",HUQU,,中文,15,2024-09-10
JM634799,https://18comic.vip/album/634799/,[むらさき朱] 姉犬 1,"阿黑顏, 肛交, 圍裙, 獸交, 巨乳, 性勒索, 束縛, 項圈, 露出, 眼鏡, 多毛, 淩辱, 催眠, 中出, NTR, 強暴, 性玩具, 奴隸, 出汗, 放尿, 百合, 群交, 亂倫, 劇情向, 單行本, 母狗",むらさき朱,,中文,242,2024-09-09
JM634777,https://18comic.vip/album/634777/,请务必谨慎处理 [驴子汉化组] [榎本尚] とりあつかいちゅーい (コミック ジエス 05),"束縛, 觸手, 百合",榎本尚,,中文,27,2024-09-09
JM635177,https://18comic.vip/album/635177/,"(C104) [べるえきっぷ (ニコレ)] 皆のオオカミママはキツネには甘える (白上フブキ, 大神ミオ)","C104, 巨乳, 狐娘, 獸耳, 性玩具, 狼女, 百合",ニコレ,,日文,22,2024-09-08
JM632809,https://18comic.vip/album/632809/,挠乳头忍耐游戏 [今泉紅太狼汉化] [やつきくろのほんや (やつきくろ)] 乳首カリカリ我慢ゲーム [中国翻訳] [DL版],"潮吹, 雙馬尾, 百合",やつきくろ,,中文,19,2024-09-06
JM634770,https://18comic.vip/album/634770/,[颠佬旅者汉化组] [Bubo] commission (原神),"百合, 全彩",Bubo,,中文,21,2024-09-09
JM632636,https://18comic.vip/album/632636/,[Remora Works (めりこ)] LESFES CO -CANDID REPORTING- VOL.001-004 [中国翻訳],"百合, 巨乳, 中出, 女人打架, 猫斗",めりこ,,中文,164,2024-09-06
JM634045,https://18comic.vip/album/634045/,[大友同好会] [C104] [Orzコミュショーズ (遊離)]消えない温度 (やがて君になる),"C104, 百合, 制服, 终将成为你",遊離,,中文,35,2024-09-08
JM634107,https://18comic.vip/album/634107/,[e] 魔女の復讐Vol.8 [中文],"瘙癢, 雙馬尾, 百合",e,,中文,25,2024-09-08
JM634033,https://18comic.vip/album/634033/,[沒有漢化] (モテないし巡り会う4in京都) [オハヨ～カンパニー (よしぴぃ)] モテないしラブホテル♡ (私がモテないのはどう考えてもお前らが悪い!),"巨乳, 制服, 百合",よしぴぃ,,中文,36,2024-09-08
JM632116,https://18comic.vip/album/632116/,[十羽織ましゅまろ] GEHENNA,"束縛, 女性支配, 塞口器, 眼鏡, 母女丼, 穿刺, 強暴, 性玩具, 假陽具, 百合, 群交, 亂倫, 單行本",十羽織ましゅまろ,,日文,181,2024-09-05
JM632615,https://18comic.vip/album/632615/,(C104) [りーりうむ (アイガ)] 同居人との暑い休日 (白上フブキ、黒上フブキ) [中國翻譯] [DL版],"C104, 獸耳, 百合",アイガ,,中文,25,2024-09-06
JM632632,https://18comic.vip/album/632632/,[透明声彩汉化组] (C99)[美術部 (しづきみちる)]ユーフォビアンの響き：デクテトゥ,"C99, 百合",しづきみちる,,中文,41,2024-09-06
JM632068,https://18comic.vip/album/632068/,后辈和前辈关系很好 [蜂蜂蜂] 後輩と先輩は仲良し [中国翻訳],"百合, 巨乳",蜂蜂蜂,,中文,20,2024-09-05
JM632067,https://18comic.vip/album/632067/,最终的爱 [Ringojam(Ringo)] 果し愛 [中国翻訳],"百合, 巨乳, 非百合",Ringo,,中文,43,2024-09-05
JM631311,https://18comic.vip/album/631311/,(C104) [グレープフルーツ王国 (そんちょう)] ノアユウ両片思い おはようからおやすみまで (ブルーアーカイブ) [DL版],"C104, 非H, 劇情向, 百合",そんちょう,,日文,34,2024-09-04
JM632061,https://18comic.vip/album/632061/,(C103) [ひつじだ (くまでら)｜おでんランチ。(あむぱか)]TS俺。彼女にた～っぷり愛される話 [中国翻訳],"C103, 百合, 性转, 非百合, 真百合, TS, 愉悦, FS, 噁心",くまでら,,中文,31,2024-09-05
JM630634,https://18comic.vip/album/630634/,[吗喽汉化组] (C104) [わたがし (よろず)] トゲトゲ! - GARU-KURA FAN BOOK - (ガールズバンドクライ) [中国翻訳],"C104, 全彩, 百合, 泳衣, 非h","多作者, わたがし",,中文,32,2024-09-03
JM629881,https://18comic.vip/album/629881/,[禁漫漢化組](C104)[兎屋(とがみ)]孕ませ!セクシーセイア!!(ブルーアーカイブ),"C104, 獸耳, 禁漫書庫, 萝莉, 足交",とがみ,,中文,30,2024-09-02
JM629752,https://18comic.vip/album/629752/,(C104) [るがおハウス (るがおっさん)] 枯れ井戸の底にて写るもの (ブルーアーカイブ) [DL版],"C104, 巨乳, 百合, 性玩具",るがおっさん,,日文,33,2024-09-02
JM629804,https://18comic.vip/album/629804/,(C104) [EDGE WORTH (ぞくさん)] 同居でひろがるおねショタスカイ1 (ひろがるスカイ!プリキュア) [DL版],"C104, 巨乳, 百合, 非百合",ぞくさん,,日文,28,2024-09-02
JM629268,https://18comic.vip/album/629268/,[琴吹かづき] RAPE ME,"巨乳, 扶他, 穿刺, 過膝襪, 百合, 單行本",琴吹かづき,,日文,176,2024-09-01
JM631331,https://18comic.vip/album/631331/,[透明声彩汉化组] (C104) [えねるぎあ (ぴかち)] 素肌 (リコリス・リコイル),"C104, 百合",ぴかち,,中文,20,2024-09-04
JM628429,https://18comic.vip/album/628429/,[peachpulsar (みら)] リリィガールズ・コレクション百合H短編集 [DL版],"百合, 巨乳, 制服, 單行本",みら,,日文,199,2024-08-31
JM627965,https://18comic.vip/album/627965/,[莉赛特汉化组] [岩見樹代子] やくそく (シロップ HONEY 初夜百合アンソロジー) [中国翻訳],"劇情向, 百合, 纯爱",岩見樹代子,,中文,20,2024-08-30
JM627780,https://18comic.vip/album/627780/,[ぽん太] 魔ノブぐだ♀のえろマンガ (Fate／Grand Order) [中国翻訳],"泳裝, 百合, 手淫, 高潮",ぽん太,,中文,10,2024-08-30
JM627166,https://18comic.vip/album/627166/,[Hatozzz个人汉化] (C104) [蜂蜜庭園 (柊ハニカ)] 電流マッサージなんかでイくわけないじゃないですか [中国翻訳] [DL版],"C104, 泳裝, 束縛, 電擊, 眼鏡, 性玩具, 百合",柊ハニカ,,中文,37,2024-08-29
JM626622,https://18comic.vip/album/626622/,迷子的深海来信 [猫岛汉化组] (C104) [No.37 (ぶちょ)] 迷子の深海エピストラ (BanG Dream!) [中国翻訳],"C104, 非H, 百合",ぶちょ,,中文,46,2024-08-28
JM627896,https://18comic.vip/album/627896/,(C104) [帰宅時間 (きたく)] BOCCHI IN THE CLOSET (ぼっち・ざ・ろっく!),"C104, 手淫, 百合",きたく,,日文,26,2024-08-30
JM627203,https://18comic.vip/album/627203/,"[YAN] 我, 姐姐与魔神少女皮 I [中国語]","妖精, 中出, 亂倫, 透視, 百合",YAN,,中文,22,2024-08-29
JM626619,https://18comic.vip/album/626619/,[猫岛汉化组] (C104) [ほうれん草メトロ (春日あえ)] たべる (ラブライブ! 虹ヶ咲学園スクールアイドル同好会) [中国翻訳],"C104, 非H, 百合",春日あえ,,中文,10,2024-08-28
JM626587,https://18comic.vip/album/626587/,[猫岛汉化组] (C104) [ryu-minBS (流民)] We Got the Beat (BanG Dream! It's MyGO!!!!!) [中国翻訳],"C104, 非H, 劇情向, 百合",流民,,中文,11,2024-08-28
JM627177,https://18comic.vip/album/627177/,(C104) [まんまん屋 (チチヅキ)] 蕩かして壊れていって (Fate Grand Order) [DL版],"C104, 束縛, 怪物女孩, 鬼族, 強暴, 高個女, 百合",チチヅキ,,日文,41,2024-08-29
JM626612,https://18comic.vip/album/626612/,"(C104) [NECOTOXIN (SCA-自, 狗神煌)] 限界の空を奔る彗星蘭の精液 (サクラノ刻)","C104, 手淫, 假陽具, 百合, 小說","SCA-自, 狗神煌",,日文,66,2024-08-28
JM626486,https://18comic.vip/album/626486/,坏女人玛奇玛调教钉崎野蔷薇 [LC整合汉化组] [Pino] マキマに調教される野薔薇 (チェンソーマン、呪術廻戦) [中国翻訳],"CG集, 百合",Pino,,中文,10,2024-08-28
JM627124,https://18comic.vip/album/627124/,(C104) [No Future (ガロウド、端音乱希)] 特命少女アイギス・ピンク ANOTHER FUTURE (オリジナル) [DL版] [中囯翻譯],"C104, 顏射, 口交, 緊身衣, 束縛, 顏射, 處女, 強暴, 群交, 淩辱, 乳膠衣, 連體衣, 強暴, 史萊姆, 百合, 非百合","ガロウド, 端音乱希",,中文,26,2024-08-29
JM626269,https://18comic.vip/album/626269/,[透明声彩汉化组] (COMIC1☆17) [美術部 (しづきみちる)] ユーフォビアンの響き:Nonet 九重奏 (響け!ユーフォニアム),百合,しづきみちる,,中文,37,2024-08-27
JM626381,https://18comic.vip/album/626381/,別說姐姐是作弊角色啊![さとこい個人漢化](例大祭8) [HMA (日吉ハナ)] チートとよばないで! (東方Project),"巨乳, 處手, 百合, 扶他",日吉ハナ,,中文,26,2024-08-28
JM626397,https://18comic.vip/album/626397/,[透明声彩汉化组] (コミティア137) [らいおん小屋 (一ノらい)] 信頼は愛の証,"巨乳, 純愛, 百合",一ノらい,,中文,40,2024-08-28
JM626267,https://18comic.vip/album/626267/,恋人是原闺蜜 -微醺的甜蜜诱惑- [透明声彩汉化组] [C103] [らいおん小屋 (一ノらい)] 恋人は元親友-ほろ酔い甘い誘い,"C103, 百合",一ノらい,,中文,50,2024-08-27
JM625260,https://18comic.vip/album/625260/,[打打计数君个人汉化] [千冬アップルトン] ジュエリースライムに魅入られた冒険者 (二次元コミックマガジン 異種姦百合えっち Vol. 2) [中国翻訳] [DL版],"巨乳, 怪物女孩, 觸手, 百合",千冬アップルトン,,中文,21,2024-08-26
JM626228,https://18comic.vip/album/626228/,(C104) [蜂蜜庭園 (柊ハニカ)] 電流マッサージなんかでイくわけないじゃないですか (オリジナル) [DL版],"C104, 泳裝, 束縛, 電擊, 眼鏡, 性玩具, 百合",柊ハニカ,,日文,36,2024-08-27
JM626593,https://18comic.vip/album/626593/,(C104) [びびっどサンダー (ズミクニ)] おねがいおつきさま (ガールズバンドクライ),"C104, 非H, 百合",ズミクニ,,日文,21,2024-08-28
JM625296,https://18comic.vip/album/625296/,(C104) [まんまん屋 (チチヅキ)] 願いの裏で (FateGrand／Order),"C104, 群交, 透視, 百合",チチヅキ,,日文,27,2024-08-26
JM625222,https://18comic.vip/album/625222/,[个人汉化] (ぱんっあ☆ふぉー!11) [キレイナブタ (ぶたちゃんぐ)] あの頃の私たちは。 (ガールズ＆パンツァー) [中国翻訳],"非H, 百合",N/A,,中文,21,2024-08-26
JM624382,https://18comic.vip/album/624382/,(C104) [みずたまり ほいくえん (ジョン・マロ)] みこがみ様のおしめ体験 (オリジナル) [DL版],"C104, 巨乳, 女巫, 百合, 眼鏡",よろず,,日文,23,2024-08-25
JM625763,https://18comic.vip/album/625763/,于逃离前方之物 [莉赛特汉化组] [みかん氏] 逃げた先にあるものは (あーしとわたし。2 ギャル×百合) [中国翻訳],"非H, 劇情向, 校服, 百合",みかん氏,,中文,37,2024-08-26
JM624396,https://18comic.vip/album/624396/,[禁漫漢化組](C104)[冬扇草堂(冬扇)]銀乳ヒプノシス(ローゼンメイデン),"C104, 巨乳, 扶他, 百合, 禁漫書庫, 催眠",冬扇,,中文,27,2024-08-25
JM624047,https://18comic.vip/album/624047/,(C104) [みちのくランチ (みちのく)] 錠裂かれ伝うアルカライン (ブルーアーカイブ) [中囯翻譯][DL版],"C104, 阿黑顏, 束縛, 強暴, 潮吹, 瘙癢, 百合",みちのく,,中文,35,2024-08-24
JM624376,https://18comic.vip/album/624376/,两个人是自慰友 [茄某人个人汉化] [すどおかおる] ふたりはオナとも! (彩百合 vol.10) [中国翻訳],"手淫, 校服, 雙馬尾, 百合",すどおかおる,,中文,24,2024-08-25
JM623636,https://18comic.vip/album/623636/,(C104) [平成茶々丸堂 (N.O-茶々丸)] 母愛が過ぎる息子の為に (オリジナル),"C104, 豐滿, 巨乳, 熟女, 人妻, 中出, 百合, 群交, 亂倫",N.O-茶々丸,,日文,34,2024-08-24
JM623598,https://18comic.vip/album/623598/,[星レーズン] 咲レミのエロ本（タイトル未定） (東方Project) [中国翻訳] [DL版],"處女, 性玩具, 潮吹, 過膝襪, 透視, 百合",星レーズン,,中文,32,2024-08-24
JM625246,https://18comic.vip/album/625246/,[PISANTO 皮三豆] 祈求光明的百合 1-6 (完),"劇情向, 束縛, 3D",皮三豆,,中文,802,2024-08-26
JM623353,https://18comic.vip/album/623353/,[星レーズン] 咲夜蕾米的涩涩本,"巨乳, 百合, 高潮",星レーズン,,中文,32,2024-08-23
JM622468,https://18comic.vip/album/622468/,百合情侣的色色日常 [蜂蜂蜂] 百合カップルのHな日常 [中国翻訳],"百合, 巨乳",蜂蜂蜂,,中文,20,2024-08-23
JM622553,https://18comic.vip/album/622553/,(C104) [MARUTA Production (MARUTA)] ナデシコヒヨリ 2nd season 第4話 (オリジナル) [DL版],"C104, 劇情向, 百合",MARUTA,,日文,25,2024-08-23
JM622392,https://18comic.vip/album/622392/,(子月个人汉化) (C104) [AMP (野良黒ネロ)] 鬼畜教師に堕とされたボクの生徒会長3 母・小百合,"C104, 剧情向, 阿黑颜, 巨乳, 调教, 奶牛装",野良黒ネロ,,中文,44,2024-08-23
JM622440,https://18comic.vip/album/622440/,[PISANTO 皮三豆] 祈求光明的百合 6,"項圈, 奴隸, 3D, 無修正",皮三豆,,中文,51,2024-08-23
JM622099,https://18comic.vip/album/622099/,[透明声彩汉化组] (C104) [えねるぎあ (ぴかち)] 今日、千束と (リコリス・リコイル) [DL版],"C104, 百合",ぴかち,,中文,32,2024-08-22
JM622375,https://18comic.vip/album/622375/,[Koyomania、ffgghhjj、tentenn] アムリタ (転生王女と天才令嬢の魔法革命) [中国翻訳],"劇情向, 百合","Koyomania, ffgghhjj, tentenn",,中文,145,2024-08-23
JM622067,https://18comic.vip/album/622067/,(C104) [ふにあいあいす (不似合りこ)] 白鷺日記～白百合の姫君～ (原神),"C104, 純愛, 百合",不似合りこ,,日文,27,2024-08-22
JM622045,https://18comic.vip/album/622045/,(C104) [みちのくランチ (みちのく)] 錠裂かれ伝うアルカライン (ブルーアーカイブ) [DL版],"C104, 阿黑顏, 束縛, 強暴, 潮吹, 瘙癢, 百合",みちのく,,日文,28,2024-08-22
JM622064,https://18comic.vip/album/622064/,(C104) [AMP (野良黒ネロ)] 鬼畜教師に堕とされたボクの生徒会長3 母・小百合 (オリジナル) [DL版],"C104, 劇情向, NTR, 阿黑顏, 巨乳, 調教, 項圈, 露出, 熟女, 中出, 出汗",野良黒ネロ,,日文,44,2024-08-22
JM621903,https://18comic.vip/album/621903/,[吸住没碎个人汉化] (C104) [ツンデレハムカツボルケーノ (しゅーくりいむ)] Let in on a secret (アイドルマスター) [中国翻訳] [DL版],"C104, 百合",しゅーくりいむ,,中文,27,2024-08-22
JM621909,https://18comic.vip/album/621909/,彩彩的受难 [melchi (みお)] 彩ちゃんの受難 (BanG Dream!) [中国翻訳],"校服, 性玩具, 觸手, 百合",みお,,中文,30,2024-08-22
JM623169,https://18comic.vip/album/623169/,面光/助奏 [猫岛汉化组] (C104) [虹を渡るパン屋さん] フロントライト・オブリガート (ラブライブ! 虹ヶ咲学園スクールアイドル同好会) [中国翻訳],"C104, 非H, 校服, 雙馬尾, 百合",虹を渡るパン屋さん,,中文,70,2024-08-21
JM622705,https://18comic.vip/album/622705/,[yy] 斗破苍穹 幻影变真诀 01-02,"口交, 束縛, 百合, 3D",yy,,中文,95,2024-08-20
JM620677,https://18comic.vip/album/620677/,(C104)[Melty Pot(mel)]ぼざろえっち落書き本(ぼっち・ざ・ろっく！),"C104, 全彩, 巨乳, 比基尼, 百合, 禁漫書庫, 非百合",mel,,,20,2024-08-19
JM620207,https://18comic.vip/album/620207/,(C104) [えねるぎあ (ぴかち)] 今日、千束と (リコリス・リコイル) [DL版],"C104, 百合",ぴかち,,日文,29,2024-08-19
JM620229,https://18comic.vip/album/620229/,[桜ゆう] 異世界で百合1 [中国翻訳] [DL版],"扶他, 扶他zation, 校服",桜ゆう,,中文,28,2024-08-19
JM620156,https://18comic.vip/album/620156/,(C104) [No Future (ガロウド、端音乱希)] 特命少女アイギス・ピンク ANOTHER FUTURE (オリジナル) [DL版],"C104, 顏射, 口交, 緊身衣, 束縛, 顏射, 處女, 強暴, 群交, 淩辱, 乳膠衣, 連體衣, 強暴, 史萊姆, 百合","ガロウド, 端音乱希",,日文,26,2024-08-19
JM620180,https://18comic.vip/album/620180/,(C104) [えねるぎあ (ぴかち)] 素肌 (リコリス・リコイル) [DL版],"C104, 泳裝, 百合",ぴかち,,日文,19,2024-08-19
JM620002,https://18comic.vip/album/620002/,[不可视汉化] [千変万化式 (DATE)] 侵入×歪曲,"百合, 制服, 巨乳, 附身",DATE,,中文,28,2024-08-18
JM619588,https://18comic.vip/album/619588/,日野下花帆与摸摸禁止令 [虹之星汉化组](C104) [virophilia (織日ちひろ)] 日野下花帆とおさわり禁止令 (ラブライブ! 蓮ノ空女学院スクールアイドルクラブ),"C104, 巨乳, 制服, 百合",織日ちひろ,,中文,25,2024-08-18
JM618792,https://18comic.vip/album/618792/,(C104) [Tempest (よろず)] ブルアカ百合えっち合同 (ブルーアーカイブ) [DL版],"C104, 項圈, 遮眼, 群交, 後宮, 亂倫, 雙胞胎, 百合","多作者, Tempest",,日文,134,2024-08-17
JM619515,https://18comic.vip/album/619515/,好孩子和坏孩子 [莉赛特汉化组] [BirdHatter] 良い子悪い子 (あーしとわたし。2 ギャル×百合) [中国翻訳],"百合, 制服, 非H",莉赛特汉化组,,中文,21,2024-08-18
JM619535,https://18comic.vip/album/619535/,[空気系☆漢化] (C104) [じゃじゅじょ (じょぶじゅん。)] 僕とガサツな汚姉の性欲処理生活〜お姉ちゃんに勝てたら妊娠覚悟で生エッチ♥編〜 [中国翻訳] [DL版],"C104, 校服, 百合, 日野下花帆とおさわり禁止令","じょぶじゅん。, 织日ちひろ",,中文,25,2024-08-18
JM618473,https://18comic.vip/album/618473/,[无毒汉化组] [千変万化式 (DATE)] 侵入×歪曲 [中国翻訳] [DL版],"束縛, 催眠, 附身, 百合",DATE,,中文,28,2024-08-16
JM618766,https://18comic.vip/album/618766/,[虹之星汉化组] (C104) [virophilia (織日ちひろ)] パウダーブルー (ラブライブ! 蓮ノ空女学院スクールアイドルクラブ)[中国翻訳],"C104, 泳裝, 百合, 纯爱",織日ちひろ,,中文,30,2024-08-17
JM618079,https://18comic.vip/album/618079/,(C104) [ファウナス (猫崎葵、ツヅル)] 異世界娘のデリヘル嬢～プロサキュバス×野良サキュバスの百合指導～ (オリジナル) [DL版],"C104, 女惡魔, 怪物女孩, 百合","猫崎葵, ツヅル",,日文,16,2024-08-16
JM618040,https://18comic.vip/album/618040/,[中国机翻] [天乃一水] 百合拡張 [中国翻訳],"肛交, 拳交, 校服, 性玩具, 胃部突起, 百合",天乃一水,,中文,19,2024-08-16
JM618092,https://18comic.vip/album/618092/,(C104) [憑依ラヴァー (よろず)] 憑依カタログ～女のカラダが乗っ取られまくる合同本～ (オリジナル) [DL版],"C104, 阿黑顏, 項圈, 手淫, 附身, 吸血鬼, 百合, 合同誌","あるふれっ鳥, りむ, フカミオトハ, 柊ぽぷら, いるこ, めた小, 投職, 内燃, ポゼ, ミシマサイコ, ddrw, 孝至, 羅ぶい, 伊智みりしゃ, DATE, 海老名えび, 皆月ななな, 倉塚りこ, MAI　あいかわモナコ, 睡眠不足, ヌタウナギ, ちろたた, せいろA, 角煮煮, ガメル, 山田シグマ, QZO。, 憑依好きの人, Duokuma",,日文,190,2024-08-16
JM617851,https://18comic.vip/album/617851/,[msyy] 新身体,"口交, 皮物, 百合, 3D",msyy,,中文,86,2024-08-15
JM617907,https://18comic.vip/album/617907/,[透明声彩汉化组] [MARUTA Production (MARUTA)] ナデシコヒヨリ2nd episode 1  [DL版],"劇情向, 群交, 校服, 百合",MARUTA,,中文,25,2024-08-16
JM617390,https://18comic.vip/album/617390/,(C104) [千変万化式 (DATE)] 侵入×歪曲 (オリジナル) [DL版],"C104, 束縛, 亂倫, 催眠, 附身, 百合",DATE,,日文,27,2024-08-15
JM616524,https://18comic.vip/album/616524/,(C104) [Imitation Moon (成海優)] 彼岸の華は淫らに咲く (リコリス・リコイル) [DL版],"C104, 劇情向, 阿黑顏, 巨乳, 緊身衣, 墮落, 乳膠衣, 機械姦, 中出, 過膝襪, 百合, 淫纹",成海優,,日文,32,2024-08-14
JM616982,https://18comic.vip/album/616982/,(C104) [チーズ酵母 (なか)] ヒトイヌバイト (オリジナル) [DL版],"C104, 遮眼, 束縛, 項圈, 塞口器, 乳膠衣, 百合",なか,,日文,21,2024-08-14
JM616503,https://18comic.vip/album/616503/,(C104) [即オチ少女 (鏡乃もちこ)] TSきょうだい(3) (オリジナル) [DL版],"C104, 劇情向, 口交, 校服, 百合, 性转",鏡乃もちこ,,日文,44,2024-08-14
JM616282,https://18comic.vip/album/616282/,[柯基个人汉化] [W] ふたなり足フェチの天使と悪魔がエッチする話 2,"肛交, 舔足, 扶他, 怪物女孩, 嗅氣味, 觸手, 百合, 足交, 足",W,,中文,100,2024-08-13
JM616332,https://18comic.vip/album/616332/,[提灯喵汉化组] [館山けーた] リリィズコンプレックス(百合情结) 第2话,"百合, 制服, 巨乳, 眼鏡, 非H",館山けーた,,中文,11,2024-08-14
JM616365,https://18comic.vip/album/616365/,[提灯喵汉化组] [館山けーた]リリィズコンプレックス(百合情结),"百合, 制服, 巨乳, 眼鏡, 海苔",館山けーた,,中文,18,2024-08-14
JM616217,https://18comic.vip/album/616217/,[あむぁいおかし製作所 (堕ちた後大好き侍、笹ノ間にび)] 妹堕ち！あの子が欲しいのは彼氏じゃなくて可愛い妹 [中国翻訳],"校服, 雙馬尾, 百合, 性转换, 性转, 性转Ts, 雌堕","堕ちた後大好き侍, 笹ノ間にび, 耻辱庵",,中文,37,2024-08-13
JM616081,https://18comic.vip/album/616081/,【透明声彩汉化组】[食べ放題 (生肉)]FANBOXまとめ②,百合,"生肉, 食べ放题",,中文,98,2024-08-13
JM616195,https://18comic.vip/album/616195/,(C104) [りーりうむ (アイガ)] 同居人との暑い休日 (白上フブキ、黒上フブキ) [DL版],"C104, 獸耳, 百合",アイガ,,日文,25,2024-08-13
JM615378,https://18comic.vip/album/615378/,[白杨汉化组] (C104) [NNL (メリサン)] 合同ひとりえっちのお時間です！ (ブルーアーカイブ),"C104, 遮眼, 連褲襪, 校服, 性玩具, 百合, 非百合",メリサン,,中文,29,2024-08-12
JM615072,https://18comic.vip/album/615072/,[雷普锅炉汉化组] (C104) [春待氷柱 (名宵)] しあわせのあまやどり,"C104, 束縛, 藥物, 拒絕高潮, 貧乳, 百合",名宵,,中文,32,2024-08-12
JM616075,https://18comic.vip/album/616075/,[Angiris Council漢化组] (刻印の誇り20) [ALSeTRO (ぎゃりん)] 夏天の声色 (ファイアーエムブレム 風花雪月),百合,ぎゃりん,,中文,27,2024-08-13
JM614647,https://18comic.vip/album/614647/,[BLUE氪个人翻译] [弄覧少女 (tat)] 金髪スパイぬるぬるラバー尋問[中国翻訳],"緊身衣, 塞口器, 乳膠衣, 百合, 束缚",tat,,中文,19,2024-08-11
JM614641,https://18comic.vip/album/614641/,（贱兔汉化组）[aldharoku] 莫莫的小故事,"全彩, 百合, 百合个屌, 非百合, 伪娘",aldharoku,,中文,14,2024-08-11
JM614633,https://18comic.vip/album/614633/,[AWE-SOME-RYAN] 欲望飞行 第二季 2,"無修正, 催眠, 連褲襪, 強暴, 睡姦, 過膝襪, 百合, 群交, 3D",AWE-SOME-RYAN,,中文,40,2024-08-11
JM614612,https://18comic.vip/album/614612/,(C104) [NNL (メリサン)] 合同ひとりえっちのお時間です! (ブルーアーカイブ) [DL版],"C104, 遮眼, 連褲襪, 校服, 性玩具, 百合",メリサン,,日文,26,2024-08-11
JM614179,https://18comic.vip/album/614179/,[虹之星汉化组] (僕らのラブライブ! 42) [ちぐはぐメトロノーム (すいと)] 二鼠藤を噛む (ラブライブ! 蓮ノ空女学院スクールアイドルクラブ) [中国翻訳],"校服, 雙馬尾, 百合",すいと,,中文,37,2024-08-10
JM614170,https://18comic.vip/album/614170/,[MirrorWorld (未鏡)] みゃむ様はまつりを舐めたいんだぞ (ワッチャプリマジ!) [中国翻訳],"雙馬尾, 百合",未鏡,,中文,21,2024-08-10
JM613429,https://18comic.vip/album/613429/,[アマイ少女工房 (雨居めいでん)] セクハラOK!女性専用チカン車両～新米OLちゃんレズ堕ち行き～ [中国翻訳],"全彩, 肛交, 辦公女郎, 遮眼, 群交, 肉便器, 性玩具, 潮吹, 百合",雨居めいでん,,中文,22,2024-08-08
JM611604,https://18comic.vip/album/611604/,[沒有漢化] [ささみせせり (ささみりせ)] 風紀乱委員,"百合, 校服",ささみりせ,,中文,16,2024-08-05
JM613004,https://18comic.vip/album/613004/,(C104) [京まじょ! (上村なびあ)] ヨルの誘いは断れない (夜のクラゲは泳げない) [DL版],百合,上村なびあ,,日文,28,2024-08-08
JM612731,https://18comic.vip/album/612731/,(C104) [海を売る家 (祈りキマイラ)] 傍から見たら付き合ってる! (リコリス・リコイル) [DL版],"C104, 非H, 劇情向, 百合, 見本",祈りキマイラ,,日文,30,2024-08-07
JM613908,https://18comic.vip/album/613908/,[Cauli个人汉化] [とんだスフレ] 同級生の♀身体になったオレ [中国翻訳],"手淫, 附身, 校服, 百合",とんだスフレ,,中文,28,2024-08-09
JM610631,https://18comic.vip/album/610631/,[K记翻译] [AthenaFoster] 变身粘女郎1,"劇情向, 無修正, 身體改造, 緊身衣, 束縛, 觸手服, 怪物女孩, 史萊姆娘, 轉化, 丸吞, 百合, 3D",AthenaFoster,,中文,103,2024-08-04
JM610623,https://18comic.vip/album/610623/,(C104) [ぽちたろ] 施術師佐藤の弱点[絶頂リフレ-スピンオフ-] (オリジナル) [DL版],"C104, 百合",ぽちたろ,,日文,22,2024-08-04
JM609916,https://18comic.vip/album/609916/,二人的初次 [透明声彩汉化组] [らいおん小屋 (一ノらい)] ふたりはじめて [中国翻訳] [DL版],"純愛, 百合",一ノらい,,中文,40,2024-08-02
JM610058,https://18comic.vip/album/610058/,(C104) [朝木blog出張所 (朝木貴行)] 女騎士ラーエルと紫煙の約束 (オリジナル) [DL版],"C104, 阿黑顏, 內衣, 過膝襪, 透視, 百合, 非百合",朝木貴行,,日文,29,2024-08-03
JM609207,https://18comic.vip/album/609207/,穿越到提瓦特，因为地脉异常全员变成女同 [逆流茶会] テイワットに転移したら、地脈異常でみんなレズになっちゃった (原神) [中国語] [無修正],"巨乳, 黑絲, 百合, 全彩, 穿越",逆流茶会,,中文,17,2024-08-01
JM608032,https://18comic.vip/album/608032/,(COMIC1☆15) [ルミノシティ (かにビーム)] ルミノシティ23 ご注文は添い寝です。 (ご注文はうさぎですか?),"睡姦, 百合",かにビーム,,中文,26,2024-07-30
JM608679,https://18comic.vip/album/608679/,[OKAWARI] 淫乱で清純 [中国翻訳],"肛交, 口交, 露出, 吊帶襪, 手淫, 護士, 校服, 自慰, 潮吹, 過膝襪, 假陽具, 桌子自慰, 百合, 單行本, 百合控迴避",OKAWARI,,中文,197,2024-07-31
JM610066,https://18comic.vip/album/610066/,无法忍耐的忍者去泡温泉了 (C103) [玉砕島 (38式)] 忍ばぬ忍者は湯に浸かる (ヘブンバーンズレッド) [中国翻訳],"百合, 制服",38式,,中文,56,2024-08-03
JM607680,https://18comic.vip/album/607680/,[バイオチャンプル (有機リンゴ)] 白百合さんはオークを飼う,"巨乳, 處女, 中出, ntr",有機リンゴ,,中文,45,2024-07-30
JM607104,https://18comic.vip/album/607104/,[終牢獄の罪人奴隷さん] 触手虽好，可不要上瘾哦 (原神),"束縛, 連褲襪, 觸手, 雙馬尾, 百合, 全彩",終牢獄の罪人奴隷さん,,中文,13,2024-07-29
JM607096,https://18comic.vip/album/607096/,取向正常的她、被蕾丝人妻给牛走了。 [角都九阳个人汉化] [7メンzippo (かみしまあきら)] ノンケ女、レズビアン人妻にNTRます。,"阿黑顏, 巨乳, 吸奶, 出軌, 顏面騎乘, 熟女, 連褲襪, 潮吹, 過膝襪, 假陽具, 觸手, 百合, 劇情向, 伪百合, 女性向",かみしまあきら,,中文,81,2024-07-29
JM610090,https://18comic.vip/album/610090/,[獅月しんら] 母は牝犬 [DL版],"肛交, 巨乳, 束縛, 項圈, 灌腸, 塞口器, 吊帶襪, 乳汁, 內衣, 女僕, 熟女, 人妻, 中出, 乳環, 護士, 穿刺, 強暴, 校服, 性玩具, 潮吹, 過膝襪, 假陽具, 教師, 雙馬尾, 放尿, 百合, 群交, 亂倫, 單行本, 兽姦",獅月しんら,,日文,155,2024-08-03
JM607049,https://18comic.vip/album/607049/,肆意绽放的是百合之花 [沒有漢化] [チチヅキ] 咲き乱れるは百合の花,"肛交, 露出, 多毛, 亂倫, 侄女, 校服, 潮吹, 百合, 劇情向, 纯爱",チチヅキ,,中文,368,2024-07-29
JM607038,https://18comic.vip/album/607038/,精疲力尽的蝶与香甜的蜂蜜[提黄灯喵汉化组] [にらたま (せきはら、広人)] つかれた蝶とあまい蜂蜜 (鬼滅の刃),百合,"せきはら, 広人",,中文,27,2024-07-29
JM607039,https://18comic.vip/album/607039/,[提黄灯喵汉化组] [えねるぎあ (ぴかち)] 痕-KIZUATO- (リコリス・リコイル),百合,ぴかち,,中文,36,2024-07-29
JM605905,https://18comic.vip/album/605905/,[Kuma] ZZZero-2,"百合, 制服",Kuma,,中文,11,2024-07-27
JM605970,https://18comic.vip/album/605970/,[わたなべわたる] 彼女のエッチ日記,"肛交, 圍裙, 巨乳, 泳裝, 中出, 過膝襪, 百合, 群交, 單行本",わたなべわたる,,日文,168,2024-07-27
JM605904,https://18comic.vip/album/605904/,[皮三豆] 祈求光明的百合 5 + 幕后花絮,,皮三豆,,,571,2024-07-27
JM605264,https://18comic.vip/album/605264/,樋口、理解不同【基德漢化組】(歌姫庭園26) [ヨガ道場] 樋口、解釈違い,百合,ヨガ道場,,中文,40,2024-07-26
JM605278,https://18comic.vip/album/605278/,[未拾] 特殊的委托,"劇情向, 百合, 3D, 時間停止",未拾,,中文,104,2024-07-26
JM606450,https://18comic.vip/album/606450/,[Kuma] ZZZero-1,"百合, 制服, 非H",Kuma,,中文,10,2024-07-28
JM605284,https://18comic.vip/album/605284/,[LILIUM (百合川)] こすちゅーむ☆ほりっく [中国翻訳],"yaoi, 純愛, 肛交, 中出, 男同, 伪娘, 女装",百合川,,中文,28,2024-07-26
JM604668,https://18comic.vip/album/604668/,[紫云清] 克隆优菈后续,"3D, 巨乳, 百合",紫云清,,中文,88,2024-07-25
JM605294,https://18comic.vip/album/605294/,[沒有漢化] [阪本KAFKA] 明日も！ラブホ女子会(COMICグーチョ vol.20),"百合, 雙馬尾, 巨乳, 貧乳",阪本KAFKA,,中文,24,2024-07-26
JM603752,https://18comic.vip/album/603752/,[Shade] 淫欲学院,"百合, 3D",Shade,,中文,1178,2024-07-23
JM604000,https://18comic.vip/album/604000/,[皮三豆]祈求光明的百合4[汉化](完全无修),"項圈, 奴隸, 3D, 無修正",皮三豆,,中文,37,2024-07-23
JM604690,https://18comic.vip/album/604690/,[Niui] 碧蓝与邪恶（中文翻译-无码）,"全彩, 無修正, 百合, 巨乳, 魅魔, 魔法少女にあこがれて",Niui,,中文,16,2024-07-25
JM604081,https://18comic.vip/album/604081/,COMIC BAVEL 2023年6月号 [無修正],"阿黑顏, 肛交, 巨尻, 巨乳, 性勒索, 口交, 辦公女郎, 出軌, 項圈, 角色扮演, 黑肉, 妖精, 露出, 拍攝, 足交, 辣妹, 多毛, 手淫, 後宮, 中出, 夾腿, 內衣, 魔法少女, 女僕, 自慰器, 乳交, 連褲襪, 乳貼, 馬尾, 校服, 性玩具, 潮吹, 過膝襪, 雙馬尾, 蟲洞, 透視, 百合, 群交, 無修正","多作者, 封面诈骗",,中文,450,2024-07-23
JM604666,https://18comic.vip/album/604666/,[紫云清] 分裂药水——珊瑚宫心海,"3D, 百合",紫云清,,中文,31,2024-07-25
JM602089,https://18comic.vip/album/602089/,[女人化研究所 (milda7)] 美百合学園 淫髪の章[中国翻訳],"全彩, 女性化, 眼鏡, 巨乳",milda7,,中文,81,2024-07-20
JM602591,https://18comic.vip/album/602591/,[MANA] アルレッキーノ 2–4 (原神) [中国語] [無修正],"無修正, CG集, 阿黑顏, 肛交, 巨乳, 性勒索, 口交, 束縛, 吸奶, 透視, 項圈, 無口, 拳交, 露出, 飲精, 髮交, 手淫, 連褲襪, 馬尾, 強暴, 性玩具, 奴隸, 胃部突起, 出汗, 尿道插入, 百合, 群交",MANA,,中文,56,2024-07-21
JM602582,https://18comic.vip/album/602582/,[Baiwei] 白味,"百合, 3D",Baiwei,,中文,167,2024-07-21
JM603111,https://18comic.vip/album/603111/,[yadada個漢] [MirrorWorld (未鏡)] 星のconstellation (魔法つかいプリキュア!) ),百合,未鏡,,中文,68,2024-07-22
JM601320,https://18comic.vip/album/601320/,[紅城] Crisis Of Desire 2 (07),"肛交, 巨乳, 手套, 乳膠衣, 催眠, 性玩具, 嗅氣味, 注射器, 百合, 3D, 劇情向",紅城,,中文,120,2024-07-18
JM601705,https://18comic.vip/album/601705/,[乃々木式 (乃々木)] 研究室の実験台ちゃん♥ パブロフの犬調教編♥ [中国翻訳],"巨乳, 百合, 接吻",乃々木,,中文,22,2024-07-19
JM600825,https://18comic.vip/album/600825/,[祝融] 不同寻常的“百合”,"CG集, 巨乳, futa, 扶他, 人妖",祝融,,中文,12,2024-07-17
JM601285,https://18comic.vip/album/601285/,与入世未深的女孩一起看女同AV[日语文学社] [シマテイエン (志真)]箱入り娘とレズAVを見ることになった,"百合, 非h",志真,,中文,33,2024-07-18
JM601312,https://18comic.vip/album/601312/,[紅城] Shadow Lady 2 (04) END,"巨乳, 遮眼, 眼罩, 手套, 乳膠衣, 肌肉, 乳環, 性玩具, 長筒靴, 轉化, 百合, 3D, 劇情向",紅城,,中文,122,2024-07-18
JM600819,https://18comic.vip/album/600819/,[脸肿汉化组] [サイクロン (和泉、冷泉)] よろこべ男子！！裏チア部,"全彩, 啦啦隊, 處女, 中出, 百合, 群交, 非百合, 有码","和泉, 冷泉",,中文,37,2024-07-17
JM600730,https://18comic.vip/album/600730/,[逆流茶会] 穿越到提瓦特，因为地脉异常全员变成女同,"全彩, 巨乳, 百合",逆流茶会,,中文,17,2024-07-17
JM600577,https://18comic.vip/album/600577/,美咲小姐的遗愿清单 [碧蓝档案百合组] (C103) [しおせん (田中汐)] BUCKET LIST WITH M (ブルーアーカイブ) [中国翻訳],"非H, 劇情向, 百合",田中汐,,中文,41,2024-07-16
JM600481,https://18comic.vip/album/600481/,[不咕鸟汉化组] [トラペゾヘドロン(ヒマドール)] 催○部の先輩の声で失神するまでイカされました [中国翻訳],"催眠, 百合",ヒマドール,,中文,31,2024-07-16
JM600736,https://18comic.vip/album/600736/,私の親友 [三崎 (いーないん)] 私の親友,"巨乳, 制服, 百合, 接吻, 性玩具, 纯爱, 双头龙",いーないん,,中文,147,2024-07-17
JM600112,https://18comic.vip/album/600112/,[ぺるそな] エロ本道,"巨乳, 口交, 强暴, 百合, 群交, 單行本",ぺるそな,,中文,176,2024-07-15
JM600089,https://18comic.vip/album/600089/,[超健康屋 (健康診断ちゃん)] 女畜加工プラント 捕らわれたヒーロー・ツインバード加工記録 前編,"綁縛與調教, 乳汁, 百合, 非百合, 快跑！不是百合！, 凌辱百合, 是NTR的百合, 快跑，这不是百合",健康診断ちゃん,,中文,49,2024-07-15
JM600137,https://18comic.vip/album/600137/,[すえつぐ] あなたにメロメロ,"巨乳, 馬尾, 百合, 纯爱",すえつぐ,,中文,26,2024-07-15
JM605730,https://18comic.vip/album/605730/,骚动的小行星 [透明声彩汉化组] [浜が近くて野が遠い (はまちか)] 胸騒ぎの惑星 - kiss me on the planet of puzzle [DL版],"扶他, 校服, 性玩具, 百合",はまちか,,中文,52,2024-07-14
JM599508,https://18comic.vip/album/599508/,[チーズ酵母 (なか)] あこがれを覆って (魔法少女にあこがれて) [中国翻訳] [DL版],"緊身衣, 巨乳, 百合, 接吻",なか,,中文,22,2024-07-14
JM599458,https://18comic.vip/album/599458/,[憑依(はい)る抜け道 (あるべんと、倉塚りこさん)] 乙女ゲームの悪役令嬢に転生した私はバッドエンドになりたくないのでシスターに転職したのに、男に憑依されてしまいましたわ! [中国翻訳],"全彩, 巨乳, 修女, 百合, 非百合, 附身","あるべんと、倉塚りこさん, 仓冢りこ, 仓冢りこさん",,中文,36,2024-07-14
JM598490,https://18comic.vip/album/598490/,[DLmengka] 血缘 1 - 3 + 支线,"劇情向, 巨乳, 緊身衣, 吊帶襪, 連褲襪, 過膝襪, 百合, 3D",DLmengka,,中文,332,2024-07-12
JM599045,https://18comic.vip/album/599045/,[不锈钢脸盆] 没有一名黎博利干员在此套涩图中受到伤害,"過膝襪, 百合, 3D, 猎奇",不锈钢脸盆,,中文,168,2024-07-13
JM597796,https://18comic.vip/album/597796/,[天煌汉化组] [TSF妄想蓄積所 (椎名悠輝)]友人を俺のことが大好きな女の子に改変したらヤンデレ化して俺まで女の子にされた件 [中国翻訳],"全彩, 項圈, 百合, 性转, 非百合",椎名悠輝,,中文,37,2024-07-10
JM597363,https://18comic.vip/album/597363/,双子时间/双胞胎时间 [提灯喵汉化组] [わにわにぱにっく (わにたろー。)] ふたごのじかん (アイドルマスター シャイニーカラーズ) [,"兔女郎, 亂倫, 性玩具, 過膝襪, 雙胞胎, 百合, 全彩",わにたろー。,,中文,29,2024-07-10
JM596950,https://18comic.vip/album/596950/,细雪~与雪女的冬天~ [透明声彩汉化组] [えねるぎあ (ぴかち)] Powder Snow ～雪女との冬～ [中国翻訳] [DL版],"校服, 百合",ぴかち,,中文,10,2024-07-09
JM596949,https://18comic.vip/album/596949/,能量交换 [透明声彩汉化组] [えねるぎあ (ぴかち)] Energy Charge. [中国翻訳] [DL版],"校服, 百合",ぴかち,,中文,19,2024-07-09
JM596453,https://18comic.vip/album/596453/,[被迫夹在百合之间的姬芽汉化] [テツガイ“я” (ブラズィール)] ふるふぃる♡どりーむ 104期みらくらぱーく!ひみつの女子会 (ラブライブ! 蓮ノ空女学院スクールアイドルクラブ),"性玩具, 潮吹, 百合",ブラズィール,,中文,35,2024-07-08
JM596910,https://18comic.vip/album/596910/,觸覺的臨界線 [Mr.FBA] 触覚の臨界点 (BanG Dream! It's MyGO!!!!!) [中国語] [DL版],"非H, 百合",Mr.FBA,,中文,22,2024-07-09
JM596937,https://18comic.vip/album/596937/,年齡差百合情侶 [沒有漢化] [アウェイ田] 年の差百合カップル [中国翻訳],"潮吹, 百合",アウェイ田,,中文,8,2024-07-09
JM596431,https://18comic.vip/album/596431/,[マエシバ/ぼすとく]依然として、熱帯低気圧,"百合, 全彩, 非H",ぼすとく,,中文,18,2024-07-08
JM596427,https://18comic.vip/album/596427/,[SexKomix]I Dare You To (Rick And Morty) - 半机翻,"吸蛋蛋, 巨尻, 巨乳, 口交, 醉酒, 手淫, 內衣, 熟女, 人妻, 多重口交, 口交, 母女丼, 馬尾, 百合, 群交, 亂倫, 全彩",SexKomix,,中文,21,2024-07-08
JM594096,https://18comic.vip/album/594096/,彩純對蕾絲風俗大有興趣！ [伊月クロ] 彩純ちゃんはレズ風俗に興味があります!,"青年漫, 百合, 非h",伊月クロ,,中文,104,2024-07-03
JM595467,https://18comic.vip/album/595467/,[AYUMU.M] 昨日より素敵な笑顔で,"百合, 單行本",AYUMU.M,,日文,175,2024-07-06
JM1173861,https://18comic.vip/album/1173861/,[白杨汉化组] (COMIC1☆24) [村井村] まひろちゃんがあっちの世界でアロナちゃんとえっちする本 (ブルーアーカイブ、お兄ちゃんはおしまい!),"全彩, 貧乳, 百合, 性转, 萝莉, 扶他, 幼女, b站琪亚娜来桶泡面",村井村,,中文,17,2024-07-06
JM594230,https://18comic.vip/album/594230/,[3D] 乱伦中的百合花1,"亂倫, 百合, 3D",N/A,,中文,85,2024-07-04
JM594231,https://18comic.vip/album/594231/,随从的甜蜜休息日 [透明声彩汉化组] [にらたま (せきはら、広人)] 従者の甘い生活 [中国翻訳] [DL版],"制服, 百合",せきはら、広人,,中文,22,2024-07-04
JM594226,https://18comic.vip/album/594226/,私密活动 [透明声彩汉化组] [えねるぎあ (ぴかち)] ひみつのいとなみ [中国翻訳] [DL版],"制服, 百合",ぴかち,,中文,19,2024-07-04
JM593579,https://18comic.vip/album/593579/,[Zarzaparrilla] 大帅与山贼 00-05,"窒息, 束縛, 塞口器, 手套, 枷刑, 性玩具, 虐殺, 過膝襪, 假陽具, 木馬, 百合, 3D",Zarzaparrilla,,中文,169,2024-07-03
JM593616,https://18comic.vip/album/593616/,[全力疾走猫 (まっしぐら)] かほこず手錠BOOK!after (ラブライブ! 蓮ノ空女学院スクールアイドルクラブ) [中国翻訳] [DL版],"百合, 巨乳, 束縛",まっしぐら,,中文,12,2024-07-03
JM593617,https://18comic.vip/album/593617/,[FCT] いたずらハーピーの歌声 (二次元コミックマガジン 異種姦百合えっち Vol. 2) [中国翻訳],"修女, 假陽具, 百合",FCT,,中文,20,2024-07-03
JM594137,https://18comic.vip/album/594137/,那声音让我沉醉 [aoiro_050] その声はあたしに効く (BanG Dream!) [中国翻訳],"制服, 百合, 純愛",aoiro_050,,中文,23,2024-07-04
JM592722,https://18comic.vip/album/592722/,[沒有漢化] [えりんぎの唐揚げ (すとらい)] 雪解雨 (私がモテないのはどう考えてもお前らが悪い!),百合,すとらい,,中文,56,2024-07-01
JM592715,https://18comic.vip/album/592715/,秀色蕾丝 [透明声彩汉化组] (コミティア144) [美術部 (しづきみちる)] 肌色のエスビアン,"百合, 全彩",しづきみちる,,中文,29,2024-07-01
JM593065,https://18comic.vip/album/593065/,[JACK豪猪个人汉化] [焼肉定食] 仲良しの魔法 [中国翻訳],"群交, 百合",焼肉定食,,中文,25,2024-07-02
JM592691,https://18comic.vip/album/592691/,[tentakuru个人汉化] (C100) [おきし団 (おきし)] 永江イく (東方Project),"C100, 手淫, 打屁股, 假陽具, 百合","おきし, おきし团",,中文,27,2024-07-01
JM592675,https://18comic.vip/album/592675/,[Hyoui Lover] College Student Double Possession,"附身, 百合",HyouiLover,,中文,10,2024-07-01
JM589761,https://18comic.vip/album/589761/,[ズンドコ酒場] 触手を育てる女の子の話,"校服, 觸手, 百合",ズンドコ酒場,,中文,30,2024-06-25
JM558341,https://18comic.vip/album/558341/,莉莉絲2,"韓漫, 百合, 完結, 多角關係, 青梅竹馬, 多故事線, 重逢, 校園, 師生, 財閥, 帥氣女, 高冷女主, 精英女主, 溫柔女主, 純情女主, 呆萌女主, 豪門女主, 同居, 女性向, 韩漫 强暴","SIRIUS, BARAM",,中文,4272,2024-02-27
JM588822,https://18comic.vip/album/588822/,（虹之星汉化组） (僕らのラブライブ!42) [Atarayo (くじあ)] secret after (ラブライブ! 蓮ノ空女学院スクールアイドルクラブ),"百合, 巨乳, 贫乳",くじあ,,中文,22,2024-06-23
JM590504,https://18comic.vip/album/590504/,丸子四重奏 (彩虹社报] [すずぽに (すずのもく)] ナルコザカルテット (アリス・ギア・アイギス),"肛交, 束縛, 女性支配, 扶他, 群交, 性玩具, 百合",すずのもく,,中文,24,2024-06-27
JM592038,https://18comic.vip/album/592038/,（K记翻译） [Manaomega] 自动改造间,"全彩, 美漫, 綁縛, 調教, 巨尻, 巨乳, 口交, 身體改造, 束縛, 項圈, 黑肉, 電擊, 女性支配, 超乳, 實驗室外套, 中出, 拒絕高潮, 穿刺, 馬尾, 奴隸, 轉化, 百合, 群交",Manaomega,,中文,19,2024-06-30
JM588819,https://18comic.vip/album/588819/,百合魅魔！2~坠入爱河的淫魔，和人类顺利恋爱!? [茄某人个人汉化] [ユ・リーグ (ゆすり)] 百合deサキュバス!2～恋する淫魔、人間との恋を成就させる!?～[中国翻訳],"劇情向, 女惡魔, 百合, 纯爱",ゆすり,,中文,59,2024-06-23
JM587922,https://18comic.vip/album/587922/,[Kerberus-TSF] 移魂水晶3,"無修正, 阿黑顏, 巨尻, 巨乳, 手淫, 催眠, 中出, 附身, 性玩具, 百合, 換身, 群交, 百合控迴避, 人格排泄",Kerberus-TSF,,中文,12,2024-06-21
JM587865,https://18comic.vip/album/587865/,友情的杂鱼阴蒂强暴 [茄某人个人汉化] [よとぎ] 友情雑魚クリレイプ[中国翻訳],"CG集, 黑肉, 百合, 假小子",よとぎ,,中文,24,2024-06-21
JM587720,https://18comic.vip/album/587720/,[透明声彩汉化组] [美術部 (しづきみちる)] ユーフォビアンの響き Octet (響け! ユーフォニアム),"校服, 百合",しづきみちる,,中文,42,2024-06-20
JM588372,https://18comic.vip/album/588372/,[NMDLHT] 看不起代理大叔老师，结果反被其巨根操翻的百合园圣娅,"劇情向, 3D, NTR",NMDLHT,,中文,31,2024-06-23
JM587353,https://18comic.vip/album/587353/,[ジャム王国 (ジャム王子)] 聖アルルナ女学院 黄金の百合十字クラブ,"肛交, 口交, 糞便, 灌腸, 扶他, 眼鏡, 群交, 西瓜肚, 乳汁, 喝尿, 排泄, 放尿, 百合, 小說",ジャム王子,,中文,81,2024-06-19
JM588268,https://18comic.vip/album/588268/,[script7810汉化] [人間無骨、くうねりん] 緋百合の絆 不良お姉さんと吸血少女たち 第1話,"巨乳, 純愛, 小说, 百合","人間無骨, くうねりん",,中文,58,2024-06-22
JM586873,https://18comic.vip/album/586873/,糖分100% [猫岛汉化组] (僕らのラブライブ! 42) [いーといん (イト)] 糖分100% (ラブライブ!虹ヶ咲学園スクールアイドル同好会),"非H, 百合, 纯爱",イト,,中文,22,2024-06-18
JM586545,https://18comic.vip/album/586545/,[猫岛汉化组] (僕らのラブライブ! 42) [virophilia (織日ちひろ)] inno(s)cent (ラブライブ! 蓮ノ空女学院スクールアイドルクラブ),百合,織日ちひろ,,中文,21,2024-06-17
JM586496,https://18comic.vip/album/586496/,[奢侈的彩凤个人汉化] [Kinkymation]“超”兔子的圣诞节丨A Very Bunny Christmas,"兔女郎, 聖誕裝, 女性支配, 性玩具, 過膝襪, 透視, 百合, 全彩, 無修正, 动图",Kinkymation,,中文,33,2024-06-17
JM586475,https://18comic.vip/album/586475/,噩梦乐园[Om♂] [にらたま (せきはら、広人)] 楽園の悪夢,百合,"せきはら, 広人",,中文,106,2024-06-17
JM586474,https://18comic.vip/album/586474/,[腦迴迷走(糯米Lelioz)]個室，單間(転生王女と天才令嬢の魔法革命),"百合, 纯爱",糯米Lelioz,,中文,56,2024-06-17
JM586468,https://18comic.vip/album/586468/,巨乳美眉和貧乳小妹祕密的BODY☆CHANGE！ 01 (C90)[peachpulsar(みら)]巨乳と貧乳が入れ替わる 01,"C90, 巨乳, 換身, 百合",みら,,中文,39,2024-06-17
JM586466,https://18comic.vip/album/586466/,OL與貓咪的同居生活 1 [嵩乃朔] OLさんと猫のはなし 1,"百合, 貓女",嵩乃朔,,中文,148,2024-06-17
JM586465,https://18comic.vip/album/586465/,[汐芸] 圣灵传 01-04,"手淫, 寄生, 附身, 百合, 3D",汐芸,,中文,229,2024-06-17
JM586461,https://18comic.vip/album/586461/,[FateOrderLess] 附身千束 城堡舞会篇-换装play篇-番外附身泷奈 [AI Generated],"手淫, 附身, 百合, AI繪圖, 并非百合",FateOrderLess,,中文,146,2024-06-17
JM534985,https://18comic.vip/album/534985/,澀澀熵增！~JK巫女的愛之課程~,"青年漫, 百合, 歡樂向, 奇幻, 巫女","青橋由高, ぜろのりく",,中文,85,2024-01-26
JM585325,https://18comic.vip/album/585325/,[西西里猪排] 女反派香消玉殒 03,"窒息, 口交, 兔女郎, 藥物, 手淫, 中出, 性玩具, 虐殺, 潮吹, 過膝襪, 放尿, 百合, 3D",西西里猪排,,中文,159,2024-06-16
JM584032,https://18comic.vip/album/584032/,[HK Comm] 奈奈与熏：馆的试炼 其二,"綁縛與調教, 緊身衣, 束縛, 項圈, 電擊, 女性支配, 塞口器, 乳膠衣, 戴面具, 強暴, 性玩具, 長筒靴, 鞭打, 木馬, 百合","HK, Comm",,中文,27,2024-06-14
JM585320,https://18comic.vip/album/585320/,我们只能在秘封俱乐部做的事 无重力色色篇 [透明声彩汉化组] (例大祭21) [ムゲンダイ (フメイ)] 秘封倶楽部にしかできないこと 無重力えっち編 (東方Project) [中国翻訳],"百合, 巨乳",フメイ,,中文,36,2024-06-16
JM584030,https://18comic.vip/album/584030/,[HK Comm] 奈奈与熏：馆的试炼 其一,"綁縛與調教, 緊身衣, 束縛, 女性支配, 漁網襪, 塞口器, 手套, 乳膠衣, 黑肉, 長筒靴, 百合, 假小子","HK, Comm",,中文,27,2024-06-14
JM583818,https://18comic.vip/album/583818/,零距離的雪之戀 [透明声彩汉化组] (C93) [えねるぎあ (ぴかち)] 0距離スノーラブ,"C93, 非H, 百合",ぴかち,,中文,19,2024-06-13
JM583981,https://18comic.vip/album/583981/,（机翻自用）[ジャンクアイランド (RYU)] トップレスクラブ,"巨乳, 百合",RYU,,中文,29,2024-06-14
JM583817,https://18comic.vip/album/583817/,第一次的露出遊戲!最喜歡百合色色的親密女大學生 [鈽鐳鉻銻] [三毛猫飯店 (阪本KAFKA)] はじめての露出ごっこ!レズセ大好き仲良し女子大生,"露出, 短褲, 性玩具, 潮吹, 雙馬尾, 百合",阪本KAFKA,,中文,35,2024-06-13
JM583813,https://18comic.vip/album/583813/,要达到这层关系吗? 透明声彩汉化组] [Black lacquer (黒漆)] そこまでやります? (栗駒こまる、春雨麗女),"緊身衣, 束縛, 乳膠衣, 百合",黒漆,,中文,32,2024-06-13
JM583259,https://18comic.vip/album/583259/,[ズズズ (神谷ズズ)] 朝おきたら女の子になった『陰キャの僕』がギャルになるまで,"校服, 百合, 性转, ntr",神谷ズズ,,中文,54,2024-06-13
JM583225,https://18comic.vip/album/583225/,妈妈堕落了 [momo个人汉化] [世羅吉。] 母親堕とし (COMIC クリベロン DUMA 2024年4月号 Vol.59),"綁縛與調教, 大乳暈, 巨乳, 大乳頭, 性勒索, 項圈, 電擊, 遮眼, 拳交, 超乳, 熟女, 人妻, 性玩具, 潮吹, 百合",世羅吉。,,中文,21,2024-06-13
JM583224,https://18comic.vip/album/583224/,妈妈堕落了2 [momo个人汉化] [世羅吉。] 母親堕とし2 (COMIC クリベロン DUMA 2024年5月号 Vol.60),"阿黑顏, 綁縛與調教, 大乳暈, 巨乳, 大乳頭, 露出, 遮眼, 漁網襪, 多毛, 超乳, 戴面具, 手淫, 熟女, 人妻, 性玩具, 內窺器, 潮吹, 百合",世羅吉。,,中文,21,2024-06-13
JM582133,https://18comic.vip/album/582133/,[种植园汉化] [Poopy] 西野花 星云天空 被神秘犯罪团伙绑架并注射媚药后认真做爱 [Chinese],"全彩, 藥物, 百合, CG",cafe,,中文,17,2024-06-11
JM582588,https://18comic.vip/album/582588/,[Dekouki个人翻译] [あさぎ龍] おへその下が、あついんだ,"熟女, 巨乳, 貧乳, 百合, 單行本",あさぎ龍,,中文,205,2024-06-11
JM582111,https://18comic.vip/album/582111/,被对方的香气所吸引的千束泷奈的故事 [猫岛汉化组] (C102) [めきめき亭 (めきめき)] お互いの香りに誘われるちさたきの話 (リコリス・リコイル) [中国翻訳],"非H, 百合",めきめき,,中文,28,2024-06-11
JM582110,https://18comic.vip/album/582110/,予香雪兰一吻 [猫岛汉化组] [よこさん☆会 (あーにぇ)] フリージアにキスをひとつ (少女☆歌劇レヴュースタァライト) [中国翻訳],"非H, 百合, 眼鏡",あーにぇ,,中文,26,2024-06-11
JM582108,https://18comic.vip/album/582108/,[猫岛汉化组] (CIRCLE Space Meeting 7th) [いしやきいも (いしだ)] ウザくないもん!! (BanG Dream!) [中国翻訳],"百合, 手交",いしだ,,中文,32,2024-06-11
JM582120,https://18comic.vip/album/582120/,梢与花帆的初夜 [不夜天汉化] (C103) [モレリークス (モレ)] 梢と花帆の初夜 (ラブライブ! 蓮ノ空女学院スクールアイドルクラブ) [中国翻訳],"純愛, 百合",モレ,,中文,31,2024-06-11
JM582106,https://18comic.vip/album/582106/,[猫岛汉化组] (BanG Dreamer's Party! 4th STAGE) [コロナ314 (はなぶささとし)] Similar Popに幸福を (BanG Dream!) [中国翻訳],"非H, 百合",はなぶささとし,,中文,22,2024-06-11
JM583039,https://18comic.vip/album/583039/,[阿门个人汉化] (成年コミック) [えむあ] 2×1 ～高女性率社会では妻同士のナカが良すぎて問題になってます～,"巨乳, 口交, 眼鏡, 手套, 後宮, 中出, 內衣, 熟女, 多重口交, 口交, 連褲襪, 喝尿, 馬尾, 校服, 性玩具, 女乘務員, 假陽具, 出汗, 雙馬尾, 放尿, 百合, 群交, 劇情向, 單行本, 纯爱",えむあ,,中文,207,2024-06-12
JM581544,https://18comic.vip/album/581544/,[甘泉少女 (能都くるみ)] 憧れた先生が人外女性だった上に襲われドロドロレズ堕ち交尾した結果孕まされました...  [中国翻訳] [DL版],"制服, 百合, 人外",能都くるみ,,中文,28,2024-06-10
JM580911,https://18comic.vip/album/580911/,[天竺浪人] 姫ごよみ,"肛交, 圍裙, 口交, 辦公女郎, 項圈, 黑肉, 露出, 拍攝, 拳交, 扶他, 眼鏡, 群交, 手淫, 後宮, 和服, 熟女, 中出, 護士, 連褲襪, 學校泳裝, 條紋胖次, 貧乳, 打屁股, 潮吹, 放尿, 寡婦, 百合, 單行本",天竺浪人,,日文,229,2024-06-08
JM580360,https://18comic.vip/album/580360/,[鈴の丘 (ほまれ)] 鈴の滴12 [中国翻訳][DL版],"全彩, 劇情向, 喝尿, 學校泳裝, 放尿, 百合",ほまれ,,中文,16,2024-06-07
JM579794,https://18comic.vip/album/579794/,[Dekouki个人翻译] [あさぎ龍] 乙女咲く。[中国翻訳],"手淫, 百合",あさぎ龍,,中文,199,2024-06-06
JM582107,https://18comic.vip/album/582107/,我可以再给你一件礼物吗 [猫岛汉化组] (BanG Dreamer's Party! 8th STAGE) [ぽぽケット (ポネクサン)] もうひとつプレゼントしてもいいかな (BanG Dream!),"非H, 百合",ポネクサン,,中文,26,2024-06-11
JM579777,https://18comic.vip/album/579777/,[DukeofSargoth] 贝洛伯格博物馆失窃案,"手淫, 皮物, 百合, 3D, 非百合",DukeofSargoth,,中文,29,2024-06-06
JM579705,https://18comic.vip/album/579705/,[不夜天汉化] [鰓子9でん (鰓子9)] AF (ラブライブ! 蓮ノ空女学院スクールアイドルクラブ) [DL版],"制服, 純愛, 百合",鰓子9,,中文,43,2024-06-06
JM579632,https://18comic.vip/album/579632/,[Stop] salesperson battle 04-05(End),"貓貓, 性玩具, 百合, 3D",Stop,,中文,63,2024-06-05
JM578879,https://18comic.vip/album/578879/,百合自缚行4,3D,N/A,,中文,33,2024-06-04
JM579217,https://18comic.vip/album/579217/,瑞希和绘名的日常,"非H, 百合",近衛,,中文,20,2024-06-04
JM579327,https://18comic.vip/album/579327/,[みそボーロ堂] ド変態姉妹のスカトロプレイ [中国翻訳],"CG集, 阿黑顏, 糞便, 亂倫, 鼻鉤, 排泄, 嗅氣味, 百合, 超级重口, 食粪",みそボーロ堂,,中文,118,2024-06-05
JM578878,https://18comic.vip/album/578878/,百合自缚行3,3D,N/A,,中文,33,2024-06-04
JM579094,https://18comic.vip/album/579094/,[Olena Minko] Azula's Secret Pre-Fight Ritual 2 (The Last Airbender),"假陽具, 百合, 全彩, 劇情向, 降世神通",OlenaMinko,,中文,12,2024-06-04
JM578877,https://18comic.vip/album/578877/,百合自缚行2,3D,N/A,,中文,34,2024-06-04
JM578245,https://18comic.vip/album/578245/,[Kinohara] 原傻,"巨乳, 出汗, 百合, 全彩, 非h, op, 符合人设, 智熄, 唐氏",Kinohara,,中文,53,2024-06-02
JM578517,https://18comic.vip/album/578517/,[わにわにぱにっく (わにたろー。)] ふたごのじかん (アイドルマスター シャイニーカラーズ),"肛交, 兔女郎, 亂倫, 乳貼, 性玩具, 過膝襪, 雙胞胎, 雙馬尾, 百合, 全彩, 肛塞, 姐妹",わにたろー。,,中文,35,2024-06-03
JM578876,https://18comic.vip/album/578876/,百合自缚行1,3D,N/A,,中文,48,2024-06-04
JM577797,https://18comic.vip/album/577797/,[RoundsChen] 百合エネルギーDLC,"CG集, 肛交, 遮眼, 束縛, 塞口器, 機械姦, 乳環, 連褲襪, 性玩具, 過膝襪",RoundsChen,,中文,10,2024-06-01
JM577957,https://18comic.vip/album/577957/,[僞鳳個人漢化] [Marialite (桃虫花草)] 女子校生潜入ルポ2 ～犯罪者が女の子に憑依してみた～,"巨乳, 手淫, 催眠, 附身, 校服, 泳裝, 教師, 百合, 性转, 强暴",桃虫花草,,中文,37,2024-06-02
JM577787,https://18comic.vip/album/577787/,[BLUE氪个人翻译] [LVI] 黒波さん妄想する[中国翻訳],"全彩, 束縛, 項圈, 眼罩, 眼鏡, 性玩具, 假小子, 尿道插入, 百合",LVI,,中文,19,2024-06-01
JM577444,https://18comic.vip/album/577444/,[倒在麦田吧汉化] (C84) [Smokin' Sick Style (六文銭カコ)] 時空の狭間のほむらさん (魔法少女まどか☆マギカ) [中国翻訳],"雙馬尾, 百合",六文銭カコ,,中文,17,2024-05-31
JM578093,https://18comic.vip/album/578093/,[TS魅魔A梦便宜机翻] [裏通りの抜け道 (ヌケミチ)] ナリカエ♂♀ナリカ2 男子校でサキュバス生活してたら先輩サキュバスとレズプレイすることになった件,"劇情向, CG集, 阿黑顏, 墮落, 黑肉, 女惡魔, 第一人稱, 校服, 過膝襪, 雙馬尾, 百合, 群交",ヌケミチ,,中文,102,2024-06-02
JM577443,https://18comic.vip/album/577443/,[倒在麦田吧汉化] (C82) [夢のニワトリ小屋 (さばのにわとり)] れいなおがムラムラス～ル!? (スマイルプリキュア!) [中国翻訳],"魔法少女, 校服, 百合",さばのにわとり,,中文,31,2024-05-31
JM577450,https://18comic.vip/album/577450/,[ホーム] 好奇心,"巨乳, 百合",ホーム,,中文,10,2024-05-31
JM577452,https://18comic.vip/album/577452/,[倒在麦田吧汉化] [Forest Village (あゆっこ)] ともだちなのに、おいしそう。 (魔法少女まどか☆マギカ) [中国翻訳],"獸耳, 貧乳, 百合",あゆっこ,,中文,14,2024-05-31
JM577437,https://18comic.vip/album/577437/,[倒在麦田吧汉化] (C80) [ももきゅー (しらたま)] びねつキス (魔法少女まどか☆マギカ) [中国翻訳],"眼鏡, 百合, 魔法少女小圆",しらたま,,中文,26,2024-05-31
JM577430,https://18comic.vip/album/577430/,[倒在麦田吧汉化] (SUPER20) [RIRIADOLL (武若丸)] 貴女が魔法少女になると言うので… (魔法少女まどか☆マギカ) [中国翻訳],"雙馬尾, 百合",武若丸,,中文,11,2024-05-31
JM577426,https://18comic.vip/album/577426/,[倒在麦田吧汉化] (C82) [Smokin' Sick Style (六文銭カコ)] and I'm home. (魔法少女まどか☆マギカ) [中国翻訳],"雙馬尾, 百合",六文銭カコ,,中文,30,2024-05-31
JM577436,https://18comic.vip/album/577436/,[倒在麦田吧汉化] (C87) [スーパー銭湯、ザ借家 (ふくたろう、桶)] オトナのりつみお 叛逆篇 (けいおん!) [中国翻訳],"校服, 百合",ふくたろう、桶,,中文,47,2024-05-31
JM577424,https://18comic.vip/album/577424/,[倒在麦田吧汉化] (C82) [キャンドゥーなう! (見習い雑兵)] わたしがいなければ (スマイルプリキュア!) [中国翻訳],百合,見習い雑兵,,中文,23,2024-05-31
JM576816,https://18comic.vip/album/576816/,[倒在麦田吧汉化] (C86) [にらたま (せきはら、広人)] たんぽぽリバーシ (ラブライブ!) [中国翻訳],"貧乳, 百合",せきはら、広人,,中文,39,2024-05-30
JM577375,https://18comic.vip/album/577375/,[倒在麦田吧汉化] (C83) [チェリームーン (圭島瞬里)] ときめきのプレリュード (スイートプリキュア♪) [中国翻訳],"制服, 巨乳, 百合",圭島瞬里,,中文,35,2024-05-31
JM576815,https://18comic.vip/album/576815/,我喜歡你! 2 [倒在麦田吧汉化] (C81) [ひとまろん (せとうちすま子)] だいすきだよっ!2 (魔法少女まどか☆マギカ) [中国翻訳],"劇情向, 百合",せとうちすま子,,中文,26,2024-05-30
JM576817,https://18comic.vip/album/576817/,[倒在麦田吧汉化] (C81) [AERODOG (inu)] Lascivious dreams (アイドルマスター) [中国翻訳],"眼鏡, 性玩具, 百合",inu,,中文,27,2024-05-30
JM576819,https://18comic.vip/album/576819/,[倒在麦田吧汉化] (C72) [残留詩然 (永深ゆう)] SisterS (魔法少女リリカルなのは) [中国翻訳],"制服, 百合",永深ゆう,,中文,19,2024-05-30
JM576715,https://18comic.vip/album/576715/,[不咕鸟汉化组] [白の葉 (シロハ)] 退魔師アイナ&レイカ〜妖魔憑依〜,"巨乳, 百合, 長髮",シロハ,,中文,17,2024-05-30
JM576818,https://18comic.vip/album/576818/,我喜歡你! 5 [倒在麦田吧汉化] (C83) [ひとまろん (せとうちすま子)] だいすきだよっ!5 (魔法少女まどか☆マギカ) [中国翻訳],"劇情向, 百合",せとうちすま子,,中文,26,2024-05-30
JM576677,https://18comic.vip/album/576677/,"[倒在麦田吧汉化] (もう何も恐くない13) [きのこども (きのこ, H')] Delete (魔法少女まどか☆マギカ) [中国翻訳]","長髮, 制服, 百合","きのこ,, H'",,中文,35,2024-05-29
JM576521,https://18comic.vip/album/576521/,[胸垫汉化组] [ぱいとろぽんぷ (瑞海BB)] ShinyMoon×WhiteLily 5 (ポケットモンスター サン・ムーン) [DL版] [中国翻訳],"劇情向, 馬尾, 百合",瑞海BB,,中文,39,2024-05-29
JM576676,https://18comic.vip/album/576676/,[倒在麦田吧汉化] [じゃがバター (おいも)] My Prince2 (魔法少女リリカルなのは) [中国翻訳],"制服, 巨乳, 百合",おいも,,中文,23,2024-05-29
JM575795,https://18comic.vip/album/575795/,只要一下下！变态留依酱大暴走 [刹个人汉化] [peachpulsar(みら)] ちょっとだけ！変態ルイちゃん大暴走 [中国翻訳],"校服, 百合",みら,,中文,60,2024-05-27
JM576674,https://18comic.vip/album/576674/,[倒在麦田吧汉化] (C80) [しんぷるくらす (しのづき巧)] リコと姫様 (DOG DAYS) [中国翻訳],"貧乳, 獸耳, 百合",しのづき巧,,中文,27,2024-05-29
JM576672,https://18comic.vip/album/576672/,[倒在麦田吧汉化] (C83) [NICOLAI (オリコ)] Cinderella Girls Love 3 (アイドルマスター シンデレラガールズ) [中国翻訳],"制服, 百合, 純愛",オリコ,,中文,26,2024-05-29
JM575790,https://18comic.vip/album/575790/,背德之终曲 [peachpulsar (みら)] 背徳のフィナーレ 前篇+後篇,"百合, 劇情向",みら,,中文,196,2024-05-27
JM575182,https://18comic.vip/album/575182/,[Stop] GF VS EX GF 01-11(END),"口交, 束縛, 貓貓, 露出, 塞口器, 性玩具, 過膝襪, 百合, 3D",Stop,,中文,676,2024-05-26
JM575181,https://18comic.vip/album/575181/,[Stop] salesperson battle 01-03,"貓貓, 百合, 3D",Stop,,中文,190,2024-05-26
JM575458,https://18comic.vip/album/575458/,[透明声彩汉化组] [京まじょ! (上村なびあ)] 友情と恋慕の境界 (ぼっち・ざ・ろっく!) [DL版] [ページ欠落],"制服, 百合",上村なびあ,,中文,23,2024-05-27
JM576383,https://18comic.vip/album/576383/,[倒在麦田吧汉化] (C83) [シャングリラ (コドウ)] メイドごっこ (魔法少女まどか☆マギカ) [中国翻訳],"女僕, 性玩具, 過膝襪, 百合",コドウ,,中文,29,2024-05-29
JM575155,https://18comic.vip/album/575155/,[阿门个人汉化] (同人誌) [Xration (mil)] クリスマス (水星の魔女) その後 (機動戦士ガンダム 水星の魔女),"巨乳, 口交, 黑肉, 處女, 拍攝, 中出, 催眠, 乳交, 強暴, 睡姦, 出汗, 透視, 百合, 全彩, 百合破坏",mil,,中文,22,2024-05-26
JM575168,https://18comic.vip/album/575168/,[DDDDDDD] 潜凤谍影：宿命之战 01-06（完）,"肛交, 口交, 束縛, 貓貓, 藥物, 舔足, 扶他, 連褲襪, 性玩具, 潮吹, 假陽具, 百合, 3D",DDDDDDD,,中文,946,2024-05-26
JM575180,https://18comic.vip/album/575180/,[Stop] wife vs girlfriend 01-03,"貓貓, 性玩具, 過膝襪, 百合, 3D",Stop,,中文,164,2024-05-26
JM575183,https://18comic.vip/album/575183/,[无悔] 霓虹狂花 第6季 01-11,"巨乳, 貓貓, 百合, 3D, 劇情向",无悔,,中文,841,2024-05-26
JM574389,https://18comic.vip/album/574389/,皇家客房服务 [水猫汉化] [Fuf] Royal Room Service,"全彩, 阿黑顏, 女僕, 百合, 毛绒绒",Fuf,,中文,5,2024-05-24
JM574283,https://18comic.vip/album/574283/,[透明声彩汉化组] (C103) [ストラトスフィア (ウルツ)] 触侵 (アサルトリリィ),"巨乳, 百合, 長髮, 制服, 純愛",ウルツ,,中文,20,2024-05-24
JM574299,https://18comic.vip/album/574299/,與沉眠的她 [沒有漢化](C103) [まんまん屋 (チチヅキ)] 昏々と眠る貴女と  (Fate／Samurai Remnant),"貧乳, 百合, 長髮",チチヅキ,,中文,27,2024-05-24
JM573975,https://18comic.vip/album/573975/,[雨／あめ]BE MINE! GUITAR HERO(ぼっち・ざ・ろっく!),"純愛, 百合",雨／あめ,,中文,38,2024-05-23
JM576386,https://18comic.vip/album/576386/,[倒在麦田吧汉化] (C79) [434 Not Found (isya)] 4ever Yours (ハートキャッチプリキュア) [中国翻訳],"束縛, 百合",isya,,中文,27,2024-05-29
JM573318,https://18comic.vip/album/573318/,[花の涙] 魔法少女启蒙篇 花の魔法使 01-04,"百合, 3D",花の涙,,中文,139,2024-05-22
JM573494,https://18comic.vip/album/573494/,[蜜姫モカ] おとなバブちゃんの育てなおし性書 + デジタル特装版特典 [DL版],"巨乳, 尿布, 女性支配, 眼鏡, 女僕, 假陽具, 百合, 劇情向, 單行本",蜜姫モカ,,日文,289,2024-05-22
JM573244,https://18comic.vip/album/573244/,[縁側神話 (Hiramedousa)] 身長差同性カップル｜身高差距超大的同性情侶 [沒有漢化] [DL版],"長髮, 制服, 百合",Hiramedousa,,中文,40,2024-05-22
JM572859,https://18comic.vip/album/572859/,[鹿铃] 可莉与纳西妲520特别篇（Genshin impact）,"全彩, 貧乳, 中出, 百合, 3D",鹿铃,,中文,18,2024-05-21
JM573033,https://18comic.vip/album/573033/,"[Cauli个人汉化] [毛太郎, 村山門] えっちれい～ヤリたい放題イキ放題～ 1.5 【フルカラー】[中国翻訳]","全彩, 巨乳, 短褲, 吊帶襪, 幽靈, 眼鏡, 手淫, 附身, 校服, 過膝襪, 泳裝, 教師, 雙馬尾, 百合, 群交, 亂倫","毛太郎,, 村山門",,中文,61,2024-05-21
JM572176,https://18comic.vip/album/572176/,[I'm moralist(柳原ミツキ、犬侍、ササマシン)]マゾネコ×魔法少女 ～悪の魔法少女が、正義の魔法少女に徹底調教されちゃうマンガ～,"阿黑顏, 貓女, 項圈, 女性支配, 魔法少女, 奴隸, 打屁股, 潮吹, 雙馬尾, 百合, 劇情向","柳原ミツキ, 犬侍, ササマシン",,中文,26,2024-05-19
JM572370,https://18comic.vip/album/572370/,[ZUOJISAN] シェアハウス～3P百合えっち～,"群交, 百合",ZUOJISAN,,中文,62,2024-05-19
JM572172,https://18comic.vip/album/572172/,[3D] 公公的性处理器 + 練手,"巨乳, 遮眼, 束縛, 黑乳頭, 連褲襪, 馬尾, 懷孕, 性玩具, 過膝襪, 觸手, 百合, 亂倫, 3D, 無修正, 公媳",N/A,,中文,152,2024-05-19
JM572168,https://18comic.vip/album/572168/,[鈽鐳鉻銻] [桜ゆう] 触手少女拾いました。,"遮眼, 校服, 潮吹, 觸手, 百合",桜ゆう,,中文,31,2024-05-19
JM572037,https://18comic.vip/album/572037/,前輩…我明明沒有被催眠…但是前輩都這麼說了…那就進行百合性愛吧♡[沒有漢化][アウェイ田]先輩…私催眠かかってないんですけど…でも先輩がそこまで言うなら…百合セックスしますね [中国翻訳],"眼鏡, 實驗室外套, 催眠, 校服, 潮吹, 百合",アウェイ田,,中文,46,2024-05-18
JM571456,https://18comic.vip/album/571456/,"[えあと工房(えあとかいり)]ノーノとセシアがえっちする本。(ガンダムシリーズ,EXVSMBON)","巨乳, 百合, 禁漫書庫",えあとかいり,,中文,26,2024-05-16
JM571447,https://18comic.vip/album/571447/,少女如綻放的百合墜入愛河 [MARUTA]少女は色づく百合に恋をする,"百合, 單行本",MARUTA,,中文,233,2024-05-16
JM570718,https://18comic.vip/album/570718/,[奢侈的彩凤个人汉化] [でゅう] ウチの子がえっちな敵と戦って敗北する話 ～vsエブリン～ (オリジナル) [中国翻訳],"全彩, 劇情向, 百合, 肛交, 出產, 束縛, 調教, 獸交, 巨乳, 墮落, 黑肉, 女性支配, 魔法少女, 懷孕, 強暴, 肛交, 昆虫",でゅう,,中文,49,2024-05-13
JM570809,https://18comic.vip/album/570809/,秀色蕾丝2 - 美好魔法故事 百合翩翩系列 [透明声彩汉化组] (COMIC1☆24) [美術部 (しづきみちる)] 肌色のエスビアンII [中国翻訳],"全彩, 巨乳, 百合",しづきみちる,,中文,31,2024-05-14
JM571089,https://18comic.vip/album/571089/,[禁漫漢化組](Comic1☆24)[えんどれすぱすた(元宵)]ご都合ロッカーでヘルタと××(崩壊スターレイル),"百合, 未上車, 禁漫書庫, 人偶",元宵,,中文,23,2024-05-15
JM570834,https://18comic.vip/album/570834/,[今日漢化] [憑依ラヴァー (Duokuma)] そのカラダ、憑いた魂勝ち [中国翻訳],"巨乳, 角色扮演, 手淫, 附身, 百合",Duokuma,,中文,57,2024-05-14
JM570300,https://18comic.vip/album/570300/,[沒有漢化] (C103) [まんまん屋 (チチヅキ)] 緊急任務 (Fate/Grand Order),"C103, 巨乳, 怪物女孩, 鬼族, 百合",チチヅキ,,中文,39,2024-05-12
JM570193,https://18comic.vip/album/570193/,堕天使们的秘密午后 [茄某人个人汉化] [Digital] [糖分過多 (あましょく)] 堕天使たちの秘蜜な午後 (邪神ちゃんドロップキック),百合,あましょく,,中文,28,2024-05-11
JM571443,https://18comic.vip/album/571443/,[かわぶた]AFTER SHOWER(リコリス・リコイル),百合,かわぶた,,中文,17,2024-05-16
JM569552,https://18comic.vip/album/569552/,大小姐不想夹在百合女仆中间! [透明声彩汉化组](C101) [ぐつとま (タチ)] お嬢様は百合メイドに挟まりたくない!,"百合, 女僕, 純愛",タチ,,中文,42,2024-05-10
JM570054,https://18comic.vip/album/570054/,[或冬或秋] [桜ゆう] 「先輩」と「私」,"校服, 雙馬尾, 百合",桜ゆう,,中文,62,2024-05-11
JM570006,https://18comic.vip/album/570006/,[peachpulsar (みら)] 夢色のレプリカ【中】愛欲の幻影 [DL版],"百合, 巨乳, 女僕",みら,,日文,133,2024-05-11
JM569366,https://18comic.vip/album/569366/,放学后的内〇姐妹茶会 (Blue Archive) [下江小春汉化组] [おほしさま堂 (GEKO)] 放課後なか〇しティーパーティー -秘密のハーレム♡乱交パーティー- (ブルーアーカイブ) [中国翻訳] [DL版],"巨乳, 處女, 後宮, 中出, 連褲襪, 透視, 群交, 百合控迴避, 猎豚人大胜利, 人外娘",GEKO,,中文,25,2024-05-09
JM569328,https://18comic.vip/album/569328/,普莉兹姆利巴醉酒记 [茄某人个人汉化] [運命のイカスミ (春雨)] PrismLiquor Abuse (東方Project) [中国翻訳] [DL版],"醉酒, 群交, 亂倫, 百合",春雨,,中文,27,2024-05-09
JM569504,https://18comic.vip/album/569504/,[不咕鸟汉化组] [岡すんどめ] 比翼鳥 [中国翻訳],"巨乳, 百合, 純愛, 我tm到底看了什么鬼",岡すんどめ,,中文,16,2024-05-09
JM569327,https://18comic.vip/album/569327/,百合魅魔第一章 身为淫魔的我居然喜欢上了人类的女性!~ [茄某人个人汉化] [ユ・リーグ (ゆすり)] 百合deサキュバス! vol.1 ～淫魔のあたしが人間の女に恋だなんて!～ [中国翻訳],"巨乳, 女惡魔, 百合",ゆすり,,中文,49,2024-05-09
JM569096,https://18comic.vip/album/569096/,[奢侈的彩凤个人汉化] (同人誌) [あわみく屋] 淫魔たわけ2 (オリジナル),"全彩, 劇情向, 巨乳, 黑肉, 女惡魔, 眼鏡, 怪物女孩, 手淫, 乳貼, 過膝襪, 百合",あわみく屋,,中文,37,2024-05-07
JM569090,https://18comic.vip/album/569090/,[黄记汉化组] (C103) [とんぶり (ほうき)] ゆりした (アイドルマスター ミリオンライブ!)[中国翻訳],"群交, 百合",ほうき,,中文,23,2024-05-07
JM568473,https://18comic.vip/album/568473/,[超健康屋 (健康診断ちゃん)] 主の御心のままに2 (ブルーアーカイブ) [白杨汉化组] [DL版],"劇情向, 束縛, 藥物, 修女, 強暴, 百合","健康诊断ちゃん, 超健康屋",,中文,37,2024-05-06
JM568767,https://18comic.vip/album/568767/,[アウェイ田] いいんちょのくせに百合セックスちょーうまくてまじむかつく｜明明是班長卻超擅長做愛超讓人火大♡ [沒有漢化],"巨乳, 阿黑顏, 制服, 百合",アウェイ田,,中文,41,2024-05-07
JM568773,https://18comic.vip/album/568773/,[憑依(はい)る抜け道 (倉塚りこ)] 地縛霊の同級生に乗っ取られたアタシ [中国翻译],"全彩, 制服, 百合, 男附身, 非百合, 附身",倉塚りこ,,中文,35,2024-05-07
JM568146,https://18comic.vip/album/568146/,遇见百合，吃定百合4（小白篇),"全彩, 无修正, 妹妹, 白发, 中出, AI繪圖, 裸体围裙",天子,,中文,33,2024-05-04
JM568351,https://18comic.vip/album/568351/,比幽靈更恐怖的東西 [沒有漢化][五十嵐はづき]幽霊よりもこわいもの(リョナキング vol.31),"強暴, 群交, 暴力, 巨乳, 百合, 重口",五十嵐はづき,,中文,22,2024-05-05
JM568126,https://18comic.vip/album/568126/,(C81) [50Pointcaliper (うさみする)]MadoHomu (Puella Magi Madoka Magica),"C81, 性玩具, 百合",うさみする,,中文,29,2024-05-04
JM568122,https://18comic.vip/album/568122/,奥尔加姐妹的纪念日 [K]オルガン姉妹の記念日,"百合, 扶他",K,,中文,37,2024-05-04
JM567493,https://18comic.vip/album/567493/,被叔叔的肉棒征服的jk百合 [无机咖啡酸个人汉化] [んがむらさん (お久しぶり)] 百合絶対ちん負けさせたい割り込みおじさんとJK,"黑肉, 假小子, 校服, 百合破坏, 不是百合, 豚, 百合",お久しぶり,,中文,13,2024-05-02
JM567725,https://18comic.vip/album/567725/,[白杨汉化组] [超健康屋 (健康診断ちゃん)] 主の御心のままに (ブルーアーカイブ),"束縛, 藥物, 修女, 強暴, 百合, 劇情向",健康診断ちゃん,,中文,29,2024-05-03
JM567442,https://18comic.vip/album/567442/,魔法碧蓝的秘密 [Niui] Magia Azure's Secret (魔法少女にあこがれて) [Chinese],"全彩, 百合, 調教","Niui, 瑟琴眼镜",,中文,9,2024-05-02
JM567444,https://18comic.vip/album/567444/,[豚面屋精肉店 (みかんの皮放置界の新星)] 環姉妹 vs つるもも (マギアレコード 魔法少女まどか☆マギカ外伝) [中国翻訳] [DL版],"百合, 扶他, 口交",みかんの皮放置界の新星,,中文,43,2024-05-02
JM567492,https://18comic.vip/album/567492/,不为人知处 旧情复燃时 [碧蓝档案百合组] (せんせーのアーカイブ11) [おひるねどき(はやくねなさい)] おかわりは月の裏側で (ブルーアーカイブ) [中国翻訳],"非H, 百合",はやくねなさい,,中文,34,2024-05-02
JM566948,https://18comic.vip/album/566948/,[奢侈的彩凤个人汉化] [アンソロジー] 二次元コミックマガジン ロリおね百合えっち ロリがお姉さんを攻めてもいいよね!Vol.3,"巨乳, 純愛, 中出, 百合",多作者,,中文,0,2024-04-30
JM566563,https://18comic.vip/album/566563/,[七色蘑菇燴飯(某波)] 我的伴侶身體突然變小了!,"長髮, 巨乳, 百合",某波,,中文,28,2024-04-29
JM566568,https://18comic.vip/album/566568/,[Mr. FBA] Friend zone!,"純愛, 巨乳, 百合","Mr., FBA",,中文,22,2024-04-29
JM566566,https://18comic.vip/album/566566/,[Mr. FBA] 梧桐樹下的那朵花,"長髮, 制服, 百合","Mr., FBA",,中文,27,2024-04-29
JM566561,https://18comic.vip/album/566561/,[七色蘑菇燴飯(某波)] 我的學姊怎麼那麼狡猾!,"制服, 純愛, 百合",某波,,中文,22,2024-04-29
JM567461,https://18comic.vip/album/567461/,[白杨汉化组] [みちゆくはな] 喜多ちゃんのお尻にほくろがあったなら_番外編 [中国翻訳],"百合, 項圈, 性玩具",みちゆくはな,,中文,29,2024-05-02
JM566558,https://18comic.vip/album/566558/,順從英俊的執事被大小姐給色情開發的故事。[蕪菁堂] [ずたずた子]従順イケメン執事がお嬢様にドスケベ開発されちゃう話。 [中国翻訳] [DL版],"巨乳, 性玩具, 百合",ずたずた子,,中文,48,2024-04-29
JM566559,https://18comic.vip/album/566559/,在异世界搞百合0 [喵喵] [桜ゆう] 異世界で百合1 [中国翻訳] [DL版],"制服, 巨乳, 扶他",桜ゆう,,中文,28,2024-04-29
JM566560,https://18comic.vip/album/566560/,與陌生女子的愛愛 [蕪菁堂] [ぐつとま (タチ)] 知らない女とするえっち[中国翻訳] [DL版],"制服, 巨乳, 百合",タチ,,中文,38,2024-04-29
JM566553,https://18comic.vip/album/566553/,(Comic Horizon 1.5) [Neiigal] Visitor and Goodnight Kiss,"巨乳, 長髮, 百合",Neiigal,,中文,21,2024-04-29
JM566557,https://18comic.vip/album/566557/,[桜ゆう] 異世界で百合0 [中国翻訳] [DL版],"制服, 巨乳, 扶他",桜ゆう,,中文,27,2024-04-29
JM566041,https://18comic.vip/album/566041/,[白杨汉化组] [みちゆくはな] 喜多ちゃんのお尻にほくろがあったなら_総集編 [中国翻訳],"百合, 束縛, 調教, 纯爱, 假阳具, sm",みちゆくはな,,中文,74,2024-04-29
JM565609,https://18comic.vip/album/565609/,(結束ロック!6) [ばなじニウム (ばなじうむ)] BOCCHI THE KITACHAN!! (ぼっち・ざ・ろっく!),"旗袍, 女僕, 貧乳, 泳裝, 百合, 日语",ばなじうむ,,,18,2024-04-27
JM566542,https://18comic.vip/album/566542/,[normale_个人汉化] [Fuf] Taking Care of the Other (Pokemon),"全彩, 貓貓, 女性支配, 百合",Fuf,,中文,7,2024-04-29
JM565136,https://18comic.vip/album/565136/,网球部的前辈欺凌2 [大人の幼恥園(五百川)]テニス部の先輩いじめ2 [中国翻訳] [DL版],"巨乳, 處女, 淩辱, 馬尾, 雙馬尾, 百合",五百川,,中文,20,2024-04-25
JM565016,https://18comic.vip/album/565016/,[不咕鸟汉化组][中華なると] 女子大生裕香 [中国翻訳] [DL版],"阿黑顏, 巨乳, 口交, 緊身衣, 束縛, 項圈, 處女, 藥物, 多毛, 內衣, 手淫, 熟女, 中出, 乳交, 馬尾, 性玩具, 潮吹, 過膝襪, 百合, 群交, 劇情向, 單行本",中華なると,,中文,210,2024-04-24
JM563588,https://18comic.vip/album/563588/,遇见百合，吃定百合3,"百合, 无修正, 全彩, NTR, AI繪圖, ai, 不是百合, 评论区更搞笑",天子,,中文,77,2024-04-19
JM564511,https://18comic.vip/album/564511/,照顾偶像的夜生活 也是经纪人的工作哦 [透明声彩汉化组] [りーりうむ (アイガ)] アイドルの夜のお世話もマネージャーのお仕事です [中国翻訳],"巨乳, 手淫, 百合",アイガ,,中文,29,2024-04-23
JM563978,https://18comic.vip/album/563978/,才不烦人呢!! [矢来夏洛个人汉化] (CIRCLE Space Meeting 7th) [いしやきいも (いしだ)] ウザくないもん!! (BanG Dream!),百合,いしだ,,中文,34,2024-04-21
JM564101,https://18comic.vip/album/564101/,[萌纹个人汉化] [忍桐ずん] 半魚の城 (モンスター少女との痴情) [無修正] [DL版],"無修正, 巨乳, 百合, 伪娘, 非百合, 扶他",忍桐ずん,,中文,16,2024-04-22
JM563753,https://18comic.vip/album/563753/,[驴子汉化组] [袁藤沖人] ラディオジェム ステーション,百合,袁藤沖人,,中文,31,2024-04-20
JM563123,https://18comic.vip/album/563123/,[玉越博幸] ごめんね、マリア様,"劇情向, 單行本, 巨乳, 泳裝, 癡漢, 聖誕裝, 眼鏡, 群交, 亂倫, 修女, 馬尾, 校服, 性玩具, 教師, 雙胞胎, 雙馬尾, 百合",玉越博幸,,日文,211,2024-04-18
JM563483,https://18comic.vip/album/563483/,[菅野タカシ] Mimic Intrusion (Nottori! ~Onnanoko no Karada o Nottoru Comic Anthology~),"腦交, 墮落, 妖精, 催眠, 附身, 觸手, 百合, 有点猎奇",菅野タカシ,,中文,25,2024-04-19
JM561885,https://18comic.vip/album/561885/,窈取肉體的手鐲[柊ぽぷら] 肉体泥棒の腕輪,"巨乳, 妖精, 手淫, 附身, 百合, 全彩, 皮物",柊ぽぷら,,中文,65,2024-04-14
JM562361,https://18comic.vip/album/562361/,[Rumble] 未来奴隶 02,"劇情向, 百合, 3D",Rumble,,中文,24,2024-04-16
JM561452,https://18comic.vip/album/561452/,[MANA] フリーナ 4 (原神) [中国語] [無修正],"無修正, CG集, 肛交, 項圈, 露出, 扶他, 手套, 高跟鞋, 手淫, 中出, 性玩具, 潮吹, 百合, 群交, 非百合, 多人",MANA,,中文,9,2024-04-12
JM561846,https://18comic.vip/album/561846/,(C85) [もなかうどん (モニカノ)] アリス 強制絶頂装置 (東方Project),"C85, 百合",モニカノ,,中文,26,2024-04-14
JM561373,https://18comic.vip/album/561373/,大阴蒂百合SEX [本若] デカクリ百合セックス [中国翻訳],"大陰蒂, 校服, 百合",本若,,中文,15,2024-04-12
JM561028,https://18comic.vip/album/561028/,[漫遊个人汉化] [光と魔法工房 (えむぽん)] ファイナルあんさやー5 (魔法少女まどか☆マギカ) [中国翻訳] [DL版],"貧乳, 群交, 百合",むぽん,,中文,28,2024-04-11
JM560570,https://18comic.vip/album/560570/,遇见百合，吃定百合2,"全彩, 無修正, NTR, 胁迫, AI繪圖, 非百合","天子, 我就爱看，不爱看的自己滚, 妈妈??死了故意犯贱",,中文,45,2024-04-09
JM559649,https://18comic.vip/album/559649/,遇见百合，吃定百合,"百合, 无修正, 全彩, NTR, AI繪圖, 非百合, 噁心人剧情, ai尸块闹麻了","天子, 作者的马呢？",,中文,39,2024-04-06
JM560345,https://18comic.vip/album/560345/,[奢侈的彩凤个人汉化][ピリオデストラクション (ぴりぷん)] 男に夢中だったビッチギャルを女以外で満足できない体にする百合 [中国翻译],"全彩, CG集, 巨乳, 束縛, 兔女郎, 扶他, 扶他, 眼鏡, 手淫, 連體衣, 中出, 乳貼, 校服, 性玩具, 潮吹, 百合",ぴりぷん,,中文,229,2024-04-08
JM560176,https://18comic.vip/album/560176/,[まりお] 絶対ムテキ少女 メロンブックス限定4Pリーフレット[中国翻訳],"貧乳, 巨乳, 百合, 非百, 四爱",まりお,,中文,4,2024-04-08
JM560039,https://18comic.vip/album/560039/,[チョココロネ (天路あや)] 触手洗脳シリーズ 2018-2023 [中国翻訳],"百合, 劇情向, 阿黑顏, 肛交, 巨乳, 束縛, 墮落, 處女, 中出, 乳汁, 催眠, 乳環, 修女, 連褲襪, 懷孕, 強暴, 潮吹, 過膝襪, 觸手, 出產, 透視",天路あや,,中文,197,2024-04-07
JM560021,https://18comic.vip/album/560021/,对话吸血鬼 [K记翻译] [Locofuria] Conversation With a Vampire,"全彩, 美漫, 百合, 巨乳, 怪物女孩, 墮落, 潮吹, 過膝襪, 轉化, 吸血鬼",Locofuria,,中文,24,2024-04-07
JM559720,https://18comic.vip/album/559720/,OSHIRI 100% [虹之星汉化组] (僕らのラブライブ! 41) [帰宅時間 (きたく)] おしり100% (ラブライブ! 虹ヶ咲学園スクールアイドル同好会) [中国翻訳],"百合, 口交",きたく,,中文,22,2024-04-06
JM559509,https://18comic.vip/album/559509/,闺蜜是我的换装高潮玩偶 [欲池] [夜伽草紙 (よとぎ)] 親友は私の着せ替えアクメ人形 [中国翻訳],"肛交, 遮眼, 束縛, 項圈, 無口, 顏面騎乘, 多毛, 女僕, 手淫, 催眠, 女警, 性玩具, 潮吹, 百合, 纯爱, 子宫脱",よとぎ,,中文,46,2024-04-05
JM559718,https://18comic.vip/album/559718/,恋心统语论 [虹之星汉化组] (僕らのラブライブ! 41) [virophilia (織日ちひろ)] コイゴコロ統語論 (ラブライブ! 蓮ノ空女学院スクールアイドルクラブ) [中国翻訳],"純愛, 百合",織日ちひろ,,中文,32,2024-04-06
JM562520,https://18comic.vip/album/562520/,[漫遊个人汉化] [光と魔法工房 (えむぽん)] ファイナルあんさやーNEXT (魔法少女まどか☆マギカ) [中国翻訳] [DL版],"劇情向, 貧乳, 百合",えむぽん,,中文,28,2024-04-16
JM559456,https://18comic.vip/album/559456/,[猫岛汉化组] (僕らのラブライブ! 41) [virophilia (織日ちひろ)] コイゴコロ統語論 (ラブライブ! 蓮ノ空女学院スクールアイドルクラブ) [中国翻訳],"百合, 純愛",織日ちひろ,,中文,31,2024-04-05
JM559454,https://18comic.vip/album/559454/,还是现在最好 [白杨汉化组] (C82) [こるり屋 (こるり)] いまがいちばん (東方Project) [中国翻訳],"非H, 百合, 纯爱, 非h",こるり,,中文,29,2024-04-05
JM544406,https://18comic.vip/album/544406/,霓虹狂花 第5季 [无悔],"貓貓, 虐待, 百合, 3D",无悔,,,726,2024-02-21
JM506364,https://18comic.vip/album/506364/,Show me your bust,"韓漫, 百合, 連載中, 吳老師, 大學生活, 學姐學妹, 校園, 純情女主, 直球女主, 多角關係, 无修正, 感觉有枕头公主的角色",Team-Gaji,,中文,979,2023-10-30
JM559448,https://18comic.vip/album/559448/,(C93) [君の友達。 (君野朋成)] チョコミントレイディオ (BanG Dream!) [中国翻訳],"劇情向, 百合, 纯爱, 非h",君野朋成,,中文,17,2024-04-05
JM557731,https://18comic.vip/album/557731/,女儿看望老父亲 [梅水瓶汉化] [犬っぽいマネキ猫] パパに会いに来た娘 [中国翻訳],"CG集, 扶他, 亂倫, 人妻, 強暴, 過膝襪, 病嬌, 百合, 性转, 孝心变质",犬っぽいマネキ猫,,中文,41,2024-03-31
JM557771,https://18comic.vip/album/557771/,女尊的氣味責罰[臭鼬娘漢化組][岸里さとし] 女様のニオイ責め [中国翻訳],"放屁, 女性支配, 連褲襪, 排泄, 嗅氣味, 百合",岸里さとし,,中文,54,2024-03-31
JM557729,https://18comic.vip/album/557729/,[大友同好會X华语圈红白同好汉化] (C94) [POCHI (凪空りく)] コイノカタチ (アイドルマスター シンデレラガールズ) [中国翻訳],"C94, 非H, 百合",凪空りく,,中文,27,2024-03-31
JM557954,https://18comic.vip/album/557954/,[MANA] フリーナ 3 (原神) [中国語] [無修正],"全彩, 無修正, CG集, 肛交, 項圈, 露出, 扶他, 手套, 高跟鞋, 手淫, 中出, 性玩具, 潮吹, 百合",MANA,,中文,10,2024-04-01
JM559042,https://18comic.vip/album/559042/,别了，我的星星 [莉赛特汉化组] [つつい] さよなら私の星（同人女百合アンソロジー ) [中国翻訳],"女性向, 非H, 百合, 你规定的不是女性向？, 不是女性向",つつい,,中文,30,2024-04-04
JM558272,https://18comic.vip/album/558272/,[如月響子汉化组] [恋河ミノル] エデンズリッター淫悦の聖魔騎士ルシフェル編 THE COMIC [中国翻訳] [DL版],"劇情向, 單行本, 阿黑顏, 穿刺, 肛交, 巨乳, 口交, 女惡魔, 產卵, 扶他, 手套, 西瓜肚, 乳汁, 觸手服, 魔法少女, 催眠, 中出, 乳頭交, 修女, 強暴, 過膝襪, 胃部突起, 觸手, 長筒靴, 百合, 群交, 挤奶",恋河ミノル,,中文,264,2024-04-02
JM557590,https://18comic.vip/album/557590/,[透明声彩汉化组]  [食べ放題 (生肉)] 愛していいのは，カラダだけ8 [中国翻訳] [DL版],"百合, 辦公女郎, 純愛, 非H",生肉,,中文,40,2024-03-31
JM557574,https://18comic.vip/album/557574/,[不咕鸟汉化组] [宮村秋男] 僕はレズ風俗に行きたい 皮化能力者がレズ風俗で悪戯 [中国翻訳],"百合, 巨乳, 皮物, 束縛",宮村秋男,,中文,26,2024-03-31
JM557496,https://18comic.vip/album/557496/,被囚禁天使的恶灵附身 [星司光芒个人汉化] [柊ぽぷら] 囚われ天使の悪霊憑依 [中国翻訳],"全彩, 百合, 天使, 巨乳, 墮落, 手淫, 催眠, 附身",柊ぽぷら,,中文,14,2024-03-30
JM556761,https://18comic.vip/album/556761/,同居精灵 (大手垃圾车汉化) [MM] Doukyo Elf 1-16,"CG集, 妖精, 百合",MM,,中文,51,2024-03-28
JM557268,https://18comic.vip/album/557268/,[YF (摸鱼中)] ルアン・メェイママのお仕置き,"全彩, CG集, 女性支配, 足交, 扶他, 百合, 3D, 重口",YF,,中文,94,2024-03-29
JM557503,https://18comic.vip/album/557503/,[Destroyer Mk.V] Nivelle Nights (Battlefield 1) [中国語],"百合, 純愛",Destroyer-Mk.V,,中文,52,2024-03-30
JM556623,https://18comic.vip/album/556623/,(C100) [秘密結社霧の湖戦線 (湖小)] 妖精強制変態ショー (東方Project) [士战工打个人汉化],"貧乳, 束縛, 百合",湖小,,中文,34,2024-03-28
JM556329,https://18comic.vip/album/556329/,"[龍龍的倉庫(龍龍)] DREAMLIKE COMET&DEVIL (星街すいせい, 常闇トワ) [中国語] [DL版]","阿黑顏, 連褲襪, 乳貼, 穿刺, 馬尾, 貧乳, 過膝襪, 透視, 百合, 纯爱",龍龍,,中文,72,2024-03-27
JM556228,https://18comic.vip/album/556228/,[中国語翻訳] [柊ぽぷら]TS保健体育～クラス全員女体化授業～/佐々木＆小林くん編まとめ,"校服, 巨乳, 貧乳, 百合, 性转",柊ぽぷら,,中文,24,2024-03-27
JM556225,https://18comic.vip/album/556225/,[Pixiv] GreenTeaNeko (69239259),"阿黑顏, 吸奶, 扶他, 中出, 懷孕, 排泄, 百合, CG集",N/A,,中文,1296,2024-03-27
JM555269,https://18comic.vip/album/555269/,迷子与出不去的房间 [猫岛汉化组] (ラブフェス2403) [東ガル会 (快楽園梅香)] 迷子と出られない部屋 (BanG Dream!) [中国翻訳],"百合, 長髮, 學生, MyGO!!!!!","東ガル会, 快楽園梅香",,中文,26,2024-03-26
JM555280,https://18comic.vip/album/555280/,[柊ぽぷら] 俺のカラダで争わないでっ！[中国語],"連褲襪, 性玩具, 觸手, 百合, 性转, 变百",柊ぽぷら,,中文,64,2024-03-26
JM556630,https://18comic.vip/album/556630/,[Sky Dogma (ぱんだこりゃ)] 陰キャの裏垢を見つけたギャルが馬鹿にしてからかう話｜發現陰溼女的小號之後趕來嘲諷的辣妹的故事 [沒有漢化] [DL版],"校服, 巨乳, 百合",ぱんだこりゃ,,中文,14,2024-03-28
JM555064,https://18comic.vip/album/555064/,剎那的純潔百合 [まちの九々] モーメント・リリー Letter,"女性向, 純愛, 劇情向",まちの九々,,中文,56,2024-03-25
JM554735,https://18comic.vip/album/554735/,[無邪気漢化組] [仲村レグラ] 虚ろの白百合 (COMIC 快楽天 2015年10月号) [中国翻訳],"劇情向, 巨乳, 非百合, 百合猪似全价",仲村レグラ,,中文,28,2024-03-24
JM554741,https://18comic.vip/album/554741/,[睦茸]めぐりどころ 3歩,"眼鏡, 百合, 非H",睦茸,,中文,27,2024-03-24
JM554927,https://18comic.vip/album/554927/,[路小茜个人汉化] NieR: Yurimata,"全彩, 肛交, 遮眼, 群交, 潮吹, 過膝襪, 假陽具, 長筒靴, 百合, 无修正",kenshin187,,中文,9,2024-03-25
JM554877,https://18comic.vip/album/554877/,[禁漫漢化組](C103)[Waterfall(嵩乃朔)]幸せな日々-if-(機動戦士ガンダム 水星の魔女),"C103, 百合, 禁漫書庫",嵩乃朔,,中文,47,2024-03-25
JM554684,https://18comic.vip/album/554684/,发小的占有欲太强了! [透明声彩汉化组] (ぼっち・ざ・おんりー!#2) [stellar night (SORA)] 幼馴染の独占欲が強すぎる! (ぼっち・ざ・ろっく!) [中国翻訳],"遮眼, 性玩具, 假陽具, 百合",SORA,,中文,23,2024-03-24
JM554546,https://18comic.vip/album/554546/,[透明声彩汉化组]創作百合まとめ本6,"百合, 巨乳, 純愛","生肉, 食べ放题",,中文,90,2024-03-23
JM554446,https://18comic.vip/album/554446/,[黎欧出资汉化] [Imaginary Rabbit (たれ)] 酒と蛇と妖精さん (崩壊スターレイル) [中国翻訳],"非H, 百合",たれ,,中文,28,2024-03-23
JM554440,https://18comic.vip/album/554440/,残红之空 [notuzi个人汉化] [ろーぷあいらんど (みやのゆき、宮野とりい)] 残紅の空 (ひろがるスカイ!プリキュア) [中国翻訳] [DL版],"馬尾, 百合","みやのゆき, 宮野とりい",,中文,32,2024-03-23
JM554439,https://18comic.vip/album/554439/,今天不准骑士！ [notuzi个人汉化] [ろーぷあいらんど (みやのゆき)] 今日は騎士禁止!! (ひろがるスカイ!プリキュア) [中国翻訳] [DL版],"百合, 貧乳",みやのゆき,,中文,31,2024-03-23
JM554445,https://18comic.vip/album/554445/,[黎欧出资汉化] (こみトレ43) [Imaginary Rabbit (たれ)] 星となのかのWEBまとめ本 (崩壊スターレイル) [中国翻訳],"非H, 百合",たれ,,中文,18,2024-03-23
JM518870,https://18comic.vip/album/518870/,夢想成為魔法少女/憧憬成為魔法少女 [ 小野中彰大] 魔法少女にあこがれて,"青年漫, 百合, 歡樂向, 劇情向, 动画化, 唯一真神, 打屁股, 非H",小野中彰大,,中文,1706,2023-12-13
JM554124,https://18comic.vip/album/554124/,城市·新传奇 序章 [Lumina Chen],"舔足, 百合, 3D","Lumina, Chen",,中文,163,2024-03-22
JM553562,https://18comic.vip/album/553562/,[茜しゅうへい] 発情MILFぃ～ゆ [中国翻訳] [DL版],"肛交, 巨乳, 口交, 癡漢, 足交, 手淫, 熟女, 中出, 乳交, 性玩具, 百合, 群交, 亂倫, 單行本",茜しゅうへい,,中文,196,2024-03-21
JM540478,https://18comic.vip/album/540478/,MURCIÉLAGO-蝙蝠-,"青年漫, 百合, 冒險, 血腥, 戰鬥, 巨乳",よしむらかな,,中文,4388,2024-02-07
JM553378,https://18comic.vip/album/553378/,[MANA] フリーナ 1–2 (原神) [中国語] [無修正],"全彩, 項圈, 露出, 手淫, 性玩具, 潮吹, 百合, CG, 無修正",MANA,,中文,12,2024-03-20
JM553358,https://18comic.vip/album/553358/,突然袭击! [碧蓝档案同人组×基德汉化组] (C103) [さくのみや (朔津間)] Supplies Attack! (ブルーアーカイブ),"非H, 劇情向, 百合, 百合汉化组",朔津間,,中文,35,2024-03-20
JM553373,https://18comic.vip/album/553373/,[皮三豆]祈求光明的百合1-3(中文无修),"劇情向, 口交, 束縛, 顏射, 處女, 凌辱, 催眠, 中出, 強暴, 奴隸, 群交, 3D, 無修正, 轮奸, 调教, NTR",皮三豆,,中文,142,2024-03-20
JM553344,https://18comic.vip/album/553344/,[白杨汉化组] [でゅう] ウチの子がえっちな敵と戦って敗北する話 ～十色vsカディラ後編～ [中国翻訳],"全彩, 劇情向, 墮落, 女惡魔, 女性支配, 扶他, 魔法少女, 觸手, 百合",でゅう,,中文,65,2024-03-20
JM553339,https://18comic.vip/album/553339/,[透明声彩汉化组] [MARUTA Production (MARUTA)] ナデシコヒヨリ2nd season ~episode 2~ [中国翻訳] [DL版],"群交, 校服, 百合, 劇情向",MARUTA,,中文,28,2024-03-20
JM553338,https://18comic.vip/album/553338/,爱的话语在糖果里面溶化 [透明声彩汉化组] (Sanctum Archive chapter.4) [アカシ屋 (宮司あかし)] 愛の言葉はプラリネに溶けて (ブルーアーカイブ) [中国翻訳],"巨乳, 百合",宮司あかし,,中文,24,2024-03-20
JM553316,https://18comic.vip/album/553316/,[滝美梨香] 真理子ちゃんがイク!!,"全彩, 校服, 泳裝, 百合, 單行本",滝美梨香,,日文,178,2024-03-20
JM553044,https://18comic.vip/album/553044/,[四季稻个人机翻] [酉寅] 肛虐レズカップル,"肛交, 拳交, 百合",酉寅,,中文,9,2024-03-19
JM553034,https://18comic.vip/album/553034/,[小梦个人汉化] [MoonRevenge (未由間すばる)] マゾと刺青-奴隷白書,"肛交, 綁縛與調教, 巨乳, 束縛, 項圈, 灌腸, 群交, 淩辱, 女僕, 學校泳裝, 性玩具, 過膝襪, 假陽具, 泳裝, 百合",未由間すばる,,中文,162,2024-03-19
JM553015,https://18comic.vip/album/553015/,莉可利丝限定直播 [无糖汉化组] [えねるぎあ (ぴかち)] 喫茶リコリコ限定生配信 -LycoRecoLimitedLive- (リコリス・リコイル),"雙馬尾, 百合",ぴかち,,中文,20,2024-03-19
JM552829,https://18comic.vip/album/552829/,[Iceky] 以下犯上-我的上司是OMEGA!? Snippets,"遮眼, 口交, 束縛, 調教, 項圈, 女性支配, 扶他, 性玩具, 百合, ABO",Iceky,,中文,35,2024-03-18
JM552888,https://18comic.vip/album/552888/,[吸住没碎个人汉化] [忘らるる手紙 (びんせん)] 例えばこんなミリオンシアター vol.11 ギャル百合子 (アイドルマスター ミリオンライブ!) [中国翻訳] [DL版],"巨乳, 校服, 斷面圖, 中出, 不是百合",びんせん,,中文,31,2024-03-18
JM552537,https://18comic.vip/album/552537/,[大友同好会] (C93) [でボでボ団 (De)] シエ★ビブ あらもーど (キラキラ☆プリキュアアラモード),"性玩具, 過膝襪, 雙馬尾, 百合","De, でボでボ团",,中文,23,2024-03-17
JM552547,https://18comic.vip/album/552547/,[莉赛特汉化组] [いちごイチエ] シガレットチョコの想い (シロップ HONEY 初夜百合アンソロジー),百合,いちごイチエ,,中文,11,2024-03-17
JM552527,https://18comic.vip/album/552527/,[大友同好会] (C99) [介錯 (介錯)] HIMEGAMI AFTER (神無月の巫女) [中国翻訳],百合,介錯,,中文,31,2024-03-17
JM552523,https://18comic.vip/album/552523/,[PUPUYASAN (ぷぷねずみ)] カズレイ讃歌 (ブルーアーカイブ),百合,ぷぷねずみ,,中文,34,2024-03-17
JM551939,https://18comic.vip/album/551939/,TS精灵的制作方法 精灵化之药外传 [瑞树汉化组] [すらいむのかんむり (かんむり)] TSエルフのつくりかた エルフ化の薬外伝 [中国翻訳] [DL版],"巨乳, 妖精, 中出, 性玩具, 百合, 劇情向, 性转, 纯爱",かんむり,,中文,36,2024-03-15
JM551792,https://18comic.vip/album/551792/,[禁漫漢化組](C103)[Clear Doll(水白しずく)]散りゆく黒百合～転生メイドは旦那様の執着から逃れられない～2(オリジナル),"C103, 女性向, 調教, 巨乳, 禁漫書庫, 不是女性向",水白しずく,,中文,86,2024-03-15
JM552519,https://18comic.vip/album/552519/,(第百三十八季 文々。新聞友の会) [seseri (守崎)] ルベウスの寛解 (東方Project),百合,守崎,,中文,45,2024-03-17
JM551965,https://18comic.vip/album/551965/,[台北人 (虫原)] your brightness & your kindess (ぼっち・ざ・ろっく！) [中国翻訳] [DL版],"非H, 劇情向, 百合",虫原,,中文,44,2024-03-15
JM551966,https://18comic.vip/album/551966/,[蜂蜂蜂] 尿道奴隷ちゃん[中国翻訳],"巨乳, 束縛, 調教, 性玩具, 百合, 尿道插入, 道具",蜂蜂蜂,,中文,21,2024-03-15
JM551912,https://18comic.vip/album/551912/,从今天开始我的姐姐大人 [透明声彩汉化组] (C103) [すたーだすとくれいどる (永山ゆうのん)] 今日から私のお姉さま♥ [中国翻訳],"C103, 百合, 學校泳裝, 校服, 過膝襪, 泳裝",永山ゆうのん,,中文,24,2024-03-15
JM551878,https://18comic.vip/album/551878/,[狸花遊山萩漢化] [하노] ことしほ 2 (アイドルマスター ミリオンライブ!) [中国翻訳],"非H, 百合",하노,,中文,64,2024-03-15
JM551908,https://18comic.vip/album/551908/,[Eternal] 医院的新生 01-02,"手淫, 附身, 百合, 3D",Eternal,,中文,48,2024-03-15
JM551530,https://18comic.vip/album/551530/,(C66) [EVIL改めBAROQUE STORE (みやびつづる)] アンヌの日記 (シャドウハーツ) [中国翻訳],"C66, 巨乳, 百合",みやびつづる,,中文,58,2024-03-14
JM551316,https://18comic.vip/album/551316/,[大友同好会] (レインボーフレーバー17) [ぱりぱりきゃんでぃー (ここり)] 君がいる場所 (魔法つかいプリキュア!) [中国翻訳],"非H, 校服, 百合",ここり,,中文,60,2024-03-12
JM551278,https://18comic.vip/album/551278/,(C103) [N7747、ますく堂 (イセ川ヤスタカ、Masco)] ドキドキビキニセミナー (ブルーアーカイブ) [中国翻訳] [DL版],"C103, 百合, 內衣, 百合你大爷, 不是百合, 群交, 百合死妈了, 幹拎娘！哪裡百合了","イセ川ヤスタカ, Masco, イセ川ヤスタカ、Masco",,中文,36,2024-03-12
JM551319,https://18comic.vip/album/551319/,[白杨汉化组] [蘭田夢] つよつよロリババァ魔王が戦うヒロインをわからせてやるのじゃ [中国翻訳],"舔足, 足交, 扶他, 群交, 肚臍交, 觸手, 百合, 單行本, 该死的圣光",蘭田夢,,中文,197,2024-03-12
JM551128,https://18comic.vip/album/551128/,[おおぬまひろし] POSSESSION,"機械姦, 馬尾, 貧乳, 百合, 單行本, 不是百合",おおぬまひろし,,日文,172,2024-03-12
JM550953,https://18comic.vip/album/550953/,初瓣,"百合, 不是百合",桐原いづみ,,中文,1233,2024-03-11
JM496208,https://18comic.vip/album/496208/,請為了我脫光身上所有衣服 [九郎] コミックわたしのために脱ぎなさいっ!,"青年漫, 百合, 巨乳, 露出, 過膝襪, 校服, 搞笑, 劇情向",九郎,,中文,1029,2023-09-22
JM550429,https://18comic.vip/album/550429/,[西西里猪排] 女反派香消玉殒 01-02 [Chinese & English],"口交, 兔女郎, 藥物, 手淫, 中出, 性玩具, 虐殺, 潮吹, 過膝襪, 放尿, 百合, 3D",西西里猪排,,中文,197,2024-03-09
JM551914,https://18comic.vip/album/551914/,我见到的第一颗星 [大连地铁四号线 忙里偷闲汉化] (C99) [ジャム理科 (まどかひふみ)] 一番星をみつけて (BanG Dream!) [中国翻訳],"手淫, 百合",まどかひふみ,,中文,26,2024-03-15
JM471624,https://18comic.vip/album/471624/,关于我的天降女友和青梅竹马这件事 01-13,"巨乳, 百合, 3D",wh,,,1342,2023-07-23
JM549581,https://18comic.vip/album/549581/,[颠佬旅者汉化组] [KNEGLIC PRODUCTIONZ (AlfonsBallstouchen)] Fox Mating Season (Azur Lane),"狐娘, 亂倫, 假陽具, 百合",AlfonsBallstouchen,,中文,17,2024-03-07
JM549873,https://18comic.vip/album/549873/,[壊孤児 (Cヵ)] 野犬 (BanG Dream!) [中国翻訳] [DL版],"非H, 百合, NTR",Cヵ,,中文,23,2024-03-08
JM549565,https://18comic.vip/album/549565/,[奢侈的彩凤个人汉化] (C100) [Melty Pot (Mel)] 魔法少女の夢事情 (まちカドまぞく) [中国翻訳],"C100, 全彩, 女惡魔, 扶他, 群交, 怪物女孩, 亂倫, 人妻, 母女丼, 百合",Mel,,中文,22,2024-03-07
JM551867,https://18comic.vip/album/551867/,[テニーレ隊 (R☆古賀、Pia☆Pia)] 逮捕されちゃうぞ (3×3 EYES、 ミンキーモモ、ふしぎの海のナディア、星くずパラダイス、逮捕しちゃうぞ) [中国翻訳],"百合, 黑肉, 吸奶","R☆古賀, Pia☆Pia",,中文,48,2024-03-15
JM549303,https://18comic.vip/album/549303/,[桃源郷] 両隣の人妻 ～そうなった理由（わけ）はアパートの壁が薄かったから～,"遊戲CG, 肛交, 巨乳, 口交, 出軌, 乳汁, 熟女, 乳交, 懷孕, 性玩具, 百合, 群交",S-FALCO,,,462,2024-03-06
JM549402,https://18comic.vip/album/549402/,[白杨汉化组] ラブライブ！スーパースター!! Liella! Kila² Life Comic ① (電撃ムック),"非H, 百合",矢立肇,,中文,73,2024-03-06
JM549399,https://18comic.vip/album/549399/,[药娘小月个人机翻] [ハイパーグロウンティー (ヌワラグレイ、しもきたざわダウナ)] 即イキ系ギザ歯男の娘、発情ふたなりお姉さんにハメ倒されてイクッ♡イ゛ッ゛ク゛ッ゛ッ゛♡♡♡ [中国翻訳],"C101, 扶他, 百合, 貧乳, 巨乳, 校服, 口交, 透視, 中出, 非百合","ヌワラグレイ, しもきたざわダウナ",,中文,38,2024-03-06
JM549288,https://18comic.vip/album/549288/,蓓蕾初绽 [碧蓝档案同人组] (C103) [うーまちゃん] First Crush (ブルーアーカイブ) [中国翻訳],"C103, 百合, 非H",うーまちゃん,,中文,33,2024-03-06
JM549554,https://18comic.vip/album/549554/,[ながしま超助] コンプラゆるゆる ちまりさん,"阿黑顏, 巨乳, 兔女郎, 露出, 眼鏡, 多毛, 超乳, 熟女, 連褲襪, 過膝襪, 高個女, 百合, 群交, 劇情向, 單行本",ながしま超助,,日文,198,2024-03-07
JM549141,https://18comic.vip/album/549141/,[巫代凪遠] 収穫祭 第二章,"巨乳, 束縛, 扶他, 乳環, 寄生, 百合, 群交, 劇情向, 單行本",巫代凪遠,,日文,173,2024-03-06
JM549190,https://18comic.vip/album/549190/,[透明声彩汉化组] (秋葉原同人祭 第二回) [ぐつとま (タチ)] 桜Trick Maple Season (桜Trick) [中国翻訳],"非H, 百合",タチ,,中文,28,2024-03-06
JM547364,https://18comic.vip/album/547364/,[うしのみや] 粘液少女―あなたを喰べたい― [DL版],"巨乳, 妖精, 扶他, 寄生, 附身, 校服, 史萊姆娘, 虐殺, 觸手, 轉化, 雙馬尾, 百合, 劇情向, 單行本",うしのみや,,日文,212,2024-02-29
JM549143,https://18comic.vip/album/549143/,[みさくらなんこつ] ヒキコモリ健康法,"無修正, 肛交, 扶他, 眼鏡, 乳汁, 校服, 百合, 單行本",みさくらなんこつ,,日文,195,2024-03-06
JM548931,https://18comic.vip/album/548931/,自慰的恋谣 [ここは無記入] 自慰のバラッド (BanG Dream!) [中国翻訳] [DL版],"劇情向, 百合",ここは無記入,,中文,64,2024-03-05
JM548980,https://18comic.vip/album/548980/,不眠之夜与乳汁 [透明声彩汉化组] (神ノ叡智14) [Allegory (秋桜)] 眠れぬ夜とみるく (原神) [中国翻訳],"巨乳, 吸奶, 百合",秋桜,,中文,34,2024-03-05
JM548657,https://18comic.vip/album/548657/,百合精灵与被诅咒的公主 [あらおし悠、うなっち] 百合エルフと呪われた姫 [中国翻訳] [DL版],"貓女, 妖精, 百合, 小說, 乱伦","あらおし悠, うなっち",,中文,266,2024-03-04
JM548638,https://18comic.vip/album/548638/,皮り皮って限定版 后日谈部分 [星司光芒个人汉化] [ちろたた] After Reborn (皮り皮って 限定版 SP小冊子),"手淫, 附身, 皮物, 百合","Lite, ちろたた",,中文,19,2024-03-04
JM548650,https://18comic.vip/album/548650/,[台北人 (虫原)] 端と端 (リコリス・リコイル) [中国語] [DL版],"純愛, 劇情向, 百合",虫原,,中文,30,2024-03-04
JM548598,https://18comic.vip/album/548598/,[透明声彩汉化组] (バレンタインフェスタ第2回) [ぐつとま (タチ)] 桜Trick Happy Days 2 (桜Trick) [中国翻訳],"非H, 百合, 劇情向",タチ,,中文,28,2024-03-04
JM548595,https://18comic.vip/album/548595/,[透明声彩汉化组] [MARUTA Production (MARUTA)] ナデシコヒヨリ2nd ~episode 3~ [中国翻訳] [DL版],"百合, 劇情向",MARUTA,,中文,27,2024-03-04
JM547918,https://18comic.vip/album/547918/,[1862/どこのこ] 雨だれの歌 (BanG Dream!) [中国翻訳] [DL版],"非H, 校服, 百合","1862, どこのこ",,中文,20,2024-03-02
JM548194,https://18comic.vip/album/548194/,"今天,来我家吗? [透明声彩汉化组] (せんせーのアーカイブ10) [ko9m02 (こくもす)] 今日、ウチ来ない? (ブルーアーカイブ) [中国翻訳]","眼鏡, 百合, 校服",こくもす,,中文,30,2024-03-03
JM547912,https://18comic.vip/album/547912/,[柠檬水汉化组][大人の幼恥園 (某国大統領)] バスケ部の新米教師イジメ [DL版] [中国翻訳],"百合, 校服, 巨乳, 處女, 調教",某国大統領,,中文,33,2024-03-02
JM548407,https://18comic.vip/album/548407/,栞雪在学生会室涩涩的本子  (C103) [戦いの軌跡 (戦友)]しおせつが生徒会室でえっちなことする本 (ラブライブ! 虹ヶ咲学園スクールアイドル同好会),"C103, 百合, 校服",戦友,,中文,29,2024-03-03
JM547833,https://18comic.vip/album/547833/,[活力少女戰線] (C103)[缶子牧場(缶子)]あたしたちの輝き。(ウマ娘 プリティーダービー),"C103, 百合, 巨乳, 非h",缶子,,中文,40,2024-03-01
JM547771,https://18comic.vip/album/547771/,砂糖是百合色 [果酱面包房] (C101)[チーズ酵母 (なか)]お砂糖は百合色[中国翻訳] [DL版],"C101, 緊身衣, 束縛, 塞口器, 乳膠衣, 校服, 性玩具, 乳膠真空床",なか,,中文,22,2024-03-01
JM547766,https://18comic.vip/album/547766/,镜像收集幻想曲Vol.2 [Xion]ミラーコレクションファンタジアVol.2,"手套, 自己幹自己, 百合, 劇情向",Xion,,中文,45,2024-03-01
JM547823,https://18comic.vip/album/547823/,[KUMA] 海姬突發H本 (ラブライブ! ),百合,KUMA,,中文,8,2024-03-01
JM547769,https://18comic.vip/album/547769/,[シマテイエン (志真)] 百合偵探少女 ～朱理推～ [中国翻訳],"校服, 百合, 非h",志真,,中文,71,2024-03-01
JM547765,https://18comic.vip/album/547765/,镜像收集幻想曲Vol.1 [Xion]ミラーコレクションファンタジアVol.1,"妖精, 自己幹自己, 百合, 劇情向",Xion,,中文,39,2024-03-01
JM547666,https://18comic.vip/album/547666/,[孫陽州] 異世界触辱譚 [中国翻訳] [DL版],"穿刺, 肛交, 巨乳, 旗袍, 墮落, 處女, 手套, 中出, 觸手服, 戴面具, 金屬盔甲, 催眠, 寄生, 附身, 懷孕, 強暴, 史萊姆, 過膝襪, 觸手, 透視, 病嬌, 百合, 群交, 單行本",孫陽州,,中文,217,2024-03-01
JM547685,https://18comic.vip/album/547685/,[ピリオデストラクション (ぴりぷん)] 百合天使と愛ノ鬼 [中国翻訳],"阿黑顏, 天使, 巨乳, 束縛, 透視, 扶他, 手套, 怪物女孩, 鬼族, 乳貼, 性玩具, 潮吹, 百合",ぴりぷん,,中文,44,2024-03-01
JM547537,https://18comic.vip/album/547537/,[土井やすたか] 発情夫人・悦楽の午後 [中国翻訳],"巨乳, 束縛, 塞口器, 多毛, 超乳, 乳汁, 熟女, 校服, 百合, 群交, 亂倫, 劇情向, 單行本, 非百合",土井やすたか,,,77,2024-02-29
JM547213,https://18comic.vip/album/547213/,[碧蓝档案同人组] (C103) [不気味の谷ごと愛したい (せんちめんたるはやし)] おつかれ気味な女先生をねぎらってあげるバニートキちゃん (ブルーアーカイブ) [中国翻訳] [DL版],"C103, 非H, 百合, 兔女郎",せんちめんたるはやし,,中文,22,2024-02-28
JM547085,https://18comic.vip/album/547085/,[漫遊个人汉化]  [光と魔法工房 (えむぽん)] ファイナルあんさやー4 (魔法少女まどか☆マギカ) [中国翻訳] [DL版],"百合, 露出, 群交",えむぽん,,中文,28,2024-02-28
JM547568,https://18comic.vip/album/547568/,[奢侈的彩凤个人汉化][ひざの屋] ぽわ×2 ふたなり姉妹の日常とエッチな日常 [中国翻訳] [DL版],"全彩, 百合, 校服, 股交, 巨乳, 扶他, 手淫, 中出, 乳交, 校服",ひざの屋,,中文,58,2024-02-29
JM546430,https://18comic.vip/album/546430/,(C103)[EDGEWORTH(ぞくさん)]怪盗お仕置き4P拘束絶頂デリシャス2(デリシャスパーティ プリキュア),"C103, 巨乳, 束縛, 百合",ぞくさん,,中文,29,2024-02-27
JM546421,https://18comic.vip/album/546421/,[EDGEWORTH (ぞくさん)] 怪盗お仕置き4P拘束絶頂デリシャス (デリシャスパーティ♡プリキュア),"巨乳, 束縛, 百合",ぞくさん,,中文,29,2024-02-27
JM546423,https://18comic.vip/album/546423/,(C103)[EDGEWORTH(ぞくさん)]同居でひろがる二人のスカイ2(ひろがるスカイ!プリキュア),"C103, 巨乳, 百合",ぞくさん,,中文,32,2024-02-27
JM546397,https://18comic.vip/album/546397/,[ナポパス]ふたなり奏とまふゆ,"劇情向, 巨乳, 百合, 扶她",ナポパス,,中文,17,2024-02-27
JM546377,https://18comic.vip/album/546377/,[こけ] 白百合さくや睡眠姦 (アイカツフレンズ!) [中国翻訳],"全彩, 巨乳, 校服, 睡姦",こけ,,中文,9,2024-02-27
JM546292,https://18comic.vip/album/546292/,細心編織春天的我 [沒有漢化] [花園ろぉず] 丁寧に春を編めば私 [中国翻訳],"百合, 巨乳",花園ろぉず,,中文,12,2024-02-27
JM546057,https://18comic.vip/album/546057/,诱人的幽会【透明声彩汉化组】[かうちぽてと],"百合, 純愛",かうちぽてと,,中文,24,2024-02-26
JM546300,https://18comic.vip/album/546300/,[Point M (まんす)] ダンサブルなアイドル達はあっち(ファン交流)もダンサブル! (アイドルマスター ミリオンライブ!) [中国翻訳] [DL版],"百合, 巨乳, 非百合",ファン交流,,中文,11,2024-02-27
JM545432,https://18comic.vip/album/545432/,仅仅想爱着彼此 要怎样选择呢 [透明声彩汉化组] (C103) [コロナ314 (はなぶささとし)] ただ愛しているとの選択を、 (BanG Dream!) [中国翻訳],"C103, 百合, 校服","かうちぽてと, コロナ314",,中文,42,2024-02-24
JM467094,https://18comic.vip/album/467094/,[白杨汉化组] [ゴ太郎のオールナイトファック (ゴ太郎)] 鉄槌の女戦士、魔物に敗けて犯される妄想をこじらせ死ぬより酷い目にあう [DL版] [中国翻訳],"肛交, 巨乳, 項圈, 露出, 怪物女孩, 馬尾, 強暴, 虐殺, 觸手, 百合, 群交",ゴ太郎,,中文,59,2023-07-07
JM545444,https://18comic.vip/album/545444/,[漫遊个人汉化] [光と魔法工房 (えむぽん)] ファイナルあんさやー3 (魔法少女まどか☆マギカ) [中国翻訳] [DL版],"百合, 群交",えむぽん,,中文,23,2024-02-24
JM545431,https://18comic.vip/album/545431/,再向前一步 [透明声彩汉化组] (CIRCLE Space Meeting 5th) [ヨアケ行燈 (かうちぽてと)] Re:take one step (BanG Dream!) [中国翻訳],"非H, 百合",かうちぽてと,,中文,20,2024-02-24
JM425926,https://18comic.vip/album/425926/,[私が一番かわいい (リジネッタさん)] リジネッタさんの冒険～合同誌付きスペシャルエディション～ver1.4.000 [中国翻訳],"巨乳, 扶他, 眼鏡, 催眠, 怪物女孩, 觸手, 百合, 附身, 兔女郎, 史莱姆","リジネッタさん, 私が一番かわいい",,中文,141,2023-02-19
JM544748,https://18comic.vip/album/544748/,[不咕鸟汉化组] (C67) [U.R.C (桃屋しょう猫) 織姫ちゃんでGO (ブリーチ) [中国翻訳] [カラー化],"C67, 全彩, 巨乳, 束縛, 吸奶, 扶他, 眼鏡, 強暴, 校服, 性玩具, 百合",桃屋しょう猫,,中文,33,2024-02-22
JM544743,https://18comic.vip/album/544743/,(C103) [#みまもりみもり (みもり)] ひとりのお作法 (猫又おかゆ、大空スバル),"C103, 貓女, 百合",みもり,,日文,22,2024-02-22
JM544692,https://18comic.vip/album/544692/,因為今天女友不在,百合,岩見樹代子,,中文,667,2024-02-22
JM544655,https://18comic.vip/album/544655/,微热烈火 [黄记汉化组] (C101) [スーパー銭湯 (ふくたろう)] びねつ (ラブライブ! サンシャイン!!) [中国翻訳],"C101, 百合",ふくたろう,,中文,29,2024-02-22
JM544649,https://18comic.vip/album/544649/,"只要爱着彼此就好 [透明声彩汉化组] (C102) [コロナ314 (はなぶささとし)] ただ""愛している""と、それだけを。 (BanG Dream!) [中国翻訳]","C102, 校服, 百合",はなぶささとし,,中文,36,2024-02-22
JM544489,https://18comic.vip/album/544489/,小白和明明只是在色色而已 [透明声彩汉化组] [夢幻機動舎 (比良泉)] シロミケがエッチするだけ (ハイスクール・フリート) [中国翻訳] [DL版],"校服, 百合",比良泉,,中文,37,2024-02-21
JM544633,https://18comic.vip/album/544633/,[西村はるか] SM艶魔 [中国翻訳],"乳環, 百合, 單行本",西村はるか,,中文,174,2024-02-22
JM544631,https://18comic.vip/album/544631/,[すえひろがり] 花のいろ,"露出, 百合, 劇情向, 單行本",すえひろがり,,日文,211,2024-02-22
JM544416,https://18comic.vip/album/544416/,[漫遊个人汉化] [光と魔法工房 (えむぽん)] ファイナルあんさや~2 (魔法少女まどか☆マギカ) [中国翻訳] [DL版],"百合, 過膝襪, 角色扮演",えむぽん,,中文,28,2024-02-21
JM543972,https://18comic.vip/album/543972/,[不咕鸟汉化组] [さなつき] 薬屋堕ち (薬屋のひとりごと) [中国翻訳],"百合, 巨乳, ntr, 没有百合, 不是百合(╯°□°）╯︵ ┻━┻, 黑人, 快逃！有牛！",さなつき,,中文,9,2024-02-20
JM544347,https://18comic.vip/album/544347/,[白杨汉化组] [チヨ丸] 純情ギャルちゃんとすけべなセンパイ、定点デフォルメえっ [中国翻訳],"全彩, 辣妹, 馬尾, 校服, 百合",チヨ丸,,中文,9,2024-02-21
JM544362,https://18comic.vip/album/544362/,魔族与宿敌被关在不搞好关系就出不来的房间里! (C103) [ぼちぼちの木 (ぼるしち)] まぞくは宿敵と仲良ししないと出られない部屋に、とじこめられてしまった! (まちカドまぞく) [中国翻訳],"C103, 女惡魔, 怪物女孩, 百合",ぼるしち,,中文,39,2024-02-21
JM544355,https://18comic.vip/album/544355/,[此花] 泡の華 (ワンピース) [中国翻訳],"全彩, 巨乳, 漁網襪, 眼鏡, 手套, 強暴, 假陽具, 百合, 卡莉法, カラー化",此花,,中文,30,2024-02-21
JM543495,https://18comic.vip/album/543495/,[R18-G] unnamed 3d gallery,"巨乳, 吊帶襪, 女忍者, 連體衣, 軍服, 戀屍, 強暴, 虐殺, 過膝襪, 百合, 3D",N/A,,,78,2024-02-18
JM543675,https://18comic.vip/album/543675/,[禁漫漢化組](C103)[白玉もち(白玉もち)]ブルアカ百合まとめ(ブルーアーカイブ),"C103, 百合, 禁漫書庫",白玉もち,,中文,50,2024-02-19
JM543642,https://18comic.vip/album/543642/,[風船クラブ] ふるん!,"巨乳, 乳汁, 強暴, 性玩具, 過膝襪, 假陽具, 百合, 單行本",風船クラブ,,日文,165,2024-02-19
JM543296,https://18comic.vip/album/543296/,Arknights - (遅刻)エクシアのバースデーパーティ (kataokasan),"全彩, 百合, 扶她, 群交, 肛交",kataokasan,,中文,6,2024-02-17
JM543266,https://18comic.vip/album/543266/,[4chan] Mahoako colored panels (Mahou Shoujo Ni Akogarete),"魔法少女, CG, 百合, 非H",4chan,,,176,2024-02-17
JM543240,https://18comic.vip/album/543240/,她们的新婚之夜 [透明声彩汉化组] (超G魂2023) [百景 (敬礼)] Their wedding night (機動戦士ガンダム 水星の魔女) [中国翻訳],"黑肉, 百合",敬礼,,中文,34,2024-02-17
JM543103,https://18comic.vip/album/543103/,[葱鱼个人汉化] (C102) [むしゃぶる (武者サブ)] ヤリたがりな僕ら [DL版],"C102, 泳裝, 百合, 不是百合, 并非百合",武者サブ,,中文,112,2024-02-17
JM542859,https://18comic.vip/album/542859/,[tentakuru个人汉化] (C95) [三毛猫飯店 (坂本カフカ)] 押田の調教ごっこ (ガールズ&パンツァー) [中国翻訳],"C95, 阿黑顏, 貞操帶, 性玩具, 放尿, 百合",坂本カフカ,,中文,19,2024-02-16
JM543526,https://18comic.vip/album/543526/,[Dodok] Gravel Manga （アークナイツ） （無修正）[中国翻訳],"無修正, 肛交, 藥物, 多毛, 乳汁, 中出, 強暴, 性玩具, 百合, 百合控迴避",Dodok,,中文,35,2024-02-18
JM542646,https://18comic.vip/album/542646/,[BLUE氪个人翻译] [弄覧少女 (tat)] 酸欠百合[中国翻訳],"調教, 束縛, 性玩具, 百合",tat,,中文,16,2024-02-15
JM542824,https://18comic.vip/album/542824/,姐姐！我先#發個文-第1話,"非H, 韓漫, 百合, 完結",GEONWOO,,中文,364,2024-02-16
JM542560,https://18comic.vip/album/542560/,[狸花遊山萩漢化] [하노] ことしほ (アイドルマスター ミリオンライブ!) [中国翻訳],"非H, 百合",하노,,中文,30,2024-02-15
JM543967,https://18comic.vip/album/543967/,二次元狂热051期 Two Dimensions Mania 051,"非H, 百合",N/A,,中文,116,2024-02-20
JM542384,https://18comic.vip/album/542384/,[禁漫漢化組](C103)[えあと工房(えあとかいり)]ヒメゴトアーカイブ(ブルーアーカイブ),"C103, 百合, 禁漫書庫, 手淫",えあとかいり,,中文,20,2024-02-15
JM542582,https://18comic.vip/album/542582/,[Alien] 星鐵ー皮,"足交, 乳交, 連褲襪, 皮物, 雙馬尾, 扶他, 透視, 百合, 3D",Alien,,中文,281,2024-02-15
JM542531,https://18comic.vip/album/542531/,太喜欢姐姐 就把恋之瞳睁开了 [ころもにゅ (えろ豆)] お姉ちゃん好きすぎてサードアイ開けてみた! (東方Project) [中国翻訳] [DL版],"非H, 劇情向, 百合, 搞笑, 眼交",えろ豆,,中文,20,2024-02-15
JM595508,https://18comic.vip/album/595508/,[夜伽草紙 (よとぎ)] 親友は私の着せ替えアクメ人形 [中国翻訳] [DL版],"催眠, 百合, 纯爱",よとぎ,,中文,62,2024-02-12
JM542163,https://18comic.vip/album/542163/,假面舞会 [KeinV] 仮面舞踏会 (原神) [中国語],"巨乳, 百合, 非百合, 乱交, ntr",KeinV,,中文,15,2024-02-14
JM540929,https://18comic.vip/album/540929/,(C101) [Monochrome (月館りの)] 刻甘はえっちがしたい! (原神),"C101, 百合, 中出, 乳交, 口交",月館りの,,中文,35,2024-02-08
JM541629,https://18comic.vip/album/541629/,[BLUE氪个人翻译] [弄覧少女 (tat)] SMマッチング～緊縛お嬢・拘束ギャル～[中国翻訳],"綁縛與調教, 遮眼, 束縛, 塞口器, 乳膠衣, 百合",tat,,中文,24,2024-02-11
JM540713,https://18comic.vip/album/540713/,[白杨汉化组] [末端冷え性 (トンカラトン)] 魔法少女電撃責め [中国翻訳],"束縛, 旗袍, 電擊, 魔法少女, 觸手, 百合",トンカラトン,,中文,51,2024-02-08
JM540558,https://18comic.vip/album/540558/,[一青二白汉化组×泡菜百合汉化组] [ミズタマ] マリッジ・バトル！04 婚姻・战争！04,"非H, 劇情向, 百合",ミズタマ,,中文,25,2024-02-07
JM540710,https://18comic.vip/album/540710/,东乡一个人涩涩的妄想 [透明声彩汉化组] (C102) [食べ放題 (生肉)] CARESS MY FANTASY/東郷さん妄想ひとりえっち本 [中国翻訳] [DL版],"C102, 吊帶襪, 內衣, 手淫, 過膝襪, 百合",生肉,,中文,51,2024-02-07
JM540863,https://18comic.vip/album/540863/,[透明声彩汉化组] (僕らのラブライブ!40) [帰宅時間 (きたく)] ときめきU(You)topia (ラブライブ! 虹ヶ咲学園スクールアイドル同好会),"兔女郎, 吊帶襪, 眼鏡, 群交, 多毛, 連體衣, 馬尾, 過膝襪, 雙馬尾, 百合",きたく,,中文,24,2024-02-08
JM540511,https://18comic.vip/album/540511/,地下偶像的桃色生活 01-02 [酒宝ahj],"顏射, 兔女郎, 多毛, 手淫, 乳貼, 貧乳, 百合, 3D, HHH",酒宝ah,,中文,30,2024-02-07
JM540197,https://18comic.vip/album/540197/,悸动之吻 爱于甜蜜 愁于苦涩 水乳交融 [种植园汉化] (C103) [晴時々雪 (ものか)] スイートキス ビタースイーツ (ブルーアーカイブ) [中国翻訳],"C103, 校服, 雙馬尾, 百合, 非H",ものか,,中文,24,2024-02-06
JM540077,https://18comic.vip/album/540077/,(C103) [Fatalpulse (朝凪)] 画礫35 (よろず) [中国翻訳],"C103, 獸交, 巨乳, 怪物女孩, 中出, 喝尿, 過膝襪, 百合, 假百合, 这tm不是百合！, 非百合慎入",朝凪,,中文,16,2024-02-06
JM540273,https://18comic.vip/album/540273/,關係很好的女冒險者 [沒有漢化],"巨乳, 大陰蒂, 項圈, 妖精, 群交, 手淫, 修女, 自慰器, 史萊姆, 潮吹, 過膝襪, 觸手, 假小子, 百合, 劇情向",ゆかたろ,,中文,193,2024-02-06
JM540185,https://18comic.vip/album/540185/,[大友同好会] [Roentgen (ゐおり)] イン・ザ・ムーンライト (キラッとプリ☆チャン) [中国翻訳] [DL版],"非H, 百合",ゐおり,,中文,33,2024-02-06
JM540182,https://18comic.vip/album/540182/,[大友同好会] (Girls Love Festival 37) [アストラッテ (そらと)] Brand new Days! (アサルトリリィ) [中国翻訳],"非H, 校服, 百合",そらと,,中文,23,2024-02-06
JM540181,https://18comic.vip/album/540181/,所有的答案都在这里 [桃子冰沙汉化组] (例大祭18) [山鳥エリア (山鳥おふう)] 全ての答えは此処に (東方Project) [中国翻訳],"百合, 巨乳, 非h",山鳥おふう,,中文,10,2024-02-06
JM540180,https://18comic.vip/album/540180/,一起去赏花吧！ [桃子冰沙汉化组] (例大祭20) [セキセイ] お花見行こっ! (東方Project) [中国翻訳],"非H, 百合, 巨乳",セキセイ,,中文,24,2024-02-06
JM540184,https://18comic.vip/album/540184/,不再在保健室里做了 [大友同好会] (C94) [ぽぽケット (ポネクサン)] 保健室ではもうしません (HUGっと! プリキュア) [中国翻訳],"C94, 百合, 貧乳",ポネクサン,,中文,23,2024-02-06
JM539920,https://18comic.vip/album/539920/,粉红色的连绵 [碧蓝档案百合组] [夢の跡地 (幽芽)] 薄紅色に連なって (ブルーアーカイブ) [中国翻訳],"非H, 百合",幽芽,,中文,36,2024-02-05
JM539918,https://18comic.vip/album/539918/,流星的归宿 [碧蓝档案百合组] [夢の跡地 (幽芽)] 落ちた星が流れつく先は (ブルーアーカイブ) [中国翻訳],"非H, 百合",幽芽,,中文,48,2024-02-05
JM539467,https://18comic.vip/album/539467/,(C103) [メルトシンドローム (藤村らむ)] ●●なんて効かないもんっ (ブルーアーカイブ),"C103, 性玩具, 貧乳, 百合",藤村らむ,,日文,18,2024-02-04
JM539280,https://18comic.vip/album/539280/,[tentakuru个人汉化]  [焼きトリ定食 (トリヤロウ)] リョウさんだって雌なんですよね (ぼっち・ざ・ろっく!) [中国翻訳] [DL版],"百合, 扶他, 連褲襪",トリヤロウ,,中文,8,2024-02-03
JM539873,https://18comic.vip/album/539873/,(C103) [モレリークス (モレ)] 梢と花帆の初夜 (ラブライブ! 蓮ノ空女学院スクールアイドルクラブ),"C103, 馬尾, 百合",モレ,,日文,30,2024-02-05
JM539251,https://18comic.vip/album/539251/,艾妲的私密日記[本篇+終章] [Ray] Ada’s Private Diary (Unlight),"CG, 無修正, 百合, 巨乳, 獸姦, 透視, 群交",Ray,,中文,46,2024-02-03
JM539270,https://18comic.vip/album/539270/,友好的女冒險者之間乾柴烈火  [沒有漢化] (C103) [その他大勢Z (ゆかたろ)] なかよし女冒険者は熱に浮かされて… [中国翻訳] [DL版],"C103, 巨乳, 群交, 百合",ゆかたろ,,中文,37,2024-02-03
JM536792,https://18comic.vip/album/536792/,创作百合合集本7【透明声彩汉化组】,"辦公女郎, 項圈, 女僕, 病嬌, 百合, 劇情向, 非H","kisaragi, sonami, 食べ放题, 生肉",,中文,81,2024-02-01
JM536491,https://18comic.vip/album/536491/,[東雲舞樹] PAST PRINCESS,"巨乳, 口交, 束縛, 顏射, 群交, 中出, 強暴, 百合, 劇情向, 單行本",東雲舞樹,,日文,186,2024-01-31
JM536313,https://18comic.vip/album/536313/,[Cauli个人汉化] [草野郎] ブルアカ洗脳ウイ＆コハル (ブルーアーカイブ) [中国翻訳],"附身, 百合, 全彩, 催眠",草野郎,,中文,8,2024-01-30
JM536289,https://18comic.vip/album/536289/,[菜さん] 狩人と標的① (崩壊スターレイル) [中国語],"百合, 連褲襪, 不是百合，里面这是男主, 扶他",菜さん,,中文,7,2024-01-30
JM536027,https://18comic.vip/album/536027/,世界第一喜歡歐派,"百合, 歡樂向",昆布わかめ,,中文,1078,2024-01-29
JM535967,https://18comic.vip/album/535967/,最喜欢胖次的日富美酱 [碧蓝档案百合组] (C103) [SAKURA (栗原さくら)] おパンツ大好きヒフミちゃん (ブルーアーカイブ) [中国翻訳] [DL版],"C103, 非H, 劇情向, 搞笑, 百合",栗原さくら,,中文,42,2024-01-29
JM535964,https://18comic.vip/album/535964/,[沒有漢化] [シマテイエン (志真)]百合コレ ～Lilly Collection～ [中国翻訳],"非H, 百合",志真,,中文,39,2024-01-29
JM535648,https://18comic.vip/album/535648/,[奢侈的彩凤个人汉化](C103)[遮断活動 (給水係)] 女淫魔は魔法少女が大好きですッ!! [中国翻訳] [DL版],"C103, 項圈, 女惡魔, 群交, 怪物女孩, 魔法少女, 百合",給水係,,中文,48,2024-01-28
JM536240,https://18comic.vip/album/536240/,(C103) [すたーだすとくれいどる (永山ゆうのん)] 今日から私のお姉さま (オリジナル),"C103, 巨乳, 學校泳裝, 過膝襪, 百合",永山ゆうのん,,日文,22,2024-01-30
JM535599,https://18comic.vip/album/535599/,後輩陷阱 [沒有漢化] [Sky Dogma (ぱんだこりゃ)]コウハイトラップ [中国翻訳],"內衣, 百合",ぱんだこりゃ,,中文,10,2024-01-28
JM535377,https://18comic.vip/album/535377/,[鬼畜王汉化组]  [doumou] 私は女の子が好きだったはずなのに [DL版],"C102, 百合, 巨乳, 校服, 性玩具, 群交, 黄牛品尝百合反被榨干, 女性支配, 黄毛巧遇魅魔拼尽全力无法战胜","doumou, ドウモウ",,中文,213,2024-01-28
JM535586,https://18comic.vip/album/535586/,体罚（K记翻译）[matsumoto shao] Good Bye Britain School of Corporal Punishment,"CG, 肛交, 豐滿, 綁縛與調教, 束縛, 女性支配, 塞口器, 眼鏡, 乳膠衣, 戴面具, 校服, 性玩具, 打屁股, 過膝襪, 百合",matsumoto-shao,,中文,16,2024-01-28
JM535349,https://18comic.vip/album/535349/,[二人一狗汉化组][アオイ旅ビト (モンキ)] エデンのキメセクハーレム (ブルーアーカイブ) [中国翻訳] [DL版],"C103, 阿黑顏, 口交, 藥物, 後宮, 中出, 透視, 群交","モンキ, アオイ旅ビト",,中文,29,2024-01-28
JM535310,https://18comic.vip/album/535310/,(C103) [しろた本舗 (しろた)] いろクロまとめ① (風真いろは、沙花叉クロヱ),"巨乳, 百合, 全彩",しろた,,日文,38,2024-01-27
JM535561,https://18comic.vip/album/535561/,[さけのさかな (ハヤスミ)] マイラブリーウルトラスーパーエンジェル北白河先生 (東方Project) [中国翻訳] [DL版],"純愛, 口交, 透視",ハヤスミ,,中文,13,2024-01-28
JM534846,https://18comic.vip/album/534846/,(C102)[ぶた小屋 (ケミガワ)] ボクが手に入れた超能力 4 [中国翻訳],"C102, 肛交, 豐滿, 大乳暈, 巨尻, 巨乳, 多毛, 熟女, 洗腦, 中出, 母女丼, 馬尾, 群交, 爆肛, 口交, 舔陰, 坐臉, 接吻, 母親, 媽媽, 亂倫, 多口口交, 乳交, 氣味, 出汗, 百合, 催眠, 超乳","ケミガワ, ぶた小屋, [ぶた小屋",,中文,36,2024-01-26
JM534899,https://18comic.vip/album/534899/,[黎欧出资汉化] (C103) [きのこなべ避難所 (まいたけ)] 半仙の彼女 (原神) [中国翻訳],"C103, 非H, 百合, 百合",まいたけ,,中文,34,2024-01-26
JM534961,https://18comic.vip/album/534961/,[黒澤カルラ] 露出プレイする百合ップル(後),"露出, 百合",黒澤カルラ,,中文,34,2024-01-26
JM534683,https://18comic.vip/album/534683/,我在镜之国度变成了女生～在性别颠倒的世界里贪恋女性快感的故事～ [Cauli个人汉化] [TSF妄想蓄積所(皆月ななな、べってい)]オレは鏡の国でオンナに変わる～性別反転世界で女の快感を貪る話～[中国翻訳],"手淫, 百合, 換身, 性转, 非百合","皆月ななな, べってい",,中文,37,2024-01-25
JM534751,https://18comic.vip/album/534751/,丘丘人的能力 重置版 01-03 [月下独酌],"口交, 附身, 百合, 3D",月下独酌,,中文,198,2024-01-25
JM534633,https://18comic.vip/album/534633/,[momo个人汉化] [世羅吉。] 囚われて (COMIC クリベロン DUMA 2024年1月号 Vol.56) [中国翻訳],"阿黑顏, 肛交, 巨乳, 束縛, 眼鏡, 多毛, 超乳, 熟女, 人妻, 強暴, 性玩具, 假陽具, 百合",世羅吉,,中文,27,2024-01-25
JM534662,https://18comic.vip/album/534662/,[Marialite (桃虫花草)] 女子校生潜入ルポ ～犯罪者が女の子に憑依してみた～ [中国翻訳],"巨乳, 手淫, 催眠, 附身, 校服, 泳裝, 教師, 百合, 性转, 假小子",桃虫花草,,中文,35,2024-01-25
JM541283,https://18comic.vip/album/541283/,(C103) [邪屋。(邪武丸)] ヨコシマスケブログ(ガールズ&パンツァー) [中国翻訳],"C103, 百合, 扶他, 巨乳, 黑肉",邪武丸,,中文,70,2024-02-10
JM534485,https://18comic.vip/album/534485/,[不咕鸟汉化组] (C103) [ヒロシマ・ポン酢 (ヒロポンズ)] ドスケベ催眠にかかって乳首開発することになったけど 最強女騎士と地獄の番犬だったから超楽勝だったんだがw (戌亥とこ、フレン・E・ルスタリオ) [中国翻訳] [DL版],"C103, 大乳暈, 巨乳, 遮眼, 犬娘, 催眠, 百合, 乳首开发",ヒロポンズ,,中文,39,2024-01-25
JM534334,https://18comic.vip/album/534334/,[司書房] 赤い魅惑,"束縛, 百合, 群交, 單行本",司書房,,日文,162,2024-01-24
JM534141,https://18comic.vip/album/534141/,《残酷！光之恶魔！》后续 01-06（完）（缺第3话） [楼下的小黑],"巨乳, 百合, 3D",楼下的小黑,,中文,360,2024-01-23
JM534166,https://18comic.vip/album/534166/,COMIC BAVEL 2023年9月号 [中国翻訳] [無修正] [DL版],"巨乳, 百合, 連褲襪, 不是百合, 哪个北七乱打, NTR？, 无修正",多作者,,中文,482,2024-01-23
JM534050,https://18comic.vip/album/534050/,(C103) [大仕掛け(山家大右衛門)] 女の子に慣れすぎてしまって失われたお兄ちゃんの男の自信を取り戻すHな本(お兄ちゃんはおしまい!) [中国翻訳],"C103, 百合, 亂倫, 口交, 中出, 扶他, 只有兄妹",山家大右衛門,,中文,27,2024-01-23
JM534168,https://18comic.vip/album/534168/,COMIC BAVEL 2023年8月号 [中国翻訳] [無修正] [DL版],"巨乳, 百合, 連褲襪, 兔女郎, 百合控迴避",多作者,,中文,635,2024-01-23
JM533508,https://18comic.vip/album/533508/,(C74) [果物物語 (黒石りんご)] エヴァ？ (新世紀エヴァンゲリオン) [中国翻訳],"C74, 肛交, 巨乳, 扶他, 乳環, 性玩具, 百合",黒石りんご,,中文,26,2024-01-21
JM533784,https://18comic.vip/album/533784/,变成他人的药水6 [贽殿遮那个人汉化] (C103) [千変万化式 (DATE)] 他人になるクスリ6 [中国翻訳] [DL版],"C103, 巨乳, 手淫, 附身, 百合, 劇情向",DATE,,中文,22,2024-01-22
JM533969,https://18comic.vip/album/533969/,[ドリルムラタ] ロマンチカ。,"肛交, 巨乳, 束縛, 塞口器, 眼鏡, 中出, 乳交, 過膝襪, 泳裝, 教師, 放尿, 百合, 群交, 劇情向, 單行本",ドリルムラタ,,日文,169,2024-01-23
JM533286,https://18comic.vip/album/533286/,[奢侈的彩凤个人汉化] [杏ちゃん★会長のぽつり部 (杏ちゃん★会長)] Futa x Yuri ～オサナなふたり～,"全彩, 扶他, 手淫, 中出, 校服, 透視, 百合",杏ちゃん★会長,,中文,35,2024-01-21
JM421055,https://18comic.vip/album/421055/,[BQJ] 原神 风与雪的奏章,"足交, 扶他, 手套, 連褲襪, 皮物, 百合, 3D, 劇情向, 原神, 涩涩, 合集",BQJ,,,742,2023-02-06
JM533012,https://18comic.vip/album/533012/,旅行日记里不能记录的事情。2  [XK007冷门汉化] (第2回ウルトラサマーフェスタ) [まだ子屋 (まだ子)] 旅々日記には記せなかったコト。2 (魔女の旅々) [中国翻訳],"魔法少女, 過膝襪, 女巫, 百合, 群交, 劇情向, 不是百合快跑, 百破",まだ子,,中文,35,2024-01-20
JM218850,https://18comic.vip/album/218850/,[WTM直接漢化] [霜降りまぐろ]ドM裡規模女子が拘束百合えっちで女同士の良さを教え込まれちゃう本,"百合, 束縛, 校服, 調教, 放尿",霜降りまぐろ,,中文,47,2020-10-14
JM532480,https://18comic.vip/album/532480/,[ひな姫] くっ殺せの姫騎士となり、百合娼館で働くことになりました。vol.1【電子限定ペーパー付き】,"百合, 劇情向, 單行本",ひな姫,,日文,674,2024-01-18
JM532399,https://18comic.vip/album/532399/,拘束百合1-3 [辣翅溜鱼],"束縛, 塞口器, 百合",辣翅溜鱼,,中文,66,2024-01-18
JM532381,https://18comic.vip/album/532381/,Yiduan自绳自缚的布洛尼亚,"束縛, 塞口器, 百合",Yiduan,,中文,20,2024-01-18
JM529323,https://18comic.vip/album/529323/,[Mercury Magic (水聖のあ)] まだ我慢できるよね?+短編3作品 [DL版],"校服, 放尿, 百合",水聖のあ,,中文,86,2024-01-10
JM532028,https://18comic.vip/album/532028/,[路过的骑士汉化组] [川上真樹] フタナリのエルフ [中国翻訳],"肛交, 巨乳, 黑肉, 妖精, 扶他, 百合, 劇情向",川上真樹,,中文,207,2024-01-17
JM494272,https://18comic.vip/album/494272/,[八尋ぽち] まん♡ぱい〜特濃スケベスト〜 [DL版],"劇情向, 群交, 百合, 單行本, 纯爱",八尋ぽち,,日文,311,2023-09-14
JM532009,https://18comic.vip/album/532009/,从同学沦为家奴 [lzfd] from classmate to slave 01-13.1,"舔足, 百合, 3D, 调教, 坐脸, 饮尿",wanderers,,中文,453,2024-01-17
JM532313,https://18comic.vip/album/532313/,[不咕鸟汉化组] [白の葉 (シロハ)] 退魔師アイナ〜妖魔エレム編〜 [中国翻訳],"巨乳, 女惡魔, 怪物女孩, 百合",シロハ,,中文,49,2024-01-17
JM532006,https://18comic.vip/album/532006/,我的女友是女同 01-07 [wanderers],"女性支配, 百合, 群交",wanderers,,中文,65,2024-01-17
JM531768,https://18comic.vip/album/531768/,基沃托斯百合爱【透明声彩汉化组】 (C103) [エクラベ (へのえの)] キヴォトスにおとこがぜんぜんいないならモブどうしでゆりこういにふけることがあってもしかたないよね。 (ブルーアーカイブ),"C103, 遮眼, 百合, 好纱ml仙人",へのえの,,中文,28,2024-01-16
JM531744,https://18comic.vip/album/531744/,将这份真心寄于思念【透明声彩汉化组】 (C103) [すれちがい交信 (na／ ツナ)] その真心に想いをよせて (ブルーアーカイブ),"C103, 校服, 百合, 无H","na, ツナ",,中文,47,2024-01-16
JM531645,https://18comic.vip/album/531645/,灵梦被早苗做H事情的本 [毛虫汉化组] [Charcoal Tail (木炭)] 霊夢さんが早苗さんにいっぱいえっちなことをされる本 (東方Project) [中国翻訳] [DL版],"百合, 內衣",木炭,,中文,20,2024-01-16
JM509707,https://18comic.vip/album/509707/,[79%汉化组] [運命のイカスミ (春雨)] スーパーイド (東方Project) [中国翻訳] [DL版],"阿黑顏, 亂倫, 手淫, 潮吹, 百合",春雨,,中文,28,2023-11-12
JM531465,https://18comic.vip/album/531465/,【透明声彩汉化组】 愛していいのは_カラダだけ７,百合,"kisaragi, sonami, 生肉",,中文,46,2024-01-15
JM511879,https://18comic.vip/album/511879/,[79%汉化组] [호태자] Vastaya Bitches (League of legends),"百合, 巨乳, 惡魔女孩",호태자,,中文,51,2023-11-21
JM531306,https://18comic.vip/album/531306/,必输无疑的凝胶相扑[含羞紫罗兰个人汉化] [pon]負け確アナルゼリー相撲,"肛交, 巨尻, 灌腸, 張口, 西瓜肚, 排泄, 百合",pon,,中文,25,2024-01-15
JM530990,https://18comic.vip/album/530990/,[k8on]お兄ちゃんが TSされる漫画,"百合, 性玩具, 內衣, 性玩具, 性转, 乱伦",k8on,,中文,20,2024-01-15
JM531291,https://18comic.vip/album/531291/,公主在此（K记翻译） [Kinkymation] Princesses's Domain,"全彩, 肛交, 巨乳, 妖精, 怪物女孩, 百合, 群交",Kinkymation,,中文,25,2024-01-15
JM530937,https://18comic.vip/album/530937/,[猫岛汉化组](C103) [ジャム理科 (まどかひふみ)] なかよしのふたり (BanG Dream!),"C103, 百合, 校服, 自慰",まどかひふみ,,中文,23,2024-01-14
JM530984,https://18comic.vip/album/530984/,[のりんこ] ぷり★ばーん (ガールズ&パンツァー) [中国翻訳] [DL版],"兔女郎, 馬尾, 雙馬尾, 百合",のりんこ,,中文,14,2024-01-15
JM530929,https://18comic.vip/album/530929/,(C103) [やるしかない (にっしっし)] セレじょを買う (にじさんじ) [DL版],"C103, Vtuber, 吸蛋蛋, 巨乳, 口交, 漁網襪, 飲精, 手淫, 後宮, 多重口交, 口交, 中出, 乳交, 貧乳, 潮吹, 百合, 群交",にっしっし,,日文,36,2024-01-14
JM530932,https://18comic.vip/album/530932/,(C103) [マカロニケシゴム (メリケン)] 勇者が魔王に憑依する話 (オリジナル) [DL版],"C103, 巨乳, 換身, 吸奶, 黑肉, 吊帶襪, 手套, 怪物女孩, 乳汁, 內衣, 手淫, 馬尾, 過膝襪, 百合",メリケン,,日文,48,2024-01-14
JM532005,https://18comic.vip/album/532005/,[79%汉化组] (秋季例大祭4) [こちょこちょ高校 (梵典)] 神奈子さまのエアロ日和 (東方Project) [中国翻訳],"豐滿, 大乳暈, 巨乳, 多毛, 連體衣, 連褲襪, 百合",梵典,,中文,20,2024-01-17
JM530898,https://18comic.vip/album/530898/,[tep2fun] 牝贄学園～精液から排泄物まで処理する人間便器に堕ちた少女・弓原郁美～ [中国翻訳],"阿黑顏, 肛交, 巨乳, 口交, 束縛, 糞便, 淩辱, 西瓜肚, 中出, 喝尿, 肉便器, 排泄, 校服, 性玩具, 放尿, 透視, 百合, 劇情向",tep2fun,,中文,54,2024-01-14
JM530557,https://18comic.vip/album/530557/,[透明声彩汉化组] (C103) [チーズ酵母 (なか)] 固め屋なつめ [中国翻訳],"C103, 束縛, 史萊姆, 百合",なか,,中文,27,2024-01-14
JM530556,https://18comic.vip/album/530556/,春天 百合 涩涩 【透明声彩汉化组】[食べ放題 (生肉)]  はる、ゆり、えっち,"兔女郎, 校服, 百合",生肉,,中文,18,2024-01-14
JM530528,https://18comic.vip/album/530528/,(C103) [その他大勢Z (ゆかたろ)] なかよし女冒険者は熱に浮かされて (オリジナル) [DL版],"C103, 巨乳, 百合, 群交",ゆかたろ,,日文,35,2024-01-14
JM530279,https://18comic.vip/album/530279/,[Cauli个人汉化] (C103) [ツリサス]ぼっちで死んだ俺が美少女ナースになった話 [中国翻訳],"C103, 阿黑顏, 泳裝, 口交, 催眠, 中出, 護士, 乳交, 附身, 雙胞胎, 百合, 非百合, 魂穿, 性转, 闪烁",ツリサス,,中文,45,2024-01-12
JM401485,https://18comic.vip/album/401485/,(Like!Love!Live!9) [virophilia (織日ちひろ)] カーテンコールと呼ぶには甘美過ぎた (ラブライブ! 虹ヶ咲学園スクールアイドル同好会) [中国翻訳],"劇情向, 巨乳, 扶他, 百合, 馬尾",織日ちひろ,,中文,32,2022-12-03
JM530186,https://18comic.vip/album/530186/,[Waffle] 妹と彼女 それぞれの選択(後半),"遊戲CG, 口交, 束縛, 處女, 手淫, 中出, 傷疤, 百合, 亂倫",サブロー,,中文,923,2024-01-12
JM530184,https://18comic.vip/album/530184/,[Waffle] 妹と彼女 それぞれの選択(前半),"遊戲CG, 口交, 束縛, 處女, 手淫, 中出, 傷疤, 百合, 亂倫",サブロー,,中文,821,2024-01-12
JM530151,https://18comic.vip/album/530151/,[瑞树汉化组] [即オチ少女 (鏡乃もちこ)] TSきょうだい [中国翻訳] [DL版],"束縛, 黑肉, 群交, 辣妹, 校服, 百合, 劇情向, 性转, TS",鏡乃もちこ,,中文,42,2024-01-12
JM530091,https://18comic.vip/album/530091/,[すずぽに (すずのもく)] 触手売りのフィエラ [中国翻訳] [無修正] [DL版],"無修正, 觸手, 百合, 怪物女孩",すずのもく,,中文,40,2024-01-12
JM530087,https://18comic.vip/album/530087/,[すずぽに (すずのもく)] 触手売りのフィエラ 2 [中国翻訳] [無修正] [DL版],"無修正, 觸手, 百合, 怪物女孩",すずのもく,,中文,40,2024-01-12
JM530144,https://18comic.vip/album/530144/,[猫岛汉化组] (C103) [VOLUTES (玄鉄絢)] Say MaMa (BanG Dream!) [中国翻訳],"C103, 亂倫, 人妻, 校服, 百合, NTR","雪明碳鐵, 玄铁绚",,中文,24,2024-01-12
JM530134,https://18comic.vip/album/530134/,千夜的故事 01-12 [Snow],"3D, 百合",Snow,,中文,482,2024-01-12
JM294501,https://18comic.vip/album/294501/,用邪眼的催眠淫力讓學生會百合女子們從處女強制畢業!! 無修正 [風的工房][無碼][あべもりおか] 邪眼の催眠淫力で生徒会レズ女子達の処女を強制レ×プ!!,"無修正, 後宮, 肛交, 百合, 處女, 催眠, 群交, 轮奸, 滥交, 百合只不过是向男人堕落的前戏罢了",あべもりおか,,中文,199,2021-12-02
JM529802,https://18comic.vip/album/529802/,[牧部かたる] 淫の烙印 [中文],"獸交, 巨乳, 束縛, 露出, 女性支配, 拳交, 眼鏡, 多毛, 乳交, 喝尿, 強暴, 校服, 泳裝, 百合, 群交, 單行本",牧部かたる,,中文,172,2024-01-11
JM529797,https://18comic.vip/album/529797/,少女描绘 画师们的酒池肉林【透明声彩汉化组】 (C103) [美術部 (しづきみちる)] 貴女を描く絵師たちの酒池肉林 (オリジナル),"C103, 眼鏡, 連褲襪, 雙馬尾, 百合",しづきみちる,,中文,32,2024-01-11
JM529796,https://18comic.vip/album/529796/,少女描绘 和香实老师和蕾欧娜的S速写 【透明声彩汉化组】 [百合ビアン] 貴女を描く ワカミ先生とレオナのエスケッチ,"顏面騎乘, 眼鏡, 連褲襪, 校服, 雙馬尾, 百合",百合ビアン,,中文,41,2024-01-11
JM529794,https://18comic.vip/album/529794/,混杂的温度 融化到内芯 [透明声彩汉化组] (C103) [Surface Tension (折口ヒラタ)] 熱を交ぜて芯を溶かして (ぼっち・ざ・ろっく!) [中国翻訳],"C103, 眼鏡, 馬尾, 百合",折口ヒラタ,,中文,59,2024-01-11
JM529793,https://18comic.vip/album/529793/,[心海汉化组] (C103) [憑依ラヴァー (憑依好きの人、ゆーま)] 乗っ取（NTR）られ温泉旅行〜浸かり憑かれる新婚妻〜,"C103, 巨乳, 和服, 催眠, 中出, 附身, 百合, 性转","憑依好きの人, ゆーま, 凭依ラヴァー",,中文,40,2024-01-11
JM520335,https://18comic.vip/album/520335/,[无悔] 霓虹狂花 第3季,"虐待, 百合, 3D",无悔,,中文,553,2023-12-18
JM529620,https://18comic.vip/album/529620/,[ユヨウ] 狩猎 正篇+狩猎前传 OL篇+狩猎前传 JK篇,"全彩, 遮眼, 束縛, 塞口器, 戴面具, 連褲襪, 性玩具, 過膝襪, 百合",ユヨウ,,中文,53,2024-01-10
JM529601,https://18comic.vip/album/529601/,(C103) [おでんオーガン (ツリサス)] ぼっちで死んだ俺が美少女ナースになった話 (オリジナル) [DL版],"C103, 阿黑顏, 泳裝, 口交, 催眠, 中出, 護士, 乳交, 附身, 雙胞胎, 百合, 性转",ツリサス,,日文,45,2024-01-10
JM529496,https://18comic.vip/album/529496/,[FR汉化] (IDOL STAR FESTIV@L 10) [FUMUNUKU (みかん)] 私たち百合営業じゃありません。 (アイドルマスター ミリオンライブ!)[中国翻訳],"非H, 偶像, 百合",みかん,,中文,22,2024-01-10
JM529733,https://18comic.vip/album/529733/,(C103) [深緑茶葉園 (ちびちょす)] アオイの特別エステ施術報告書 (ブルーアーカイブ),"C103, 妖精, 百合, 碧蓝不许, 画百合, 因为碧蓝, 是你们爹",ちびちょす,,日文,24,2024-01-11
JM529471,https://18comic.vip/album/529471/,[FaFayu] 千泷最棒了！！ (リコリス・リコイル) [中国語] [無修正],"眼鏡, 透視, 百合",FaFayu,,中文,4,2024-01-10
JM529309,https://18comic.vip/album/529309/,clear moon in the winter(冬之皎月),"百合, 校服",rukialice,,中文,19,2024-01-09
JM529253,https://18comic.vip/album/529253/,【透明声彩汉化组】 ルミナス倶楽部 [美術部],"百合, 內衣, 馬尾",N/A,,中文,38,2024-01-09
JM529303,https://18comic.vip/album/529303/,(C103) [DEX+ (中寺明良)] Witch Guild 2 (オリジナル) [DL版],"C103, 阿黑顏, 肛交, 口交, 扶他, 眼鏡, 手套, 內衣, 中出, 過膝襪, 透視, 百合",中寺明良,,日文,21,2024-01-09
JM529246,https://18comic.vip/album/529246/,[FaFayu] ちさたき (リコリス・リコイル) [中国語] [無修正],"無修正, 百合",FaFayu,,中文,18,2024-01-09
JM528928,https://18comic.vip/album/528928/,[心海汉化组] (C103) [R.S.I. (りむ)] ようこそ人形の館へ [中国翻訳] [DL版],"C103, 巨乳, 扶他, 催眠, 百合, 附身",りむ,,中文,48,2024-01-09
JM529215,https://18comic.vip/album/529215/,阴蒂被偷走的巨人娘! [八八八] クリボックスになった巨人の娘! [中国翻訳],"大陰蒂, 性勒索, 電擊, 妖精, 史萊姆, 蟲洞, 百合","八八八, 蜂蜂蜂",,中文,29,2024-01-09
JM529250,https://18comic.vip/album/529250/,(C102) [南瓜とるて] 月面融解,"C102, 百合, 巨乳, 校服, 扶她",南瓜とるて,,中文,24,2024-01-09
JM527925,https://18comic.vip/album/527925/,[冴 (宇美山ミサキ)] 泥棒猫と警察犬 (キャッツ・アイ、シティーハンター) [DL版] [中国翻訳][冴 (宇美山ミサキ)] 泥棒猫と警察犬 (キャッツ・アイ、シティーハンター) [DL版] [中国翻訳],"百合, 束縛, 露出",宇美山ミサキ,,中文,47,2024-01-07
JM528899,https://18comic.vip/album/528899/,(C103) [ろーぷあいらんど (みやのゆき)] 残紅の空 (ひろがるスカイ!プリキュア) [DL版],"C103, 百合, 露出, 透視",みやのゆき,,日文,31,2024-01-09
JM528216,https://18comic.vip/album/528216/,(C103) [EDGEWORTH (ぞくさん)] 怪盗お仕置き4P拘束絶頂デリシャス2 (デリシャスパーティ♡プリキュア),"C103, 束縛, 雙馬尾, 百合, 群交",ぞくさん,,日文,28,2024-01-07
JM528759,https://18comic.vip/album/528759/,[中華なると] 女子大生裕香 [DL版],"阿黑顏, 巨乳, 口交, 緊身衣, 束縛, 項圈, 緊身胸衣, 處女, 藥物, 多毛, 內衣, 手淫, 熟女, 中出, 乳交, 馬尾, 性玩具, 潮吹, 過膝襪, 桌子自慰, 百合, 群交, 劇情向, 單行本",中華なると,,日文,210,2024-01-08
JM527885,https://18comic.vip/album/527885/,充滿魅力的排泄愛好專門風俗店 蕾絲PLAY小姐 艾莉娜小姐 [臭鼬娘漢化組] [Bonsketch (ぼんすけ)] そこは魅惑のスカトロプレイヘルス レズプレイキャスト エリナ嬢 [中国翻訳] [DL版],"肛交, 緊身衣, 糞便, 灌腸, 顏面騎乘, 放屁, 多毛, 排泄, 性玩具, 嗅氣味, 假陽具, 百合, 劇情向",ぼんすけ,,中文,28,2024-01-07
JM527522,https://18comic.vip/album/527522/,[swamdrgon个人汉化] [エコギ] 百合に挟まれました。[中国翻訳],"口交, 多重口交, 口交, 馬尾, 透視, 群交, 百合, 这根本不是百合！快跑！, 假小子",エコギ,,中文,31,2024-01-06
JM527898,https://18comic.vip/album/527898/,[宇美山ミサキ] 特選の糞ババァ達 [中国翻訳],"百合, 巨乳, 束縛, 吊帶襪, 排洩",宇美山ミサキ,,中文,36,2024-01-07
JM527900,https://18comic.vip/album/527900/,(南瓜焰甜瓜汉化组) (もう何も恐くない17) [ROUTE885 (8)] 依存症 (魔法少女まどか☆マギカ) [中国翻訳],"百合, 魔法少女, 純愛","8, ROUTE885",,中文,32,2024-01-07
JM530200,https://18comic.vip/album/530200/,[猫岛汉化组] (C103) [virophilia (織日ちひろ)] 花傘 (ラブライブ! 虹ヶ咲学園スクールアイドル同好会) [中国翻訳],"C103, 百合, 巨乳, futa",織日ちひろ,,中文,36,2024-01-12
JM501674,https://18comic.vip/album/501674/,[纯情志保P汉化] [ねぼすけ菌 (白石Nスケ)] ミリシタのえっちな落描き集3 (アイドルマスター ミリオンライブ!) [中国翻訳],"強暴, 異種姦, 觸手",白石Nスケ,,中文,19,2023-10-15
JM527371,https://18comic.vip/album/527371/,[ちろたた] 皮り皮って 限定版 [DL版],"劇情向, 單行本, 阿黑顏, 巨乳, 口交, 身體改造, 墮落, 處女, 女惡魔, 扶他, 超乳, 夾腿, 手淫, 中出, 乳交, 馬尾, 附身, 校服, 人妖, 皮物, 過膝襪, 轉化, 百合",ちろたた,,日文,220,2024-01-05
JM527475,https://18comic.vip/album/527475/,(C103) [MARUTA Production (MARUTA)] ナデシコヒヨリ2nd 第3話 (オリジナル) [DL版],"C103, 百合, 劇情向",MARUTA,,日文,25,2024-01-05
JM527330,https://18comic.vip/album/527330/,(C103) [ひつじだ (くまでら)] TS俺。彼女にた～っぷり愛される話 (オリジナル),"C103, 百合, 巨乳",くまでら,,日文,30,2024-01-05
JM527062,https://18comic.vip/album/527062/,(C103) [エクラベ (へのえの)] キヴォトスにおとこがぜんぜんいないならモブどうしでゆりこういにふけることがあってもしかたないよね。 (ブルーアーカイブ),"C103, 遮眼, 百合",へのえの,,日文,26,2024-01-04
JM526936,https://18comic.vip/album/526936/,[天天神券漢化組] (C103) [りむちゃんち (リムコロ)] ゲヘナモフモフ大戦争 (ブルーアーカイブ) [中国翻訳] [DL版],"C103, 百合, 貧乳, 非百合, 非H, 河豚乱打标签, 无百合, 非百河豚快跑, 美好啊",リムコロ,,中文,50,2024-01-04
JM527085,https://18comic.vip/album/527085/,[Lowsen个人汉化] (C103) [帰宅時間 (きたく)] めっちゃLOVEホリデー (リコリス・リコイル) [中国翻訳],"C103, 巨乳, 百合",きたく,,中文,29,2024-01-04
JM526803,https://18comic.vip/album/526803/,[倶梨伽羅] 魔法 とらぶる,"劇情向, 巨乳, 熟女, 強暴, 性玩具, 假陽具, 百合, 單行本",倶梨伽羅,,日文,166,2024-01-04
JM527086,https://18comic.vip/album/527086/,[偷摸铃汉化组] (C102) (ぼっち・ざ・おんりー!) [ろっとすたじお (ろっと)] 君の家まで (ぼっち・ざ・ろっく!) [中国翻訳],"C102, 非H, 百合",ろっと,,中文,19,2024-01-04
JM526608,https://18comic.vip/album/526608/,(C103) [美術部 (しづきみちる)] 貴女を描く絵師たちの酒池肉林 (オリジナル),"C103, 百合, 內衣",しづきみちる,,日文,31,2024-01-03
JM526604,https://18comic.vip/album/526604/,(C103) [Fatalpulse (朝凪)] 画礫35 (よろず),"C103, 獸交, 巨乳, 怪物女孩, 中出, 喝尿, 過膝襪, 百合, 放尿, 非百合",朝凪,,日文,16,2024-01-03
JM526479,https://18comic.vip/album/526479/,(C103) [運命のイカスミ (春雨)] PrismLiquor Abuse (東方Project) [DL版],"C103, 醉酒, 群交, 亂倫, 百合",春雨,,日文,26,2024-01-03
JM526452,https://18comic.vip/album/526452/,因為這是大小姐的命令 [沒有漢化] (C103)[チチヅキ] お嬢様のご命令ですから [中国翻訳],"C103, 巨乳, 束縛, 多毛, 熟女, 性玩具, 潮吹, 百合",チチヅキ,,中文,37,2024-01-03
JM526130,https://18comic.vip/album/526130/,(C103) [えあと工房 (えあとかいり)] ヒメゴトアーカイブ (ブルーアーカイブ),"C103, 天使, 手淫, 百合",えあとかいり,,日文,18,2024-01-03
JM526354,https://18comic.vip/album/526354/,[わらしべ] 処女ゴコロ [DL版],"阿黑顏, 肛交, 巨尻, 巨乳, 短褲, 口交, 貓女, 處女, 露出, 中出, 乳交, 馬尾, 學校泳裝, 校服, 性玩具, 睡姦, 過膝襪, 教師, 運動服, 透視, 百合, 群交, 亂倫, 劇情向, 單行本",わらしべ,,日文,198,2024-01-03
JM526098,https://18comic.vip/album/526098/,春夢 [春雨驚螫天 (灼天)],"劇情向, 百合",灼天,,中文,20,2024-01-03
JM526097,https://18comic.vip/album/526097/,[春雨驚螫天 (灼天)]《First Time はじめての》,"校服, 百合",灼天,,中文,22,2024-01-02
JM526092,https://18comic.vip/album/526092/,[スイートピー&COCOA BREAK(大島智 大島永遠)] 放課後 Another Story2[中国翻訳] [DL版],"非H, 百合","大島智, 大島永遠",,中文,52,2024-01-02
JM526096,https://18comic.vip/album/526096/,[いくらんたん ] 放課後はキャミソールを脱いで [中国翻訳] [DL版],"內衣, 百合",いくらんたん,,中文,42,2024-01-02
JM526075,https://18comic.vip/album/526075/,[しょうさん坊主] ふわとろ彼女。 [中国翻訳] [無修正] [DL版],"無修正, 肛交, 巨乳, 出軌, 處女, 吊帶襪, 後宮, 短褲, 內衣, 女僕, 金屬盔甲, 中出, 乳交, 校服, 性玩具, 過膝襪, 出汗, 泳裝, 透視, 百合, 群交, 亂倫, 單行本",しょうさん坊主,,中文,208,2024-01-02
JM526053,https://18comic.vip/album/526053/,(C103) [チーズ酵母 (なか)] 固め屋なつめ (オリジナル),"C103, 百合, 束縛, 內衣",なか,,日文,27,2024-01-02
JM525811,https://18comic.vip/album/525811/,[やんどこ (やんばけ)] ノノミ愛してる (ブルーアーカイブ) [中国翻訳] [DL版],"非H, 百合, 校服",やんばけ,,中文,24,2024-01-02
JM525597,https://18comic.vip/album/525597/,【透明声彩汉化组】 [桜ゆう]お嬢様学校の保健の授業は先鋭的です,"露出, 遮眼, 手淫, 校服, 性玩具, 百合",桜ゆう,,中文,26,2024-01-02
JM526095,https://18comic.vip/album/526095/,[Lumo]BOCCHI THE FUCK [中国翻訳],"劇情向, 百合",Lumo,,中文,24,2024-01-02
JM525514,https://18comic.vip/album/525514/,(C103) [No Future (ガロウド、端音乱希)] 念動少女セーラースプレンダー ANOTHER FUTURE (オリジナル) [DL版],"C103, 百合, 校服, 束縛","ガロウド, 端音乱希",,日文,30,2024-01-01
JM525512,https://18comic.vip/album/525512/,(C103) [たまランド (たまの父)] 旦那の居ぬまに淫魔しよっ (オリジナル) [DL版],"C103, 百合, 魅魔, 束縛",たまの父,,日文,53,2024-01-01
JM525507,https://18comic.vip/album/525507/,(C103) [千変万化式 (DATE)] 他人になるクスリ6,"C103, 百合, 巨乳, 附身, 巨尻",DATE,,日文,21,2024-01-01
JM524328,https://18comic.vip/album/524328/,[予本个人汉化] (C103) [みずかに (のやま)] 幼馴染とえっちで仲直り [中国翻訳] [DL版],"C103, 校服, 潮吹, 百合",のやま,,中文,29,2023-12-30
JM525342,https://18comic.vip/album/525342/,(C103) [マジカル影蝶透 (影蝶透、)] ヒナちゃんががんばって赤ちゃんを産む本 (ブルーアーカイブ) [DL版],"C103, 懷孕, 百合, 出產",影蝶透、,,日文,21,2024-01-01
JM525240,https://18comic.vip/album/525240/,[地下室 (GADEN)] Jカップ人妻女教師 催眠凌辱 3,"CG, 巨乳, 束縛, 眼鏡, 熟女, 中出, 校服, 過膝襪, 教師, 透視, 百合, 全彩",GADEN,,中文,96,2024-01-01
JM525217,https://18comic.vip/album/525217/,[ヒトツカミ (奇田村光一)] 禁じられた部活 [中国翻訳],"百合, 巨乳, 校服, 排泄",奇田村光一,,中文,41,2024-01-01
JM525210,https://18comic.vip/album/525210/,[ヒトツカミ (奇田村光一)] 友達なんて糞食らえ! [中国翻訳],"百合, 露出, 巨乳, 透視",奇田村光一,,中文,44,2024-01-01
JM525215,https://18comic.vip/album/525215/,[ヒトツカミ (奇田村光一)] 快便風呂 [中国翻訳],"亂倫, 排泄, 百合",奇田村光一,,中文,43,2024-01-01
JM513580,https://18comic.vip/album/513580/,全速全身♡奉侍女僕 [大頭目] [荒岸来歩] 全速全身♡ご奉仕メイド [中国翻訳] [無修正],"肛交, 口交, 多毛, 後宮, 女僕, 馬尾, 強暴, 機器人, 過膝襪, 性玩具, 雙馬尾, 百合, 群交, 劇情向, 單行本, 無修正, 机娘",荒岸来歩,,中文,200,2023-11-27
JM524967,https://18comic.vip/album/524967/,[角都九阳个人汉化] (C103) [段々団子 (嵐屋)] ずっとぎゅってしていたい (ブルーアーカイブ) [中国翻訳],"C103, 亂倫, 過膝襪, 雙胞胎, 百合",嵐屋,,中文,18,2024-01-01
JM524856,https://18comic.vip/album/524856/,说出你的秘密吧，芙宁娜女士 [w2679067372] Arlecchino/Lumine x Furina (Part 2),"束縛, 女性支配, 舔足, 嗅氣味, 酷刑, 百合, 非H",w2679067372,,中文,54,2023-12-31
JM524830,https://18comic.vip/album/524830/,[KUMA] 純愛コンビ現代パロ (ゾンビランドサガ) [中国語],"劇情向, 百合",KUMA,,中文,60,2023-12-31
JM525182,https://18comic.vip/album/525182/,(C103) [Imitation Moon (成海優)] 彼岸の華は淫らに堕つ (リコリス・リコイル) [DL版],"C103, 巨乳, 緊身衣, 墮落, 連體衣, 機械姦, 中出, 乳環, 乳環, 過膝襪, 假陽具, 百合",成海優,,日文,28,2024-01-01
JM525175,https://18comic.vip/album/525175/,母狐狸看到了色色的未来。 [欶澜汉化组] (C103) [半里プラザー (半里バード)] メス狐は視てしまった (ブルーアーカイブ) [中国翻訳] [DL版],"C103, 阿黑顏, 獸耳, 中出, 連褲襪, 透視",半里バード,,中文,23,2024-01-01
JM524750,https://18comic.vip/album/524750/,[唄飛鳥] おちつま ～堕妻～ [DL版],"劇情向, 阿黑顏, 肛交, 獸交, 巨乳, 遮眼, 口交, 束縛, 項圈, 灌腸, 露出, 漁網襪, 眼鏡, 內衣, 手淫, 熟女, 中出, 乳交, 乳環, 強暴, 性玩具, 奴隸, 過膝襪, 假陽具, 放尿, 百合, 群交, 單行本",唄飛鳥,,日文,198,2023-12-31
JM524757,https://18comic.vip/album/524757/,[スノーベリ] 女学生 魔悦の教科書 [DL版],"劇情向, 肛交, 綁縛與調教, 巨尻, 巨乳, 短褲, 口交, 束縛, 癡漢, 熟女, 中出, 母女丼, 連褲襪, 強暴, 學校泳裝, 校服, 性玩具, 奴隸, 打屁股, 泳裝, 百合, 單行本",スノーベリ,,日文,243,2023-12-31
JM524728,https://18comic.vip/album/524728/,[桃山ジロウ] あぶない令子先生1 [DL版],"劇情向, 獸交, 束縛, 項圈, 露出, 眼鏡, 乳膠衣, 乳環, 強暴, 假陽具, 教師, 百合, 群交, 單行本",桃山ジロウ,,日文,176,2023-12-31
JM524732,https://18comic.vip/album/524732/,[中華なると ] 隷従契約 ～美囚芸能オフィス [DL版],"劇情向, 肛交, 巨乳, 遮眼, 口交, 束縛, 項圈, 緊身胸衣, 眼鏡, 熟女, 中出, 強暴, 性玩具, 奴隸, 過膝襪, 百合, 群交, 單行本",中華なると,,日文,187,2023-12-31
JM524447,https://18comic.vip/album/524447/,(C103) [段々団子 (嵐屋)] ずっとぎゅってしていたい (ブルーアーカイブ),"C103, 亂倫, 過膝襪, 百合",嵐屋,,日文,18,2023-12-31
JM524592,https://18comic.vip/album/524592/,放学后GAN姐妹茶会  (C103) [欶澜汉化组]  [おほしさま堂 (GEKO)] 放課後なか〇しティーパーティー～秘密のハーレム乱交パーティー～ (ブルーアーカイブ) [中国翻訳] [DL版],"C103, 處女, 後宮, 中出, 連褲襪, 群交",GEKO,,中文,25,2023-12-31
JM524502,https://18comic.vip/album/524502/,[不咕鸟汉化组] (C102) [Yokohama Junky (魔狩十織)] ソロハンターの生態WORLD 9 (モンスターハンター) [中国翻訳],"C102, 阿黑顏, 肌肉, 虐待, 摔跤, 百合, 劇情向",魔狩十織,,中文,34,2023-12-31
JM525198,https://18comic.vip/album/525198/,抱歉的发情圣娅 [老坑跟班花凸汉化] (C103) [らーめんらいす (らじー)] 発情セイアですまない (ブルーアーカイブ) [中国翻訳] [DL版],"C103, 中出, 獸耳, 連褲襪",らじー,,中文,29,2024-01-01
JM524338,https://18comic.vip/album/524338/,Twist Of Fortune Vol.2,"乳環, 百合, 換身","N/A, twistedtg",,中文,14,2023-12-30
JM524350,https://18comic.vip/album/524350/,(C103) [ネダオレ (あやね)] おおかみとうさぎ (オリジナル) [DL版],"C103, 巨乳, 高個女, 百合",あやね,,日文,33,2023-12-30
JM524308,https://18comic.vip/album/524308/,(C103) [最果て空間 (緋乃ひの)] こよクロ実験室 (博衣こより、沙花叉クロヱ) [DL版],"C103, 阿黑顏, 肛交, 性玩具, 尿道插入, 放尿, 百合",緋乃ひの,,日文,28,2023-12-30
JM524164,https://18comic.vip/album/524164/,(C103) [白ネギ屋 (miya9)] はいぼくユウリちゃん+マリィちゃん 総集編 (ポケットモンスター ソード・シールド) [DL版],"C103, 劇情向, 百合, 口交, 非百合, 不是百合！",miya9,,日文,92,2023-12-30
JM418509,https://18comic.vip/album/418509/,[Dokiki汉化组] [Digital] [アンソロジー] 二次元コミックマガジン 百合催眠 Vol.2,"兔女郎, 催眠, 百合",多作者,,中文,64,2023-01-29
JM524337,https://18comic.vip/album/524337/,[吼姆喵个人汉化] (C102) [ばかども。 (龍乃亮)] ステキな彼女の右隣り。 (魔法少女まどか☆マギカ) [中国翻訳],"C102, 劇情向, 百合, 无H, 6",龍乃亮,,中文,43,2023-12-30
JM524144,https://18comic.vip/album/524144/,[莉赛特汉化组] [毒田ペパ子] Pretty Little Sexy Girl (シロップ HONEY 初夜百合アンソロジー) [中国翻訳],"女性向, 百合, 非h, 不是女性向",毒田ペパ子,,中文,11,2023-12-29
JM524319,https://18comic.vip/album/524319/,[Dokiki汉化社] (サンクリ47) [Hi-Flier (レクリエール)] かなのえ! (ソ・ラ・ノ・ヲ・ト) [中国翻訳],"過膝襪, 百合",レクリエール,,中文,19,2023-12-30
JM523575,https://18comic.vip/album/523575/,[橋本セイギ] 降神 [中国語] [無修正],"無修正, 巨乳, 扶他, 馬尾, 過膝襪, 百合",橋本セイギ,,中文,14,2023-12-28
JM523852,https://18comic.vip/album/523852/,[昆童虫] インセクト・ハンター,"無修正, 獸交, 項圈, 妖精, 女性支配, 青蛙, 手套, 昆蟲, 乳膠衣, 過膝襪, 長筒靴, 百合, 群交, 單行本",昆童虫,,日文,157,2023-12-29
JM524072,https://18comic.vip/album/524072/,少女遇险 01-04 + 下克上,"束縛, 女性支配, 塞口器, 眼鏡, 手套, 乳膠衣, 過膝襪, 百合, 3D, 非h","N/A, shiny",,中文,265,2023-12-29
JM523636,https://18comic.vip/album/523636/,[不咕鸟汉化组] [白の葉 (シロハ)] 退魔師アイナ&レイカ [中国翻訳],"巨乳, 束縛, 女性支配, 塞口器, 手套, 乳貼, 性玩具, 假陽具, 瘙癢, 百合",シロハ,,中文,49,2023-12-28
JM523427,https://18comic.vip/album/523427/,[少女前線2]雷蒙先生雌堕调教メス堕ち,"巨乳, 百合",一o一凸余,,中文,7,2023-12-28
JM523281,https://18comic.vip/album/523281/,[ciaociao (あらきかなお)] 女体化した俺の爛れたアイドル生活 整合 [中国翻訳] [DL版],"肛交, 巨乳, 項圈, 群交, 乳交, 校服, 過膝襪, 百合",あらきかなお,,中文,238,2023-12-27
JM523329,https://18comic.vip/album/523329/,[syou] 百合の蕾が咲く頃に,"口交, 聖誕裝, 吊帶襪, 眼鏡, 亂倫, 內衣, 手淫, 學校泳裝, 校服, 貧乳, 過膝襪, 假陽具, 泳裝, 黑肉, 教師, 雙馬尾, 百合, 單行本",syou,,中文,204,2023-12-27
JM523061,https://18comic.vip/album/523061/,女子樂隊·淫亂百合做愛——吉他手和貝斯手，誰的手技更甚一籌？ [沒有漢化] [アウェイ田] ガールズバンド・淫・ザ・百合セックスーギタリストとベーシスト、どっちが手マン上手いの?― [中国翻訳],"劇情向, 校服",アウェイ田,,中文,45,2023-12-26
JM523079,https://18comic.vip/album/523079/,晶七洗澡H [毛虫汉化组] [千羽] あきななおふろえっち (マギアレコード 魔法少女まどか☆マギカ外伝) [中国翻訳],"貧乳, 假小子, 百合",千羽,,中文,11,2023-12-26
JM523519,https://18comic.vip/album/523519/,[スタジオ山ロマン (カワルヒ)] 処女ビッチたちのチ●ポシェア～俺の部屋に入り浸る二人の制服女子との3P性活で素人童貞を卒業した話～[中国翻訳],"巨乳, 百合, 校服, CG, 后宫, 非百合",カワルヒ,,中文,241,2023-12-28
JM523041,https://18comic.vip/album/523041/,(C103) [ゐとを菓子屋 (ゐとを)] 「…フウカさん」「ひとくちいただいても」 (ブルーアーカイブ),"C103, 項圈, 怪物女孩, 百合",ゐとを,,日文,30,2023-12-26
JM522695,https://18comic.vip/album/522695/,[TYPE.90] メイド・イン・ティーチャー [DL版],"劇情向, 阿黑顏, 肛交, 巨乳, 泳裝, 口交, 束縛, 透視, 項圈, 處女, 多重肛交, 灌腸, 拳交, 塞口器, 吊帶襪, 眼鏡, 後宮, 西瓜肚, 女僕, 手淫, 熟女, 人妻, 中出, 乳環, 懷孕, 強暴, 校服, 性玩具, 奴隸, 過膝襪, 教師, 放尿, 百合, 群交, 亂倫, 單行本",TYPE.90,,日文,215,2023-12-26
JM486076,https://18comic.vip/album/486076/,愛到讓妳臣服!! [風的工房] ][魚山ケイジ] ノックアウト!! [無修正,"風的工房, 無修正, 群交, 巨乳, 內衣, 過膝襪, 百合, 口交, 非百合, 百合控迴避, 中出, 多毛, 性玩具, 好好好打起来打起来, 66, ←宅男割口嗨也改变不了现实没女人爱, 百合只不过是向男人堕落的前戏罢了!!",魚山ケイジ,,中文,193,2023-09-06
JM522691,https://18comic.vip/album/522691/,[DON繁] レディバウンド [DL版],"阿黑顏, 肛交, 巨尻, 巨乳, 口交, 緊身衣, 束縛, 顏射, 辦公女郎, 項圈, 扶他, 眼鏡, 手套, 多毛, 乳膠衣, 手淫, 軍服, 中出, 女警, 強暴, 校服, 性玩具, 奴隸, 潮吹, 過膝襪, 教師, 觸手, 百合, 群交, 單行本",DON繁,,日文,167,2023-12-26
JM6590,https://18comic.vip/album/6590/,[鬼窪浩久] 女豹,"青年漫, 女性支配, 舔足, 眼鏡, 百合, 單行本",鬼窪浩久,,中文,1740,2018-03-14
JM522371,https://18comic.vip/album/522371/,[水野慧] 俏警花 2 (逮捕しちゃうぞ),"巨乳, 束縛, 顏射, 項圈, 拳交, 乳汁, 乳環, 女警, 強暴, 奴隸, 泳裝, 放尿, 百合, 群交, 單行本, 非百合, 不是百合",水野慧,,中文,161,2023-12-25
JM522369,https://18comic.vip/album/522369/,[水野慧] 俏警花 0 (逮捕しちゃうぞ),"肛交, 巨乳, 束縛, 藥物, 眼鏡, 乳汁, 手淫, 催眠, 女警, 強暴, 奴隸, 百合, 單行本, 有码",水野慧,,中文,156,2023-12-25
JM522019,https://18comic.vip/album/522019/,回击百合性爱 [喵喵] [桜ゆう (桜ゆう)] 返り討ち百合セ〇クス [中国翻訳],"劇情向, 校服, 潮吹, 百合",桜ゆう,,中文,34,2023-12-24
JM521860,https://18comic.vip/album/521860/,[Lowsen个人汉化] [CURL UP (murata)] リサゆきアラカルト (BanG Dream!) [中国翻訳],"非H, 百合, 純愛",murata,,中文,33,2023-12-23
JM522025,https://18comic.vip/album/522025/,失眠症少女和ASMR晚安音声 [小卡尔] [シマテイエン (志真)] 不眠症少女とASMRおやすみボイス [中国翻訳],"非H, 百合",志真,,中文,46,2023-12-24
JM203587,https://18comic.vip/album/203587/,[しょむ] 私たちは支配されながら犯される… [DL版],"劇情向, 阿黑顏, 肛交, 巨乳, 束縛, 顏射, 辦公女郎, 項圈, 處女, 藥物, 露出, 多毛, 淩辱, 熟女, 中出, 連褲襪, 強暴, 性玩具, 奴隸, 過膝襪, 教師, 百合, 群交, 亂倫, 單行本",しょむ,,"中文, 日文",184,2020-07-09
JM522020,https://18comic.vip/album/522020/,回击百合性爱2 [喵喵] [桜ゆう (桜ゆう)] 返り討ち百合セ〇クス2 [中国翻訳],"劇情向, 女惡魔, 藥物, 校服, 性玩具, 雙馬尾, 百合",桜ゆう,,中文,33,2023-12-24
JM521823,https://18comic.vip/album/521823/,等不及全熟 [莉赛特汉化组] [ヨルモ]ウェルダンは待てない（同人女百合アンソロジー） [中国翻訳],"非H, 百合",ヨルモ,,中文,18,2023-12-23
JM521807,https://18comic.vip/album/521807/,都你 [西宿舍洗衣間 (Tonton)] [中国語] [DL版],"非H, 百合",Tonton,,中文,34,2023-12-23
JM521801,https://18comic.vip/album/521801/,[阿尼]愛之形 The Shape of Love[中国語] [DL版],"全彩, 百合",阿尼,,中文,24,2023-12-23
JM521803,https://18comic.vip/album/521803/,必然性 [西宿舍洗衣間 (Tonton)] [中国語] [DL版],"非H, 百合, h",Tonton,,中文,28,2023-12-23
JM521800,https://18comic.vip/album/521800/,"水星的魔女鋼彈社雜誌插畫集 [阿尼]THE GUND-ARM,Inc MAGAZINE","全彩, 百合",阿尼,,中文,13,2023-12-23
JM521804,https://18comic.vip/album/521804/,[西宿舍洗衣間 (Tonton)]還一陣一陣的[中国語] [DL版],"眼鏡, 百合",Tonton,,中文,32,2023-12-23
JM521802,https://18comic.vip/album/521802/,就算不明白 [西宿舍洗衣間 (Tonton)]就算不明白[中国語] [DL版],"非H, 百合, 有H",Tonton,,中文,30,2023-12-23
JM521154,https://18comic.vip/album/521154/,[茜しゅうへい] 発情MILFぃ～ゆ [DL版],"肛交, 巨乳, 口交, 癡漢, 足交, 手淫, 熟女, 中出, 乳交, 性玩具, 百合, 群交, 亂倫, 單行本, 假小子",茜しゅうへい,,日文,196,2023-12-21
JM521790,https://18comic.vip/album/521790/,[さんじゅうろう] おやつの時間 + 8Pリーフレット [DL版],"巨乳, 口交, 校服, 過膝襪, 百合, 群交, 單行本",さんじゅうろう,,日文,240,2023-12-23
JM521512,https://18comic.vip/album/521512/,想強上別人的陰暗角色與想被上的活潑角色 [沒有漢化] [アウェイ田] レズレイプ シたい陰キャとされたい陽キャ [中国翻訳],"百合, 巨乳",アウェイ田,,中文,49,2023-12-22
JM520987,https://18comic.vip/album/520987/,[Nala 1588]Welcome(Dragon Ball),"全彩, 百合, 非百合, 后宫, 3P",Nala1588,,中文,22,2023-12-20
JM521146,https://18comic.vip/album/521146/,[要看本子就自己汉化] [analyst freedom (又抜ぽんち)] ZOFIA x MARIA (アークナイツ)[DL版],"獸耳, 百合, 接吻",又抜ぽんち,,中文,36,2023-12-21
JM520480,https://18comic.vip/album/520480/,(C102) [梟の郵便屋さん (上戸ルリ)] 百花侑乱-桜 (ラブライブ!虹ヶ咲学園スクールアイドル同好会) [中国翻訳],"C102, 兔女郎, 漁網襪, 群交, 乳貼, 性玩具, 雙馬尾, 百合, 劇情向",上戸ルリ,,中文,30,2023-12-19
JM520553,https://18comic.vip/album/520553/,(C99) [朝焼けの空 (朝陽)] Understand...♡♡ (アイドルマスター ミリオンライブ!) [中国翻訳],"C99, 百合",朝陽,,中文,22,2023-12-19
JM520316,https://18comic.vip/album/520316/,[种植园汉化] (C102) [HUNGRRRRY (qNdEbASeR)] 拝啓、高級授乳室より。 (ブルーアーカイブ) [中国翻訳],"C102, 束縛, 怪物女孩, 乳汁, 百合",qNdEbASeR,,中文,25,2023-12-18
JM520120,https://18comic.vip/album/520120/,[憑依(はい)る抜け道 (柊ぽぷら)] 夢幻聖姫エクスファントムseason2～ココロを堕とされる緋色の魔法少女～ [中国翻訳],"全彩, 劇情向, 眼鏡, 魔法少女, 馬尾, 附身, 校服, 過膝襪, 百合, 皮物",柊ぽぷら,,中文,66,2023-12-17
JM518353,https://18comic.vip/album/518353/,让大家一起百合的催眠APP~诶!?有人没被催眠吗!? 2[奢侈的彩凤个人汉化] (C103) [ぐつとま (タチ)] みんなでえっちな百合活アプリ ～ええ!?この中にかかってない娘がいる!? 2,"C103, 劇情向, 手淫, 催眠, 潮吹, 百合","タチ, ぐつとま",,中文,60,2023-12-11
JM520309,https://18comic.vip/album/520309/,前辈们的放松时间 [猫岛汉化组] (ぼっち・ざ・おんりー!#2) [れれBOX (れぇ)] 先輩たちの息抜き (ぼっち・ざ・ろっく!) [中国翻訳],"非H, 百合, 劇情向",れぇ,,中文,22,2023-12-18
JM521396,https://18comic.vip/album/521396/,ハッピーヌーディストビーチ～今日は海辺で百合乱交！～,"群交, 百合, 見本",mira,,中文,6,2023-12-21
JM519151,https://18comic.vip/album/519151/,爱丽・之夏・单品集！ (C102)[朝からどうしたん]アグネス・サマー・アラカルト!(ウマ娘 プリティーダービー) [中国翻訳],"C102, 泳裝, 百合, 非H",朝からどうしたん,,中文,58,2023-12-14
JM519007,https://18comic.vip/album/519007/,被粪便覆盖 [ヒトツカミ (奇田村光一)] うんちまみれ [中国翻訳],"糞便, 群交, 排泄, 百合",奇田村光一,,中文,51,2023-12-13
JM520118,https://18comic.vip/album/520118/,[大友同好会] (C95) [東ガル会 (快楽園梅香)] 百合営業オブザデッド (ゾンビランドサガ) [中国翻訳],"C95, 校服, 喪屍",快楽園梅香,,中文,16,2023-12-17
JM518861,https://18comic.vip/album/518861/,[たかねのはな] りば～す!,"肛交, 巨乳, 透視, 女裝, 處女, 馬尾, 校服, 過膝襪, 假陽具, 百合, 亂倫, 劇情向, 單行本, NTR",たかねのはな,,中文,198,2023-12-13
JM518646,https://18comic.vip/album/518646/,[G.J?] メイドさんとボイン魂,"遊戲CG, 肛交, 圍裙, 巨乳, 泳裝, 口交, 束縛, 顏射, 旗袍, 項圈, 處女, 足交, 雀斑, 吊帶襪, 眼鏡, 後宮, 超乳, 和服, 乳汁, 女僕, 中出, 乳交, 性玩具, 過膝襪, 假陽具, 放尿, 百合, 群交, 小剧场",佐野俊英,,中文,618,2023-12-12
JM518663,https://18comic.vip/album/518663/,我轉生成爲女勇者后魔族的妻子居然有5人 [沒有漢化]  [ネダオレ (あやね)] 女勇者に転生したら魔族の妻が5人もいるらしい [中国翻訳] [DL版],"巨乳, 百合, 合集",あやね,,中文,236,2023-12-13
JM518476,https://18comic.vip/album/518476/,[木工用ボンド] 母親が女になる時 [DL版],"肛交, 巨乳, 口交, 癡漢, 扶他, 吊帶襪, 眼鏡, 和服, 實驗室外套, 熟女, 人妻, 連褲襪, 強暴, 教師, 寡婦, 百合, 群交, 亂倫, 單行本",木工用ボンド,,日文,149,2023-12-12
JM518277,https://18comic.vip/album/518277/,芙芙受难记 [w2679067372] Arlecchino/Lumine x Furina (Part 1),"全彩, 束縛, 女性支配, 百合, CG, 足控, 瘙痒",w2679067372,,中文,52,2023-12-11
JM518284,https://18comic.vip/album/518284/,这是我的拷问喔 - 这便是对你们的戏谑！ [w2679067372] Stelle/Kafka x The Ascended/Phantylia the Undying,"全彩, 束縛, 舔足, 百合, CG",w2679067372,,中文,102,2023-12-11
JM518295,https://18comic.vip/album/518295/,[醫學院好難讀CMUMT43個人翻譯] [ピリオデストラクション (ぴりぷん)] お嬢様学級委員長が貧困ギャルをお金でわからせようとする百合2 [中国翻訳],"全彩, 百合, 劇情向, 調教",ぴりぷん,,中文,121,2023-12-11
JM517815,https://18comic.vip/album/517815/,爱的呼唤 心之凝视 [透明声彩汉化组] (刻印の誇り20) [ワールドオブピュア (ネゴム)] 愛する、まなざし (ファイアーエムブレム エンゲージ),"亂倫, 百合",ネゴム,,中文,46,2023-12-10
JM517806,https://18comic.vip/album/517806/,我的房間裡飼養著不死的怪物。 (例大祭13) [贖罪モナトリアム (もなつ)] 私の部屋で不死のばけものを飼っている。 (東方Project) [中国翻訳],"非H, 劇情向, 百合",もなつ,,中文,42,2023-12-09
JM517774,https://18comic.vip/album/517774/,沙滩 [w百合欧皇子w],Cosplay,w百合欧皇子w,,,21,2023-12-09
JM518252,https://18comic.vip/album/518252/,在那之后的水星的魔女 [透明声彩汉化组] (C102) [美術部 (しづきみちる)] その後の水星の魔女 (機動戦士ガンダム 水星の魔女) [中国翻訳],"百合, 劇情向, 非h",しづきみちる,,中文,38,2023-12-11
JM517220,https://18comic.vip/album/517220/,露出纪实 [侯羽哥个人中译] [Pupi] A Public Story,"全彩, 巨乳, 連身襪, 露出, 遮眼, 百合",Pupi,,中文,29,2023-12-08
JM517249,https://18comic.vip/album/517249/,《阿狸白富美09》 [这里有一只大喵喵] 01-02,"巨乳, 性玩具, 潮吹, 百合, 3D","这里有一只大喵喵, 咸鱼王",,,49,2023-12-08
JM518084,https://18comic.vip/album/518084/,[海豚之涌众筹汉化][井上よしひさ] ポニー牧場,"肛交, 短褲, 束縛, 兔女郎, 女忍者, 乳汁, 女僕, 馬尾, 校服, 過膝襪, 假陽具, 百合, 單行本",井上よしひさ,,中文,168,2023-12-11
JM516752,https://18comic.vip/album/516752/,彼此的相伴 即是幸福 [透明声彩汉化组] [gum] あなたがとなりにいるだけで幸せ (アイドルマスター シンデレラガールズ) [中国翻訳] [DL版],"非H, 百合, 校服, 百合只不过是向男人堕落的前戏",gum,,中文,20,2023-12-06
JM595521,https://18comic.vip/album/595521/,[大友同好会] (C97) [M・blem (Boo)] L&H (スター☆トゥインクルプリキュア) [中国翻訳],"百合, 非H, 劇情向",Boo,,中文,23,2023-12-04
JM516227,https://18comic.vip/album/516227/,[吸住没碎个人汉化] (IDOL STAR FESTIV@L 11) [ソクシコンボ (よろず)] マイクロビキニゴウドウ (アイドルマスター ミリオンライブ!) [中国翻訳],"非H, 全彩, 泳裝, 畫冊",よろず,,中文,35,2023-12-05
JM515865,https://18comic.vip/album/515865/,[柠檬茶咖喱包分组] [SMS - Strawberry Milk Studio (るなるく)] 鼻をつく匂いシトラスの腐敗臭 (シトラス) [中国翻訳] [DL版],"亂倫, 排泄, 百合",るなるく,,中文,30,2023-12-04
JM515608,https://18comic.vip/album/515608/,[沒有漢化] [三毛猫飯店 (阪本KAFKA)] オナニー中毒陰キャ女とお隣ヤンキー女 [中国翻訳],"手淫, 性玩具, 百合",阪本KAFKA,,中文,45,2023-12-03
JM515590,https://18comic.vip/album/515590/,[Win98汉化组] (僕らのラブライブ! 39) [壊孤児 (Cヵ')] PHONOGRAPH -蓄音機の針先- (ラブライブ! 蓮ノ空女学院スクールアイドルクラブ) [中国翻訳],"百合, 校服, 貧乳",Cヵ',,中文,24,2023-12-03
JM515498,https://18comic.vip/album/515498/,[水夜ちはる] 背徳の豪華客船～スレイブクルーズ～【電子単行本】,"劇情向, 巨乳, 單行本, 百合, 旗袍, 上当了！, 不是百合！",水夜ちはる,,日文,243,2023-12-03
JM515823,https://18comic.vip/album/515823/,[白井薫範] 笑って♥ぶたぱん [中国翻訳],"排泄, 百合, 單行本",白井薫範,,中文,190,2023-12-04
JM515494,https://18comic.vip/album/515494/,[速野悠二] 少女刑事アリス [DL版],"阿黑顏, 巨乳, 緊身衣, 束縛, 處女, 藥物, 扶他, 西瓜肚, 內衣, 肚臍交, 強暴, 自己幹自己, 史萊姆, 過膝襪, 觸手, 轉化, 百合, 群交, 劇情向, 單行本",速野悠二,,日文,194,2023-12-03
JM515000,https://18comic.vip/album/515000/,[紙魚丸] JUNK LAND [無修正],"無修正, 肛交, 泳裝, 口交, 束縛, 貓女, 藥物, 項圈, 處女, 女性支配, 拍攝, 塞口器, 吊帶襪, 眼鏡, 中出, 強暴, 校服, 過膝襪, 假小子, 透視, 百合, 群交, 單行本",紙魚丸,,日文,205,2023-12-01
JM517216,https://18comic.vip/album/517216/,[大受气包烤RO组汉化] [JJanda] an94 x ak12 (少女前線)[中国翻訳],"手淫, 馬尾, 性玩具, 潮吹, 透視, 百合",JJanda,,中文,19,2023-12-08
JM514895,https://18comic.vip/album/514895/,[abgrund (さいかわゆさ)] 白百合姉妹攻略総集編 [DL版],"巨乳, 制服, 群交, 姐妹, 催眠, NTR",さいかわゆさ,,"日文, 中文",203,2023-12-01
JM514726,https://18comic.vip/album/514726/,[The third of may] ランドリィラビリンス (ラブライブ! スーパースター!!) [中国翻訳] [DL版],"百合, 泳裝","The, third, of, may",,中文,23,2023-11-30
JM514458,https://18comic.vip/album/514458/,公主與女勇者欲百年好合所需的12種聖行為 [モリダム] より姫と女勇者が結ばれるための12の聖行為,"青年漫, 百合, 巨乳, 劇情向",モリダム,,中文,199,2023-11-29
JM514456,https://18comic.vip/album/514456/,Terakomari Gandesblood 3,"AI繪圖, 貧乳, 吊帶襪, 百合, CG",BoobsMcGee,,,14,2023-11-29
JM513957,https://18comic.vip/album/513957/,[潇洒个人汉化] [憑依k] トカゲのしっぽ [DL版],"C102, 扶他, 寄生, 附身, 百合",憑依k,,中文,27,2023-11-28
JM513534,https://18comic.vip/album/513534/,[矢印キー (星名めいと)] 電脳少女は仮想世界に沈みゆく [中国翻訳] [DL版],"緊身衣, 扶他, 怪物女孩, 強暴, 百合, 全彩",星名めいと,,中文,72,2023-11-27
JM513616,https://18comic.vip/album/513616/,[喵喵] [ぺんぺの] オナバレ女子大生、絶頂管理で百合調教 [中国翻訳],"百合, 調教",ぺんぺの,,中文,17,2023-11-27
JM499186,https://18comic.vip/album/499186/,[田中あじ] アンスイート朝比奈一家 寝取られた母・朋子(34) [中国翻訳] [無修正],"無修正, 肛交, 圍裙, 口交, 束縛, 吸奶, 出軌, 項圈, 處女, 眼鏡, 人妻, 多毛, 中出, 熟女, 人妻, 母女丼, 馬尾, 性玩具, 打屁股, 假陽具, 透視, 百合, 群交, 亂倫, 劇情向, 單行本, 骑大车, 百合只不过是向男人堕落的前戏罢了!",田中あじ,,中文,199,2023-10-04
JM513305,https://18comic.vip/album/513305/,绿往无前 [碧蓝档案同人组] (せんせーのアーカイブ10) [あめのひもがも (かのはら)] みどりはすすめ (ブルーアーカイブ) [中国翻訳],"校服, 百合, 非H",かのはら,,中文,45,2023-11-26
JM513194,https://18comic.vip/album/513194/,[速野悠二] JKニンジャまりも忍法帖 [DL版] [云月长空个人汉化],"劇情向, 阿黑顏, 乳環, 肛交, 巨乳, 口交, 束縛, 吸奶, 顏射, 漁網襪, 拳交, 露出, 扶他, 塞口器, 手套, 淩辱, 中出, 女忍者, 乳汁, 催眠, 肚臍交, 強暴, 校服, 性玩具, 潮吹, 過膝襪, 觸手, 酷刑, 雙馬尾, 透視, 百合, 群交, 單行本",速野悠二,,中文,192,2023-11-26
JM513302,https://18comic.vip/album/513302/,[B.たろう] ゾディアック☆ラヴァーズ ★12星座恋物語★,"劇情向, 百合, 巨乳, 單行本",B.たろう,,日文,196,2023-11-26
JM514418,https://18comic.vip/album/514418/,[あーねすとROOM (あーねすと)] ぱちゅ♡あり (東方Project) [中国翻訳],"非H, 百合",あーねすと,,中文,156,2023-11-29
JM149123,https://18comic.vip/album/149123/,[鬼畜王汉化组] [さんじゅうろう] おやつの時間,"巨乳, 御姐, 劇情向, 癡女, NTR, 純愛, 人妻, 傲嬌, 水手服, 校服, 熟女, 自慰, 雙馬尾, 百合, 群交",さんじゅうろう,,中文,224,2020-01-19
JM513108,https://18comic.vip/album/513108/,[奢侈的彩凤个人汉化] [Lewdua] Morgan and Audrey – At Home,"巨乳, 口交, 扶他, 吊帶襪, 西瓜肚, 中出, 過膝襪, 胃部突起, 百合, 美漫, cg",Lewdua,,中文,33,2023-11-25
JM512948,https://18comic.vip/album/512948/,冬日清月 [侯羽哥个人中译] [Rukialice] clear moon in the winter,"百合, 校服",Rukialice,,中文,20,2023-11-24
JM512858,https://18comic.vip/album/512858/,[主角组吧汉化组] (紅楼夢15) [Astronauts (cacao)] メメントモリ (東方Project) [中国翻訳],"非H, 百合",cacao,,中文,30,2023-11-24
JM512856,https://18comic.vip/album/512856/,[主角组吧汉化组] (秋季例大祭6) [あーねすとROOM (あーねすと)] 恋愛クロスオーバー (東方Project) [中国翻訳],"非H, 百合",あーねすと,,中文,36,2023-11-24
JM512808,https://18comic.vip/album/512808/,[此花] 泡の華 (ワンピース) [中国翻訳],"巨乳, 漁網襪, 眼鏡, 手套, 性玩具, 過膝襪, 假陽具, 百合",此花,,中文,38,2023-11-24
JM512525,https://18comic.vip/album/512525/,[TOPS] Battle of the Grail 4,"貓貓, 中出, 手淫, 自己幹自己, 百合, 3D, 無修正",TOPS,,,155,2023-11-23
JM512521,https://18comic.vip/album/512521/,[TOPS] nature to rapacity (9),"無修正, 貓貓, 中出, 連褲襪, 百合, 3D",TOPS,,中文,56,2023-11-23
JM512807,https://18comic.vip/album/512807/,（LC整合汉化组） くらろめ·强大的塞雷娅惨遭缪缪捕获！触手の崩坏调教！,"觸手, 百合",kurarome,,中文,19,2023-11-24
JM505697,https://18comic.vip/album/505697/,[ミステリーファーム (シロヤギ)] 解決方法は身体に教えてあげる (名探偵コナン) [中国翻訳] [DL版],"性玩具, 百合, NTR",シロヤギ,,中文,33,2023-10-28
JM505698,https://18comic.vip/album/505698/,[ミステリーファーム (シロヤギ)] 夢だと偽って (名探偵コナン) [中国翻訳],"性玩具, 百合",シロヤギ,,中文,32,2023-10-28
JM512475,https://18comic.vip/album/512475/,不良少女与委员长关系不好全是演戏 [莉赛特汉化组] [ふじい葛西] ビジネス不仲なヤンキーと委員長 [中国翻訳],"校服, 過膝襪, 百合",ふじい葛西,,中文,11,2023-11-23
JM512115,https://18comic.vip/album/512115/,"[Black Pharaoh] Live Lewd, Dwel Evil [西瓜]","全彩, 乳環, 肛交, 墮落, 眼罩, 漁網襪, 拳交, 熟女, 催眠, 奴隸, 百合, 恶么, 恶摩","Black, Pharaoh",,中文,53,2023-11-22
JM512097,https://18comic.vip/album/512097/,[奢侈的彩凤个人汉化] [つばめ] ふたなり×べろまんこ鬼母娘 統合版[中国翻訳],"全彩, 口交, 扶他, 群交, 怪物女孩, 亂倫, 熟女, 鬼族, 母女丼, 百合",つばめ,,中文,29,2023-11-22
JM511899,https://18comic.vip/album/511899/,[沒有漢化] [虹色発光ダイオード (ねこんそ)] 雫と詩織いふ(前編)-5日で覚える!ふたなりオナニーのススメ(1から2日目)- [中国翻訳],"扶他, 手淫, 校服, 百合",ねこんそ,,中文,50,2023-11-21
JM511880,https://18comic.vip/album/511880/,爱的只有身体 6 [透明声彩汉化组] [食べ放題 (生肉)] 愛していいのは，カラダだけ 6 [中国翻訳] [DL版],"劇情向, 百合","生肉, 食べ放题",,中文,44,2023-11-21
JM362059,https://18comic.vip/album/362059/,人妻與JK [燒肉定食] JK×人妻 / 人妻とＪＫ,"青年漫, 百合, 人妻, 校服, 劇情向",燒肉定食,,中文,398,2022-07-23
JM512473,https://18comic.vip/album/512473/,王妃与人鱼公主 [莉赛特汉化组] [murasakino (紫のあ)] お妃様と人魚姫 [中国翻訳],"人魚娘, 怪物女孩, 百合, 刀子, 非H",紫のあ,,中文,18,2023-11-23
JM511599,https://18comic.vip/album/511599/,[猫岛汉化组] (C101) [ふらわーくらっせ (あお)] いまぼきた (ぼっち・ざ・ろっく!) [中国翻訳],"百合, 劇情向, 非H",あお,,中文,14,2023-11-20
JM511590,https://18comic.vip/album/511590/,这是恋心吗？不，是爱！ (僕らのラブライブ! 39) [ふわふわパレット (HIRO)] これはコイですか?いいえ、愛なんです! (ラブライブ! 蓮ノ空女学院スクールアイドルクラブ) [中国翻訳],"百合, 劇情向, 非H",HIRO,,中文,20,2023-11-20
JM511706,https://18comic.vip/album/511706/,[主角组吧汉化组] [あーねすとROOM(あーねすと)] パチュリーの記憶喪失？(東方Project) [中国翻訳],"百合, 劇情向, 非H",あーねすと,,中文,33,2023-11-20
JM511869,https://18comic.vip/album/511869/,[绸缪不朽汉化] (せんせーのアーカイブ10) [百合豚煮込み (ステルスにゃんこ)] 半宵、空虚な独白 (ブルーアーカイブ) [中国翻訳],"強暴, 睡姦, 百合",ステルスにゃんこ,,中文,17,2023-11-21
JM511698,https://18comic.vip/album/511698/,[主角组吧汉化组] [あーねすとROOM(あーねすと)] 水着 de chu (東方Project) [中国翻訳],"泳裝, 馬尾, 百合, 劇情向, 非H",あーねすと,,中文,25,2023-11-20
JM511579,https://18comic.vip/album/511579/,配種計畫 [mogg] 種付けプログラム [中国翻訳] [無修正],"肛交, 眼罩, 口交, 束縛, 顏射, 黑肉, 眼鏡, 辣妹, 魔法少女, 女僕, 催眠, 中出, 連褲襪, 強暴, 校服, 性玩具, 過膝襪, 股交, 雙馬尾, 放尿, 百合, 群交, 單行本, 時間停止, 無修正, 假小子, 丑男","mogg, 畜生",,中文,202,2023-11-20
JM511609,https://18comic.vip/album/511609/,"越是靠近就越会消失不见的,是什么? [猫岛汉化组] (C102) [黎明ネルトリンゲン (稀周悠希、黒井みめい)] ちかくなるほどなくなるもの、なに? (アイドルマスター シンデレラガールズ) [中国翻訳]","百合, 劇情向, 非H","稀周悠希, 黒井みめい",,中文,12,2023-11-20
JM511107,https://18comic.vip/album/511107/,[种植园汉化] (C102) [MASULAO MAXIMUM (風川なぎ)] ホシヒナ無人島ふたりきり (ブルーアーカイブ) [中国翻訳],"C102, 百合, 非h, 友情",風川なぎ,,中文,27,2023-11-18
JM510838,https://18comic.vip/album/510838/,山内小姐和海野小姐的回合。 [莉赛特汉化组] [れぇ] 山内さん•海野さんのバアイ。 (リリー＆アイビー ～ケンカップル百合×性愛アンソロジー～) [中国翻訳],"百合, 女性向, 不是女性向",れぇ,,中文,15,2023-11-17
JM510831,https://18comic.vip/album/510831/,徹底開發!? 弱點是乳頭的恩愛百合調教 [Waka個人漢化] [2com (若雞にこみ)] 徹底開発!?弱點乳首いちゃレズ調教 [中國翻訳],"足交, 百合","若雞にこみ, 若鶏にこみ",,中文,30,2023-11-17
JM180878,https://18comic.vip/album/180878/,[嗶咔嗶咔漢化組] [自家発電処 (flanvia)] 穴とむっつりどすけべだいとしょかん (東方Project) [中国翻訳] [DL版],"劇情向, 巨乳, 百合, 非百合, 壁尻, 肉便器, 痴女, 肛交, 性玩具, 合集",flanvia,,中文,193,2020-04-06
JM510829,https://18comic.vip/album/510829/,魔法使的危险预感 [桃子冰沙汉化组] (例大祭20) [矢ハイ (あおい)] 魔法使いのイヤな予感 (東方Project) [中国翻訳],"非H, 百合",あおい,,中文,26,2023-11-17
JM510823,https://18comic.vip/album/510823/,幽灵先生与幽灵作家 [桃子冰沙汉化组] (C90) [おいもと (おいもとじろう)] 幽霊先生とゴーストライター (東方Project) [中国翻訳],"C90, 百合, 非H",おいもとじろう,,中文,26,2023-11-17
JM483566,https://18comic.vip/album/483566/,摯友的境界,"劇情向, 韓漫, 百合, 同居, 青梅竹馬, 身分差異, ABO, 單戀, 初戀, 朋友變戀人, 兒時玩伴, 財閥, 強攻, 美人攻, 豪門攻, 偏執攻, 攻單戀受, 強受, 美人受, 創傷受, 連載中","Habinu, sora, 삵",,中文,1514,2023-08-28
JM510356,https://18comic.vip/album/510356/,[莉赛特汉化组] [murasakino (紫のあ)] メイク・ア・マーク [中国翻訳],"非H, 女性向, 百合, 不是女性向",紫のあ,,中文,87,2023-11-15
JM510537,https://18comic.vip/album/510537/,[聖華快楽書店 (エルトリア、みさかな)] 新米女神のお仕事は辛い―封印したエロ魔神に性癖を移されてマゾメス変態女神になりました― [中国翻訳],"巨乳, 扶他, 連體衣, 附身, 百合","エルトリア, みさかな",,中文,42,2023-11-16
JM510506,https://18comic.vip/album/510506/,[沒有漢化] [阪本KAFKA] 浴衣で!ラブホ女子会 (COMICグーチョ vol.18) [中国翻訳],"阿黑顏, 和服, 手淫, 潮吹, 雙馬尾, 百合",阪本KAFKA,,中文,21,2023-11-16
JM510323,https://18comic.vip/album/510323/,[奢侈的彩凤个人汉化] [でゅう] ウチの子がえっちな敵と戦って敗北する話 ～十色vsカディラ前編～[中国翻訳],"全彩, 劇情向, 旗袍, 女惡魔, 女性支配, 扶他, 手套, 怪物女孩, 觸手, 長筒靴, 百合, 魔法少女",でゅう,,中文,44,2023-11-15
JM510253,https://18comic.vip/album/510253/,[peachpulsar (みら)] 娘のカノジョ｜女兒的女友 [中国翻訳] [DL版],"百合, 巨乳, 校, 服日文",みら,,,37,2023-11-15
JM510174,https://18comic.vip/album/510174/,敬启、致我的天使 [碧蓝档案百合组] (ブルーマーケット6) [月刊・ハト (田村)] 拝啓、私の天使さま (ブルーアーカイブ) [中国翻訳],非h,田村,,,69,2023-11-14
JM510170,https://18comic.vip/album/510170/,[主角组吧汉化组] (名華祭17) [蒼弓宮 (ブルーエンゼル)] 魔理沙を・引き止めたい (東方Project) [中国翻訳],"非H, 百合",ブルーエンゼル,,中文,21,2023-11-14
JM510169,https://18comic.vip/album/510169/,[主角组吧汉化组] (秋季例大祭10) [干物屋 (飛者)] 心の中 (東方Project) [中国翻訳],"非H, 百合",飛者,,中文,32,2023-11-14
JM510155,https://18comic.vip/album/510155/,[主角组吧汉化组] (秋例大祭10) ツワブキの君(東方Project) [中国翻訳] [DL版],"非H, 百合",朝霧,,中文,27,2023-11-14
JM509846,https://18comic.vip/album/509846/,(C102)[えんりゅう堂(えんりゅう)]シスターアリシアと淫魔(ディアーネ)のふたなり調教,"C102, 扶他, 百合",えんりゅう,,中文,46,2023-11-13
JM509847,https://18comic.vip/album/509847/,(COMITIA145)[Juicy Fruits (さとみひでふみ)] 百合娘は放課後にゆらめき花咲く4,百合,さとみひでふみ,,中文,34,2023-11-13
JM510163,https://18comic.vip/album/510163/,[主角组吧汉化组] (例大祭20) Spring Bloom (東方Project) [中国翻訳],"非H, 百合",N/A,,中文,24,2023-11-14
JM509483,https://18comic.vip/album/509483/,[野原ひろみ] 性玩具拘束人形 [DL版],"肛交, 巨乳, 束縛, 藥物, 塞口器, 眼鏡, 催眠, 乳環, 強暴, 學校泳裝, 校服, 性玩具, 過膝襪, 雙馬尾, 透視, 百合, 群交, 單行本",野原ひろみ,,日文,192,2023-11-11
JM510158,https://18comic.vip/album/510158/,(秋季例大祭10) [型K式 (カタケイ)] 依神姉妹、チュパカブラで一獲千金!? (東方project) [中国翻译],"劇情向, 百合, 非h","Yuzuki, Hikaru",,中文,19,2023-11-14
JM509478,https://18comic.vip/album/509478/,[白杨汉化组] (COMIC1☆13) [鈴の丘 (ほまれ)] 楓さんとしゅががおしっこまみれでイチャコラするほん (アイドルマスター シンデレラガールズ) [中国翻訳],"喝尿, 放尿, 百合",ほまれ,,中文,20,2023-11-11
JM509716,https://18comic.vip/album/509716/,大家都化成灰吧 [猫岛汉化组] [シフトライトアリスメティック (Nacht)] みんなハイになる (ウマ娘 プリティーダービー) [中国翻訳],"百合, 泳裝",Nacht,,中文,13,2023-11-12
JM509477,https://18comic.vip/album/509477/,西瓜味的柠檬茶 [白杨柠檬茶] [ニョキニョロニキ] スイカ味のオシッコ [中国翻訳],"放尿, 內衣, 百合",ニョキニョロニキ,,中文,18,2023-11-11
JM509232,https://18comic.vip/album/509232/,(C87) [オーガウィロウ (夏谷リオ)] 初夜夢 (東方Project) [中国翻訳],"C87, 百合",夏谷リオ,,中文,24,2023-11-10
JM509227,https://18comic.vip/album/509227/,您的学生性爱时代（LC整合汉化组） LUXsumildo,"巨乳, 校服, 百合, 没有百合, 后宫",LUXsumildo,,中文,19,2023-11-10
JM509036,https://18comic.vip/album/509036/,[白井薫範] 神を継ぐ者[中国翻訳],"豐滿, 巨乳, 女性支配, 淩辱, 乳環, 排泄, 百合, 單行本",白井薫範,,中文,172,2023-11-09
JM509030,https://18comic.vip/album/509030/,[主角组吧汉化组] [ちどりあし (もずくず)] レイマリ漫画と獣王園らくがき本 (東方Project) [中国翻訳] [DL版],"非H, 百合",もずくず,,中文,25,2023-11-09
JM508814,https://18comic.vip/album/508814/,(Bang Dream! SayoHina doujin) ki君mi - B62544-冰川雙子《大切な人》-v3,"亂倫, 百合",PBSHoney2,,中文,35,2023-11-08
JM508553,https://18comic.vip/album/508553/,和那份温暖一起丶彼此温存 [透明声彩汉化组] [ざわめきじゃんぼ (ざわめき)] そのぬくもりと、共に在る (BanG Dream!) [中国翻訳],"百合, 純愛",ざわめき,,中文,40,2023-11-07
JM508554,https://18comic.vip/album/508554/,触手可及的你 [透明声彩汉化组] [紙袋Works (環月紙袋)] さわってあそぼ (ラブライブ! 蓮ノ空女学院スクールアイドルクラブ) [中国翻訳] [DL版],"校服, 百合, 純愛",環月紙袋,,中文,11,2023-11-07
JM508795,https://18comic.vip/album/508795/,[主角组吧汉化组] (紅楼夢19) [いたずらねこはうす。 (JILL。)] 不器用な巫女 (東方Project) [中国翻訳],"非H, 百合",JILL。,,中文,19,2023-11-08
JM509706,https://18comic.vip/album/509706/,[菜さん] 葬送のフリーレン (葬送のフリーレン),"人妖, 巨乳, 百合, 調教",菜さん,,中文,8,2023-11-12
JM508036,https://18comic.vip/album/508036/,[せなか] 裏研修,"劇情向, 肛交, 扶他, 百合",せなか,,中文,112,2023-11-05
JM508347,https://18comic.vip/album/508347/,愛情旅館! [notuzi个人汉化] (ぼっち・ざ・おんりー!) [包みつつ (らっぷ)] らっぶ・ほ・てっる! (ぼっち・ざ・ろっく!),"非H, 百合",らっぷ,,中文,15,2023-11-06
JM419039,https://18comic.vip/album/419039/,坏想法日记 / BAD THINKING DIARY / 闺蜜至亲 / 坏思想日记,"韓漫, 百合, 完結, 愛情, 朋友變戀人, 大學生活, 校園, 帥氣女, 天然呆萌女主, 韩漫","Rangrari, Hodan, 랑라리, 박호단",,,4426,2023-01-31
JM508017,https://18comic.vip/album/508017/,[大友同好会] (C99)[モンタージュ(たかとうすずのすけ)]テイマクてぇてぇ (ウマ娘 プリティーダービー) [中国翻訳],"C99, 百合, 純愛, 非H",たかとうすずのすけ,,中文,12,2023-11-05
JM507776,https://18comic.vip/album/507776/,溫泉親子丼(真三國無雙8) [水宇.H] [中国翻訳],"3D, 百合, 巨乳",水宇.H,,中文,41,2023-11-04
JM507760,https://18comic.vip/album/507760/,[ヒロシマ・ポン酢 (ヒロポンズ)] 天才魔法少女チクニー大失敗本 (紫咲シオン、ラプラス・ダークネス) [中国翻訳] [DL版],"拍攝, 手淫, 過膝襪, 百合, hololive","ヒロポンズ, ヒロシマ・ポン酢",,中文,33,2023-11-04
JM507783,https://18comic.vip/album/507783/,[主角组吧汉化组] [無重力ばなな (蒼空キズナ)] 金色の星 前編 (東方Project) [DL版][中国翻訳],"百合, 非H",蒼空キズナ,,中文,32,2023-11-04
JM507737,https://18comic.vip/album/507737/,[大友同好会] (C96) [2度目の眠り (首藤MQ)] La vie en rose (ガールズ&パンツァー) [中国翻訳],"C96, 劇情向, 百合",首藤MQ,,中文,38,2023-11-04
JM507310,https://18comic.vip/album/507310/,(COMIC1☆10) [G-Power! (SASAYUKi)] 花騎士艶戯 1.5 (フラワーナイトガール) [机翻] [中国翻訳],"過膝襪, 放尿, 百合",SASAYUKi,,中文,13,2023-11-02
JM507734,https://18comic.vip/album/507734/,黎明前的感触 [大友同好会] [Orzコミュショーズ (遊離)] 夜明け前の感触 (やがて君になる) [中国翻訳] [DL版],"劇情向, 非H, 百合",遊離,,中文,30,2023-11-04
JM507735,https://18comic.vip/album/507735/,[主角组吧汉化组] (マイフレンド捌) [いたずらねこはうす。 (JILL。)] SUM UP REIMARI! (東方Project) [中国翻訳],"百合, 畫冊, 非H",JILL。,,中文,58,2023-11-04
JM507739,https://18comic.vip/album/507739/,P站魔纪短漫两篇 [小島照],"百合, 非H",小島照,,中文,16,2023-11-04
JM507229,https://18comic.vip/album/507229/,卡拉彼丘 [人匠Artisan],"窒息, 舔足, 手淫, 性玩具, 百合, 3D",人匠Artisan,,,648,2023-11-02
JM507308,https://18comic.vip/album/507308/,摩紀狐美 第6話 [沒有漢化] [あやね] まきこみ 第6話（永遠娘 15） [中国翻訳] [DL版],"狐娘, 百合",あやね,,中文,35,2023-11-02
JM506998,https://18comic.vip/album/506998/,[澄木个人汉化] [拘束研究所 (黒山有)] 敗北剣士～捕虜になった美少女剣士が好き放題性的いたずらをされちゃう話～ [中国翻訳],"全彩, 肛交, 口交, 束縛, 處女, 女惡魔, 扶他, 群交, 怪物女孩, 中出, 喝尿, 貧乳, 放尿, 百合",黒山有,,中文,101,2023-11-01
JM506329,https://18comic.vip/album/506329/,別冊 幻想系調教百合編Vol.2 [アンソロジー] 別冊コミックアンリアル わからせ百合編 Vol.2 [DL版],"肛交, 束縛, 眼罩, 女性支配, 眼鏡, 怪物女孩, 手淫, 催眠, 校服, 性玩具, 過膝襪, 雙馬尾, 百合","桜ゆう, さと, スズオ, 館山けーた",,中文,86,2023-10-30
JM506939,https://18comic.vip/album/506939/,[Midoriko Kobayashi] Victim 1 - 3,"劇情向, 無修正, 巨乳, 女性支配, 熟女, 女警, 馬尾, 校服, 皮物, 過膝襪, 百合, 換身, 3D","Midoriko, Kobayashi",,,603,2023-11-01
JM505939,https://18comic.vip/album/505939/,(晨梦汉化组) [アルデヒド(pixiv:578571)]奴隷を調教してハーレム作る,"劇情向, 巨乳, 口交, 緊身胸衣, 女惡魔, 遮眼, 怪物女孩, 女僕, 手淫, 強暴, 性玩具, 奴隸, 潮吹, 出汗, 桌子自慰, 觸手, 放尿, 百合","alde, hyde, アルデヒド",,中文,256,2023-10-29
JM506523,https://18comic.vip/album/506523/,[天野しゅにんた] 夢見る夜明け [中国翻訳],"百合, 純愛",天野しゅにんた,,中文,18,2023-10-31
JM473267,https://18comic.vip/album/473267/,[Shade] 淫欲学院,"百合, 3D",Shade,,中文,812,2023-07-28
JM505529,https://18comic.vip/album/505529/,公园老大爷 第11章-护士姐妹花 [RakuElo漢化] [Tufos] Old Geezers Of The Park 11 - Twin Nurses -,"全彩, 劇情向, 巨尻, 巨乳, 口交, 內衣, 護士, 過膝襪, 雙胞胎, 百合, 群交, 亂倫, 百合控迴避",Tufos,,中文,12,2023-10-27
JM505331,https://18comic.vip/album/505331/,[江森うき] 富豪一族のムコ〜妻以外全員オレの女〜 [DL版],"全彩, 劇情向, 肛交, 巨尻, 巨乳, 口交, 新娘, 項圈, 黑肉, 雀斑, 眼鏡, 多毛, 內衣, 熟女, 人妻, 中出, 乳環, 母女丼, 乳交, 乳環, 懷孕, 出汗, 交換伴侶, 透視, 百合, 亂倫, 單行本, 假小子, 百合只不过是向男人堕落的前戏罢了!",江森うき,,日文,211,2023-10-27
JM504722,https://18comic.vip/album/504722/,[幻想手札 (天堂樹)] AFTERWARD 3+N (機動戦士ガンダム 水星の魔女) [中国語] [DL版],"劇情向, 純愛, 百合",天堂樹,,中文,21,2023-10-25
JM291918,https://18comic.vip/album/291918/,囿者無所畏懼[堤燈貓漢化組] [LOSA 松本トモキ] 囿者はお恐れず,"青年漫, 百合, 劇情向","LOSA, 松本トモキ",,中文,378,2021-11-17
JM504720,https://18comic.vip/album/504720/,落下遇见爱 [犬は魚 (あゆ)] 落ちた先は恋 [中国語] [DL版],"劇情向, 非H, 百合",あゆ,,中文,29,2023-10-25
JM504436,https://18comic.vip/album/504436/,琴瑟相和 [いぬえ海盗汉化] [ぱきぽぢうむ (あそか)] きんしつあいわす (ストライクウィッチーズ) [中国翻訳] [DL版],"百合, 非H",あそか,,中文,25,2023-10-24
JM504586,https://18comic.vip/album/504586/,讓我聽聽你的啼哭聲？奏姐 [ななつ藤] なきごえ聞かせて？ かなでさん,"青年漫, 巨乳, 百合, 劇情向, 禁漫書庫",ななつ藤,,中文,311,2023-10-24
JM504719,https://18comic.vip/album/504719/,香雪兰与夏日融冰 [碧蓝档案百合组] (C102) [和らぎ和み (ひなせゆう)] フリージアと夏の氷解 (ブルーアーカイブ) [中国翻訳],"C102, 泳裝, 貧乳, 非H, 百合",ひなせゆう,,中文,19,2023-10-25
JM503920,https://18comic.vip/album/503920/,[Darkflame] 维尔泽亚入侵 - S1E1,"項圈, 墮落, 女惡魔, 手套, 怪物女孩, 乳膠衣, 連體衣, 魔法少女, 戴面具, 手淫, 催眠, 乳貼, 轉化, 百合, 3D, 劇情向",Darkflame,,,462,2023-10-23
JM503900,https://18comic.vip/album/503900/,我推百合同人志 理爱×礼奈 (COMITIA141)[百合畑牧場(紺)] 推し百合の同人誌 理愛x礼奈,"非H, 百合",紺,,中文,22,2023-10-23
JM503917,https://18comic.vip/album/503917/,[AKwoL烤肉组] [HUQU] Quanxi [Decensored],"百合, 無修正",HUQU,,中文,14,2023-10-23
JM503899,https://18comic.vip/album/503899/,落下遇见爱 [YURI HUB(犬井あゆ)] 落ちた先は恋 She “Falls” in Love,"非H, 百合",犬井あゆ,,中文,28,2023-10-23
JM503898,https://18comic.vip/album/503898/,赤城 今宵我將與你 [BAMBINA (栗かのこ)] 赤城さん今宵は貴女と (艦隊これくしょん -艦これ-),"非H, 百合",栗かのこ,,中文,18,2023-10-23
JM503897,https://18comic.vip/album/503897/,鶴姐妹長出了貓耳。[BAMBINA (栗かのこ)] 鶴姉妹に猫耳が生えました。 (艦隊これくしょん -艦これ-),"非H, 百合",栗かのこ,,中文,18,2023-10-23
JM503896,https://18comic.vip/album/503896/,鎮守府名古屋化計劃 [BAMBINA (栗かのこ)] 鎮守府名古屋化計画 (艦隊これくしょん -艦これ-),"非H, 百合",栗かのこ,,中文,18,2023-10-23
JM503895,https://18comic.vip/album/503895/,妳不是古板的水星人嗎?! [幻想手札 (天堂樹)] 水星ってお堅いんじゃなかったの?! (機動戦士ガンダム 水星の魔女),百合,天堂樹,,中文,25,2023-10-23
JM503893,https://18comic.vip/album/503893/,(C96)[幻想手札 (天堂樹)] 今天依然處心積慮上她老母的猴死囝仔,"C96, 觸手, 百合",天堂樹,,中文,23,2023-10-23
JM503894,https://18comic.vip/album/503894/,(C100)[幻想手札 (天堂樹)] 白子與魔女番外篇 假如她們交往了!？,"C100, 非H, 百合, 觸手, 百合",天堂樹,,中文,29,2023-10-23
JM503890,https://18comic.vip/album/503890/,强势大姐姐×强势大姐姐百合短漫 后篇 [莉赛特汉化组] [UⅢ] つよつよお姉さん×つよつよお姉さんの百合 后編,"吸血鬼, 百合",UⅢ,,中文,11,2023-10-23
JM503891,https://18comic.vip/album/503891/,[幻想手札 (天堂樹)] 白子日記 三月三日 多雲時晴 轉換方言版,"非H, 觸手, 百合",天堂樹,,中文,18,2023-10-23
JM503682,https://18comic.vip/album/503682/,bijiao,"劇情向, 百合",N/A,,中文,58,2023-10-22
JM503471,https://18comic.vip/album/503471/,[沁心汉化组] (僕らのラブライブ! 34) [淡めのブルー (ななつのうみ)] 年下彼女の下克上 (ラブライブ!) [中国翻訳],"劇情向, 口交, 馬尾, 校服, 百合",ななつのうみ,,中文,23,2023-10-21
JM503892,https://18comic.vip/album/503892/,[幻想手札 (天堂樹)] 白子與魔女1.5話 那個成天只想上她老母的王八羔子 轉換方言版,"觸手, 百合, 纯爱",天堂樹,,中文,30,2023-10-23
JM503295,https://18comic.vip/album/503295/,Living Will/救贖/리빙윌,"女性向, 韓漫, 完結, 帥氣女, 正劇, 百合, 精英女主, 純情女主, 西洋風, 高智商女主","천리, MINA, ZIHO",,中文,486,2023-10-20
JM503458,https://18comic.vip/album/503458/,[ぐ] 螺子式のアステリズム (マギアレコード 魔法少女まどか☆マギカ外伝) [中国翻訳],"非H, 百合",ぐ,,中文,16,2023-10-21
JM503459,https://18comic.vip/album/503459/,番茄地里的守望者 [阿朴个人汉化] (COMIC1☆23) [帰宅時間 (きたく)] トマト畑でつかまえて (機動戦士ガンダム 水星の魔女) [中国翻訳],"黑肉, 百合",きたく,,中文,31,2023-10-21
JM503124,https://18comic.vip/album/503124/,[大友同好会] (スタァライト・ストーリィズ 4th REVUE)[空想舟(くらげもどき)]ポジション・レフト2 (少女☆歌劇 レヴュースタァライト) [中国翻訳],"百合, 非H",くらげもどき,,中文,27,2023-10-20
JM503123,https://18comic.vip/album/503123/,[大友同好会] (C89)[アメチャン(空歩)]The Melted Ice (RWBY) [中国翻訳],"C89, 百合, 非H",空歩,,中文,35,2023-10-20
JM503110,https://18comic.vip/album/503110/,紧急会议! 关于优香酱的胖次不见了这件事 [碧蓝档案同人组] [鹿の料理亭 (まつ鹿)] 緊急会議! ユウカちゃんのパンツがなくなった件 (ブルーアーカイブ) [中国翻訳] [DL版],"非H, 百合, 劇情向",まつ鹿,,中文,26,2023-10-20
JM432582,https://18comic.vip/album/432582/,[秀] 宿敌之战,"3D, 百合, 過膝襪, 旗袍",秀,,中文,620,2023-03-16
JM502992,https://18comic.vip/album/502992/,魅魔莉莉 [しゅらの工房 (しゅら)],"女惡魔, 怪物女孩, 百合",しゅら,,中文,30,2023-10-19
JM502905,https://18comic.vip/album/502905/,[猫岛汉化组] [いしやきいも (いしだ)] 夕暮れ、教室にて (BanG Dream!) [中国翻訳],"劇情向, 百合",いしだ,,中文,22,2023-10-19
JM502904,https://18comic.vip/album/502904/,[猫岛汉化组] [東ガル会 (快楽園梅香)] YOU GO MY GO Here we go! (BanG Dream!) [中国翻訳],"眼鏡, 校服, 百合, MyGO!!!!!",快楽園梅香,,中文,24,2023-10-19
JM502903,https://18comic.vip/album/502903/,[新海天个人汉化] [妄想美術部 (しょーやん)] トラｘネコチョコアイス [中国翻訳] [DL版],"束縛, 貓女, 乳膠衣, 黑肉, 百合",しょーやん,,中文,28,2023-10-19
JM502562,https://18comic.vip/album/502562/,(例大祭18) [エンノメ (葛葉ぽてぎつね)] 憧憬 (東方Project) [中国翻訳],"狐娘, 扶他, 狼女, 百合",葛葉ぽてぎつね,,中文,10,2023-10-18
JM502431,https://18comic.vip/album/502431/,强势大姐姐×强势大姐姐百合短漫 前篇 [莉赛特汉化组] [UⅢ] つよつよお姉さん×つよつよお姉さんの百合 前編 [中国翻訳],"吸血鬼, 百合",UⅢ,,中文,10,2023-10-17
JM502382,https://18comic.vip/album/502382/,[不咕鸟汉化组] (C96) [chested (とくぴょん)] 西住流家元の育て方 まほの場合・下 (ガールズ&パンツァー),"C96, 巨乳, 口交, 口交臉, 束縛, 乳環, 性玩具, 潮吹, 百合, 劇情向, 百合控迴避",とくぴょん,,中文,31,2023-10-17
JM502413,https://18comic.vip/album/502413/,(C95) [暁勝家ノサークル (暁勝家)] 好色蛙 (僕のヒーローアカデミア),"C95, 阿黑顏, 巨乳, 口交, 青蛙, 中出, 透視, 百合",暁勝家,,日文,26,2023-10-17
JM502434,https://18comic.vip/album/502434/,[白杨汉化组] [ritaomochi] バニー&ナースログ♂️ [中国翻訳] [DL版],"全彩, 百合, CG, 百合控迴避, 伪娘",ritaomochi,,中文,44,2023-10-17
JM501937,https://18comic.vip/album/501937/,忐忑不安，天體海灘 【R18百合】コミティア137新刊『ハッピーヌーディストビーチ』,"百合, 巨乳",みら,,中文,63,2023-10-16
JM498990,https://18comic.vip/album/498990/,[白杨汉化组] [没後 (RYO)] シスターさんと聖女さま [中国翻訳],"修女, 過膝襪, 百合",RYO,,中文,28,2023-10-03
JM500349,https://18comic.vip/album/500349/,[MANA] エウルア+旅人 1–6 (原神) [中国語] [無修正],"無修正, 束縛, 露出, 拳交, 手套, 中出, 長筒靴, 百合, 扶他",MANA,,中文,57,2023-10-08
JM501689,https://18comic.vip/album/501689/,【Swing!!畫集&百合漫畫套組】 (サンシャインクリエイション2021summer)[なないろ畑(佐倉おりこ)]Seasonal girls,"CG, 百合, 无H",佐倉おりこ,,中文,113,2023-10-15
JM494898,https://18comic.vip/album/494898/,[莉赛特汉化组] [ふじい葛西] 悪役令嬢が正ヒロインを口説き落とす話。 [中国翻訳],"劇情向, 連載中, 百合",ふじい葛西,,中文,45,2023-09-17
JM501690,https://18comic.vip/album/501690/,(C99)[ぐつとま (タチ)]あの熱が忘れられない,"C99, 百合, 校服, 生肉",タチ,,中文,27,2023-10-15
JM501812,https://18comic.vip/album/501812/,[ツキノウラガワ (ろみ)] Another Moon (アイドルマスター シンデレラガールズ、アイドルマスター シャイニーカラーズ) [中国語] [DL版],"CG, 非H, 百合",ろみ,,中文,70,2023-10-15
JM501824,https://18comic.vip/album/501824/,[wikkidlester] Superguy goes all the way（中文翻译）,"催眠, 肌肉, 人妖, 轉化, 百合, 3D",wikkidlester,,中文,91,2023-10-15
JM501687,https://18comic.vip/album/501687/,邁步向前 (C91)[素鼠フォーヴィスム(神護カジキ)]一歩前へ,"C91, 非H, 百合",神護カジキ,,中文,34,2023-10-15
JM501684,https://18comic.vip/album/501684/,ハッピーヌーディストビーチ [みら]歡樂裸體海灘,"百合, 巨乳, 露出, 泳裝, 纯爱",みら,,中文,62,2023-10-15
JM501672,https://18comic.vip/album/501672/,[璎珞个人汉化] [ku _dayunii] OnlyForYou chapter-1 (Honkai 3rd) [Chinese],"百合, 純愛","ku, _dayunii",,中文,7,2023-10-15
JM501631,https://18comic.vip/album/501631/,[Bzsk.] 猎人只是孤独而已 [中国語],"項圈, 馬尾, 傷疤, 奴隸, 百合, 无修正",Bzsk.,,中文,23,2023-10-14
JM501495,https://18comic.vip/album/501495/,某个早晨的故事  [いぬえ海盗汉化]   [ぱきぽぢうむ (あそか)] アルアサノオハナシ (ストライクウィッチーズ) [中国翻訳] [DL版],"非H, 百合",あそか,,中文,20,2023-10-14
JM473765,https://18comic.vip/album/473765/,[the pw]淫柔母女,"性玩具, 過膝襪, 百合, 3D",the-pw,,中文,116,2023-07-29
JM501233,https://18comic.vip/album/501233/,田径部女换衣间 (C94) [大島智]「女子更衣室」サンプル,"C94, 非H, 百合, 校服, 純愛",大島智,,中文,28,2023-10-13
JM500888,https://18comic.vip/album/500888/,[海豚之涌众筹汉化] [ぱふぇ] 魔探偵 藤堂静華の淫妖事件簿 [中国翻訳],"肛交, 巨乳, 束縛, 顏射, 項圈, 吊帶襪, 手淫, 亂倫, 女僕, 巫女, 催眠, 護士, 乳交, 強暴, 校服, 性玩具, 潮吹, 過膝襪, 觸手, 雙馬尾, 透視, 百合, 群交, 劇情向, 單行本",ぱふぇ,,中文,164,2023-10-11
JM500496,https://18comic.vip/album/500496/,[AKwoL烤肉组] [HUQU] Thunder Holic [Chinese] [Decensored],"百合, 非H",HUQU,,中文,7,2023-10-09
JM500307,https://18comic.vip/album/500307/,被後輩陰蒂調教後徹底墮落了 [沒有漢化] [蜂蜂蜂] 後輩にクリ責めで堕とされる [中国翻訳],"阿黑顏, 巨乳, 抹油, 援交, 性玩具, 尿道插入, 百合",蜂蜂蜂,,中文,25,2023-10-08
JM500489,https://18comic.vip/album/500489/,[猫岛汉化组] (C102) [ibu木 (いぶ木)] ぶらり逃避行 (ぼっち・ざ・ろっく!) [中国翻訳],"百合, 劇情向, 非H",いぶ木,,中文,28,2023-10-09
JM500070,https://18comic.vip/album/500070/,女子更衣室 韻律體操部[しよ],"劇情向, 百合",しよ,,中文,158,2023-10-07
JM499486,https://18comic.vip/album/499486/,[どうしょく (snhr、フヂセン)] とろあまおっぱいヘルス〜お疲れのあなたを巨乳おねえさんが癒します〜 [中国翻訳] [DL版],"巨乳, 百合, 性玩具, 群交, 非百合, 双飞, 百合控迴避","snhr, フヂセン",,中文,39,2023-10-05
JM499447,https://18comic.vip/album/499447/,反抗泰迪 [LC整合汉化] (AC2) [魚屋。 (松坂丑)] ANTI TEDDY (明日方舟) [中国翻訳],"天使, 百合",松坂丑,,中文,28,2023-10-05
JM498888,https://18comic.vip/album/498888/,[Fanbox] あるぷ (2021/01/01-2023/10/02),"白化, 肛交, 巨乳, 口交, 兔女郎, 項圈, 多重肛交, 眼鏡, 多毛, 連體衣, 手淫, 中出, 乳交, 連褲襪, 馬尾, 性玩具, 過膝襪, 出汗, 泳裝, 雙馬尾, 百合, 群交, 百合控迴避",あるぷ,,"中文, 日文",612,2023-10-03
JM487544,https://18comic.vip/album/487544/,(C102)[帰宅時間(きたく)]私のかわいい花嫁さま(機動戦士ガンダム 水星の魔女),"C102, 百合",きたく,,中文,39,2023-09-11
JM500512,https://18comic.vip/album/500512/,(僕らのラブライブ!17) [N/R/F (楼、ごひにゃん)] déraciné (ラブライブ!) [中国翻訳],"百合, 劇情向, 非H, 小說","楼, ごひにゃん",,中文,55,2023-10-09
JM498869,https://18comic.vip/album/498869/,[隠遁堂 (ステルスもこ)] 魔法少女リエナ [中国翻訳],"墮落, 魔法少女, 百合",ステルスもこ,,中文,30,2023-10-03
JM498743,https://18comic.vip/album/498743/,[FANBOX] イノシラ,"巨乳, 足交, 乳交, 泳裝, 瘙癢, 百合",イノシラ,,,905,2023-10-02
JM498649,https://18comic.vip/album/498649/,[白杨汉化组] [Deadnoodles] YUPM… (ラブライブ! 虹ヶ咲学園スクールアイドル同好会) [中国翻訳],"校服, 雙馬尾, 百合",Deadnoodles,,中文,6,2023-10-02
JM498631,https://18comic.vip/album/498631/,百合师生调教 01-05 [翔长裤],"綁縛與調教, 束縛, 露出, 舔足, 性玩具, 奴隸, 百合, 3D, HHH",翔长裤,,,217,2023-10-02
JM498617,https://18comic.vip/album/498617/,茜×香總集篇2「因為太過可愛所以襲擊看看」 [かしよ] [スイートピー、COCOA BREAK (大島智、大島永遠)]かわいいから襲ってみた 総集編2 [中国翻訳] [DL版],"劇情向, 百合","大島智, 大島永遠",,中文,83,2023-10-02
JM498419,https://18comic.vip/album/498419/,剧情向：绑架蒂法，百合互虐 [虐爱3D动画],"束縛, 塞口器, 3D",虐爱3D动画,,,34,2023-10-01
JM498402,https://18comic.vip/album/498402/,[墓場] 公開便所 [DL版],"劇情向, 阿黑顏, 肛交, 巨乳, 遮眼, 口交, 束縛, 出軌, 項圈, 女裝, 處女, 女性支配, 塞口器, 眼鏡, 手套, 乳膠衣, 手淫, 鼻鉤, 枷刑, 肉便器, 強暴, 學校泳裝, 校服, 性玩具, 奴隸, 過膝襪, 假陽具, 出汗, 泳裝, 長筒靴, 放尿, 百合, 群交, 單行本, 假小子",墓場,,日文,254,2023-10-01
JM498597,https://18comic.vip/album/498597/,[憑依ラヴァー (羅ぶい)] 横取り憑依〜憧れのクラスのアイドルが知らないヤツに乗っ取られていた〜 [中国翻訳],"巨乳, 眼鏡, 附身, 校服, 百合, 机翻",羅ぶい,,中文,46,2023-10-02
JM498089,https://18comic.vip/album/498089/,魚屋。 (松坂)·奉上繁星(明日方舟百合系),非H,松坂,,中文,22,2023-09-29
JM498202,https://18comic.vip/album/498202/,[个人渣翻汉化] [高校パンチ] ぱふぱふ娘をやっつけた (ドラゴンクエストVIII) [中国翻訳],"全彩, 阿黑顏, 遮眼, 兔女郎, 女性支配, 舔足, 足交, 扶他, 連褲襪, 嗅氣味, 出汗, 雙馬尾, 百合",高校パンチ,,中文,12,2023-09-30
JM498025,https://18comic.vip/album/498025/,(C99)[支乳師の集い(やっさん)] うりぼーとあらさー illustLikeShot9 (モンスターストライク),"C102, 巨乳, 百合",やっさん,,中文,34,2023-09-29
JM498023,https://18comic.vip/album/498023/,(C94)[支乳師の集い(やっさん)] illustLikeShot5 (モンスターストライク),"C102, 百合",やっさん,,中文,21,2023-09-29
JM497530,https://18comic.vip/album/497530/,[こやまいち] リアルすぎるVRでやり放題の俺! [DL版],"肛交, 巨乳, 短褲, 馬尾, 過膝襪, 泳裝, 百合, 單行本, 日语, 假小子",こやまいち,,日文,199,2023-09-27
JM501686,https://18comic.vip/album/501686/,(C93)[ツキノウラガワ (ろみ)] Lunar mare,"C93, CG, 百合",ろみ,,中文,163,2023-10-15
JM497271,https://18comic.vip/album/497271/,春日终结时的空之色 （阿朴个人汉化） [Coffee is the Color (小島照)] 春が終わるときの空の色は|春日终结时的空之色 (マギアレコード 魔法少女まどか☆マギカ外伝),"百合, 校服",小島照,,中文,20,2023-09-26
JM497269,https://18comic.vip/album/497269/,[阿朴个人汉化] [saisyaの本 (SaiSya)] ALIMIFU BOOK (マギアレコード 魔法少女まどか☆マギカ外伝) [DL版],"百合, 巨乳",SaiSya,,中文,24,2023-09-26
JM497125,https://18comic.vip/album/497125/,[Sky Dogma (ぱんだこりゃ)] 欲求不満まじめ女子がクラスのヤリ〇ンギャルとドスケベHしちゃう話。 [中国翻訳] [DL版],"巨乳, 項圈, 乳環, 百合",ぱんだこりゃ,,中文,40,2023-09-26
JM497086,https://18comic.vip/album/497086/,[じゅらい] ボクっ娘は保健室の先生を好きになんかならない [中国翻訳],"百合, 扶她",じゅらい,,中文,18,2023-09-26
JM497084,https://18comic.vip/album/497084/,[ハザマ ササミ] 魔王と月夜の晩酌 (Fate/Grand Order) [中国翻訳],百合,"ハザマ, ササミ",,中文,12,2023-09-26
JM496734,https://18comic.vip/album/496734/,[白杨汉化组][Deadnoodles] SZKS…[Chinese],百合,Deadnoodles,,中文,9,2023-09-24
JM496510,https://18comic.vip/album/496510/,[夏色] 想不出标题了,"怪物女孩, 魷魚娘, 百合",夏色,,中文,19,2023-09-24
JM496402,https://18comic.vip/album/496402/,蛇蝎美人 [白杨汉化组] [性肉店 (肉)] femme fatale (白上フブキ) [中国翻訳] [DL版],"過膝襪, 百合, 巨乳, 非百合",肉,,中文,39,2023-09-23
JM496446,https://18comic.vip/album/496446/,[二人一狗汉化组] [熊の穴 (シロクマA)] 二人だけの秘密 (ブルーアーカイブ) [中国翻訳] [DL版],"扶他, 百合",シロクマA,,中文,28,2023-09-23
JM496168,https://18comic.vip/album/496168/,[颠佬旅者汉化组] [CAT GARDEN (ねこてゐ)] 圣娅的感觉遮段 (碧蓝档案),"束縛, 壁尻, 觸手, 全彩",ねこてゐ,,中文,7,2023-09-22
JM495906,https://18comic.vip/album/495906/,[端音乱希の单推人个人汉化/AKwoL汉化组] [No Future (端音乱希、有魚)] 魔法少女ルフェリカ 第2話 絶望に沈む2人の魔法少女 [中国翻訳],"束縛, 魔法少女, 中出, 強暴, 史萊姆, 百合, 群交, 小說","端音乱希, 有魚",,中文,73,2023-09-21
JM469450,https://18comic.vip/album/469450/,純潔的才能 (C102) [壞茸社 (Chicke III、4why)] 純潔の才能 (リコリス・リコイル) [中国語] [DL版],"C102, 巨乳, 手淫, 百合, 見本, 搞笑, 沙雕","Chicke, III, 4why, ChickeIII, 坏茸社",,中文,60,2023-07-16
JM495640,https://18comic.vip/album/495640/,[黎欧出资汉化] [BruLee] Hot and Cold Sunyata (原神) [中国翻訳],"全彩, 巨乳, 群交, 百合, 纯爱",BruLee,,中文,52,2023-09-20
JM495598,https://18comic.vip/album/495598/,我轉生成爲女勇者后魔族的妻子居然有5人 6 [無修正] (C101) [ネダオレ (あやね)] 女勇者に転生したら魔族の妻が5人もいるらしい6 (オリジナル) [DL版],"C101, 無修正, 巨乳, 獸耳, 百合",あやね,,中文,34,2023-09-20
JM495569,https://18comic.vip/album/495569/,[魔窟亭 (長井わたる)] オーガズムユニットEX-逆襲のサディスト（官方中文版）,"全彩, 魔法少女, 過膝襪, 百合",長井わたる,,中文,39,2023-09-20
JM495348,https://18comic.vip/album/495348/,我轉生成爲女勇者后魔族的妻子居然有5人 6 (C101) [ネダオレ (あやね)] 女勇者に転生したら魔族の妻が5人もいるらしい6 (オリジナル) [DL版],"C101, 百合, 獸耳, 巨乳",あやね,,中文,35,2023-09-19
JM470718,https://18comic.vip/album/470718/,提瓦特融合事件 [Astephen],"無修正, 百合, 巨乳, 過膝襪, 3D",Astephen,,,518,2023-07-20
JM496399,https://18comic.vip/album/496399/,[不咕鸟汉化组] [トラペゾヘドロン (ヒマドール)] 催眠カメさんBOX (ガールズ&パンツァー) [中国翻訳],"群交, 催眠, 校服, 雙馬尾, 百合, 扶她",ヒマドール,,中文,40,2023-09-23
JM212916,https://18comic.vip/album/212916/,【空白个人整合汉化】 [PUP] 金色の戦乙女 Golden Valkyrie,"3D, 百合",PUP,,中文,820,2020-09-02
JM495019,https://18comic.vip/album/495019/,我轉生成爲女勇者后魔族的妻子居然有5人 5 [沒有漢化] [ネダオレ (あやね)] 女勇者に転生したら魔族の妻が5人もいるらしい 5 [中国翻訳] [DL版],"劇情向, 怪物女孩, 百合",あやね,,中文,39,2023-09-18
JM494909,https://18comic.vip/album/494909/,[phxdream] 反差性斗传奇5--互相试探,"貓貓, 百合, 3D",phxdream,,,12,2023-09-17
JM494908,https://18comic.vip/album/494908/,[phxdream] 反差性斗传奇4--暴风雨即将到来之时,"百合, 3D",phxdream,,中文,9,2023-09-17
JM494907,https://18comic.vip/album/494907/,[phxdream] 反差性斗传奇3--大草原的女神,"黑肉, 摔跤, 百合, 3D",phxdream,,,113,2023-09-17
JM494904,https://18comic.vip/album/494904/,[phxdream] 反差性斗传奇1--XX大学往事,"黑肉, 摔跤, 百合, 3D",phxdream,,,121,2023-09-17
JM495288,https://18comic.vip/album/495288/,[禁漫漢化組](C102)[台北人(虫ハラ)]Tempt & Throb(リコリス・リコイル),"C102, 百合, JK, 禁漫書庫",虫ハラ,,中文,28,2023-09-19
JM494901,https://18comic.vip/album/494901/,[同人社團-葉子貓 (GURU)] 直到你能夠直視我的眼眸 (ぼっち・ざ・ろっく!),"百合, 非H",GURU,,中文,21,2023-09-17
JM495139,https://18comic.vip/album/495139/,驱炼辉晶 变身女英雄#23 [星月汉化] [下り坂ガードレール (しらそ)] 駆錬輝晶 クォルタ アメテュス #23 [中国翻訳] [DL版],"C102, 妖精, 遮眼, 劇情向, 百合, 巨乳",しらそ,,中文,42,2023-09-18
JM494736,https://18comic.vip/album/494736/,虞美人アナルフィスト調教（差分36枚）,"肛交, 拳交, 百合",ショーン,,中文,37,2023-09-17
JM494731,https://18comic.vip/album/494731/,[红茶夜话汉化组] [Digital] [KirororO (kirero)] 紅魔館summerdays (東方Project) [中国翻訳],"泳裝, 百合",kirero,,中文,24,2023-09-17
JM494197,https://18comic.vip/album/494197/,[沒有漢化] [手つかずの青。 (えみりお)] たしかに恋だった。＜前＞ (ガールズ&パンツァー) [中国翻訳] [DL版],"劇情向, 百合, 非H, 校服",えみりお,,中文,34,2023-09-14
JM494198,https://18comic.vip/album/494198/,[沒有漢化] [手つかずの青。 (えみりお)] たしかに恋だった。＜後＞ (ガールズ&パンツァー) [中国翻訳] [DL版],"百合, 非H, 劇情向",えみりお,,中文,63,2023-09-14
JM494138,https://18comic.vip/album/494138/,[透明声彩汉化组] (C102) [Waterfall (嵩乃朔)] 祝福の日 (機動戦士ガンダム 水星の魔女),"C102, 劇情向, 黑肉, 百合",嵩乃朔,,中文,39,2023-09-14
JM494300,https://18comic.vip/album/494300/,[透明声彩汉化组] (C102) [ユナイテッド双児舎 (ユナイト双児)] locked flower (ブルーアーカイブ),"C102, 百合, 巨乳",ユナイト双児,,中文,22,2023-09-15
JM494191,https://18comic.vip/album/494191/,等我长大之后 [食べ放題 (たいやき)] 大人になったら (Breath 至高の百合性癖アンソロジー) [中国翻訳] [DL版],"馬尾, 純愛, 标题就有百合但有丈育看不懂破防了, 百合, 非H, 不打百合标签的司马玩意",たいやき,,中文,19,2023-09-14
JM494184,https://18comic.vip/album/494184/,(C101) [ぐつとま (タチ)] キミの香りしかしない (機動戦士ガンダム 水星の魔女) [中国翻訳],"C101, 黑肉, 手淫, 百合","瑞氏, タチ, ぐつとま",,中文,33,2023-09-14
JM494139,https://18comic.vip/album/494139/,[Kanade汉化组] (C91) [砂亭 (s73d)] 優想薬 (東方Project) [中国翻訳],"C91, 阿黑顏, 束縛, 兔女郎, 藥物, 校服, 性玩具, 百合, 萝莉",s73d,,中文,29,2023-09-14
JM494164,https://18comic.vip/album/494164/,[禁漫漢化組](C101)[支乳師の集い(やっさん)]コレ？アンバー？(原神),"百合, 禁漫書庫",やっさん,,中文,18,2023-09-14
JM491437,https://18comic.vip/album/491437/,我轉生成爲女勇者后魔族的妻子居然有5人 5 [ネダオレ (あやね)] 女勇者に転生したら魔族の妻が5人もいるらしい5 [中国翻訳] [無修正] [DL版],"無修正, 百合, 過膝襪",あやね,,中文,39,2023-09-13
JM494167,https://18comic.vip/album/494167/,魔女慘敗於自家弟子 [Waka個人漢化] [パデラポッロのりお] 魔女は弟子に負けた。 [中國翻訳],"遮眼, 催眠, 馬尾, 百合",パデラポッロのりお,,中文,30,2023-09-14
JM491197,https://18comic.vip/album/491197/,[momo个人汉化] [世羅吉。] ママはペット,"綁縛與調教, 巨乳, 口交, 項圈, 電擊, 露出, 女性支配, 亂倫, 人妻, 性玩具, 打屁股, 潮吹, 假陽具, 百合","世羅吉。, 世罗吉",,中文,43,2023-09-13
JM491175,https://18comic.vip/album/491175/,正经百合酱与撒谎的我 [T.S.WORKS] [夕日企画] がち百合ちゃんと嘘つきの俺 [中国翻訳],"非H, 劇情向, 百合, 性转",夕日企画,,中文,22,2023-09-13
JM487703,https://18comic.vip/album/487703/,[沒有漢化] [はせべso鬱] 百合の園にも蟲はいる 第1-2卷,"劇情向, 非H, 女性支配",はせべｓｏ鬱,,中文,435,2023-09-12
JM490889,https://18comic.vip/album/490889/,[Lowsen个人汉化] [台北人 (虫原)] Tempt & Throb (リコリス・リコイル) [中国翻訳],"劇情向, 百合, 巨乳, 扶他",虫原,,中文,31,2023-09-13
JM489719,https://18comic.vip/album/489719/,[きのっ子 (田口もにゃ太)] 浮気性の夫にTS(性転換)薬を飲ませ続けた結果2 [中国翻訳],"百合, 性轉換, 巨乳",田口もにゃ太,,中文,89,2023-09-13
JM487479,https://18comic.vip/album/487479/,那個帥氣的孩子在我的面前成為了母豬 [日は満ちた。] カッコイイあの子は私の前ではマゾ豚になります [中国翻訳],"全彩, 百合",日は満ちた。,,中文,42,2023-09-11
JM487716,https://18comic.vip/album/487716/,我家的酒賴恩愛過頭了 [沒有漢化] (C102) [まんまん屋 (チチヅキ)] うちの酒頼がラブラブすぎる (Fate／Grand Order),"C102, 鬼族, 百合, 全彩",チチヅキ,,中文,40,2023-09-12
JM487333,https://18comic.vip/album/487333/,[BLUE氪个人翻译] [Digital] [志乃武丹英]義妹に誓う日（COMICペンギンクラブ2023年10月号）,"百合, 伪娘",志乃武丹英,,中文,20,2023-09-10
JM487031,https://18comic.vip/album/487031/,(C82) [恥骨マニア (剛田ナギ)] こしあん派?粒あん派? (魔法少女まどか☆マギカ),百合,剛田ナギ,,中文,25,2023-09-09
JM487032,https://18comic.vip/album/487032/,[かたまり屋 (しなま)] 軽率女x女おせっせの街総集編2かもレ編 (マギアレコード 魔法少女まどか☆マギカ外伝),"百合, 扶他",しなま,,中文,127,2023-09-09
JM486525,https://18comic.vip/album/486525/,[宇佐]ギャル若妻、マッサージに行く。[中国翻译],"百合, 內衣, 口交, 百合豚勿进, 按摩, ntr",宇佐,,中文,40,2023-09-07
JM486223,https://18comic.vip/album/486223/,[福犬] くノ一足裏マンガ 1~2 [中国翻訳],"束縛, 舔足, 女忍者, 馬尾, 百合",福犬,,中文,8,2023-09-06
JM486241,https://18comic.vip/album/486241/,[莉赛特汉化组] [もえきち。] クーリング (リリー＆アイビー ～ケンカップル百合×性愛アンソロジー～) [中国翻訳],"內衣, 百合",もえきち。,,中文,19,2023-09-06
JM486468,https://18comic.vip/album/486468/,[Suchet翻译✖路凝安嵌字] [Firolian] Area69 no.07 Philtover,"巨乳, 百合, CG, 非百合",Firolian,,中文,232,2023-09-07
JM486215,https://18comic.vip/album/486215/,GAIA(暗影游侠) 01-06,"催眠, 百合, 3D",galford9,,,843,2023-09-06
JM486768,https://18comic.vip/album/486768/,[禁漫漢化組](C102)[スタジオKIMIGABUCHI(きみまる)]水星の魔羅(機動戦士ガンダム 水星の魔女),"C102, 百合, 扶他, 禁漫書庫",きみまる,,中文,22,2023-09-08
JM486724,https://18comic.vip/album/486724/,[不咕鸟汉化组] [トラペゾヘドロン (ヒマドール)] ゆかケイ催眠ミッション (ガールズ&パンツァー) [中国翻訳],"催眠, 百合",ヒマドール,,中文,40,2023-09-08
JM486185,https://18comic.vip/album/486185/,[北京神马个人汉化] (GirlsLoveFestival 23) [Reflectia (新堂由樹)] LOVE STEP (ラブライブ!)[中国翻訳],"劇情向, 百合, 馬尾",新堂由樹,,中文,30,2023-09-06
JM486188,https://18comic.vip/album/486188/,[主角组吧汉化组] [星幻工房 (らんかせい)] 帰還不能限界点 外伝 depravity (東方Project) [中国翻訳],"束縛, 扶他, 中出, 奴隸, 百合",らんかせい,,中文,23,2023-09-06
JM486007,https://18comic.vip/album/486007/,恋爱行星 [notuzi个人汉化] (ぼっち・ざ・ぶっく!) [G.MARK (参号、五葉)] 恋する惑星 [中国翻訳],"非H, 百合, 馬尾","参号, 五葉",,中文,23,2023-09-05
JM485305,https://18comic.vip/album/485305/,Pixiv | ユヨウ (附文案、无码版本、已排序),"無修正, 阿黑顏, 肛交, 窒息, 綁縛與調教, 束縛, 項圈, 塞口器, 乳膠衣, 女僕, 乳汁, 鼻鉤, 連褲襪, 性玩具, 百合, 動圖",ユヨウ,,中文,270,2023-09-02
JM485296,https://18comic.vip/album/485296/,"[lwg个人翻译] [Layru] Be Wary of Wandering Around The Forest Alone, Impish Creatures May Await to Turn You into Their Plaything!","全彩, 墮落, 女惡魔, 百合, TS, 无H, 性转, 纯爱",Layru,,中文,15,2023-09-02
JM486006,https://18comic.vip/album/486006/,错过末班车于是悄悄在爱情旅馆过夜了. [notuzi个人汉化] (結束ロック!) [G.MARK (いつは)] 終電を逃したのでこっそりラブホに泊まる事になってしまいました。 (ぼっち・ざ・ろっく!) [中国翻訳],"非H, 百合, 馬尾",いつは,,中文,9,2023-09-05
JM485526,https://18comic.vip/album/485526/,[沒有漢化] [阪本KAFKA]絶頂我慢!ラブホ女子会（COMICグーチョ vol.16） [中国翻訳],"女性支配, 拒絕高潮, 潮吹, 雙馬尾, 放尿, 百合",阪本KAFKA,,中文,30,2023-09-03
JM485514,https://18comic.vip/album/485514/,[AKwoL烤肉组] [HUQU] 94Maniac Part 4,"百合, 無修正",HUQU,,中文,20,2023-09-03
JM485036,https://18comic.vip/album/485036/,[ハザマ ササミ] 淫乱魔王vs好色軍神 (Fate/Grand Order) [中国翻訳],"巨乳, 群交, 百合","ハザマ, ササミ",,中文,15,2023-09-01
JM485337,https://18comic.vip/album/485337/,无法忍耐的忍者翱翔于深夜 (C102) [玉砕島 (38式)] 忍ばぬ忍者は夜を翔ぶ (ヘブンバーンズレッド) [中国翻訳],"C102, 百合",38式,,中文,62,2023-09-02
JM485049,https://18comic.vip/album/485049/,[hz个人翻译] [ぽっぷらんど (柊ぽぷら)] TS百合姬 [中国翻訳],"巨乳, 過膝襪, 百合, 性转, TS, 怀孕, 纯爱",柊ぽぷら,,中文,8,2023-09-01
JM484413,https://18comic.vip/album/484413/,[AAAAAAAAAAA4个人汉化] [Aya Yanagisawa] RWBY VRGI Time!,"獸交, 巨乳, 口交, 催眠, 蛇蛇, 丸吞, 百合, 全彩","Aya, Yanagisawa",,中文,6,2023-08-30
JM484678,https://18comic.vip/album/484678/,[hz个人翻译] [あむぁいおかし製作所 (ゆーきぃ)] ドッペルゲンガーに彼女も人生も奪われて爆乳JKにされた僕 [中国翻訳],"巨乳, 催眠, 校服, 百合, 性转, NTR, 女体",ゆーきぃ,,中文,35,2023-08-30
JM484187,https://18comic.vip/album/484187/,(C102) [貧乏ゆすり超特急 (モチマコ)] 機戦天使ジジ・ウィステリア07 (オリジナル) [DL版],"C102, 劇情向, 眼罩, 性玩具, 百合",モチマコ,,日文,32,2023-08-29
JM484201,https://18comic.vip/album/484201/,[hz个人翻译] [R.S.I. (りむ)] 歴戦の勇士をレースクイーンに改変,"巨乳, 群交, 催眠, 賽車女郎, 百合, 性转, 女体",りむ,,中文,14,2023-08-29
JM484199,https://18comic.vip/album/484199/,[hz个人翻译] [R.S.I. (りむ)] 吴越同舟 [中国翻訳],"巨乳, 催眠, 百合, 性转",りむ,,中文,4,2023-08-29
JM484043,https://18comic.vip/album/484043/,游泳部附身 [new life个人汉化] [憑依ラヴァー (藤原俊一)] 憑依水泳部 [中国翻译],"全彩, 泳裝, 教師, 百合, 附身",藤原俊一,,中文,46,2023-08-29
JM484041,https://18comic.vip/album/484041/,[天使半机翻个人汉化] [鴨ローサーズ (オオバンブルマイ)] かぷっちゅーっとバンパイア2 (ロザリオとバンパイア) [中国翻訳] [DL版],"劇情向, 群交, 百合, 非百合",オオバンブルマイ,,中文,30,2023-08-29
JM483820,https://18comic.vip/album/483820/,至媚世界 第2季 第1集+资料篇 [凛一LinYi],"百合, 巨乳, 3D",凛一LinYi,,,146,2023-08-28
JM483675,https://18comic.vip/album/483675/,(C102) [ヌルネバーランド (ナビエ遥か2T)] 同人サークル入りませんか？ (オリジナル) [DL版],"C102, 肛交, 巨乳, 遮眼, 口交, 顏射, 兔女郎, 漁網襪, 眼鏡, 飲精, 手淫, 後宮, 內衣, 乳交, 校服, 性玩具, 過膝襪, 透視, 百合, 群交, 舔屁眼",ナビエ遥か2T,,日文,73,2023-08-28
JM483536,https://18comic.vip/album/483536/,[予本个人汉化] [さき千鈴] ウサギは闇帝さまに逆らえませんっ!! episode [中国翻訳],"劇情向, 獸耳, 巨乳, 百合",さき千鈴,,中文,25,2023-08-28
JM483535,https://18comic.vip/album/483535/,[猫岛汉化组] [tnpk] ひとりちゃん、○○を触ってもいかしら？ (ぼっち・ざ・ろっく!) [中国翻訳],"巨乳, 百合, 非H",tnpk,,中文,23,2023-08-28
JM483384,https://18comic.vip/album/483384/,[云中漫步] [Ignacio Noe] The Convent of Hell [Chinese],"全彩, 無修正, 肛交, 新娘, 墮落, 吊帶襪, 內衣, 修女, 強暴, 虐殺, 過膝襪, 觸手, 百合, 群交, 美漫, 欧美","Ignacio, Noe",,中文,67,2023-08-28
JM483344,https://18comic.vip/album/483344/,(C102) [ぱいとろぽんぷ (瑞海BB)] ShinyMoon×WhiteLily 5 (ポケットモンスター サン・ムーン) [DL版],"C102, 馬尾, 百合, 劇情向",瑞海BB,,日文,41,2023-08-27
JM483322,https://18comic.vip/album/483322/,[STRANGE POP (沖黒)] 蟹猫物語 (化物語) [中国翻訳],"性玩具, 百合, 全彩, 滑稽",沖黒,,中文,23,2023-08-27
JM483252,https://18comic.vip/album/483252/,(C102) [えのころくらげ (NOSA)] Go for dream (ラブライブ! 虹ヶ咲学園スクールアイドル同好会) [DL版],"扶他, 群交, 校服, 假陽具, 百合",NOSA,,日文,137,2023-08-27
JM482729,https://18comic.vip/album/482729/,[阿w个人汉化] my luz 猫头鹰魔法社,"百合, 全彩, 无修正, 纯爱, 黑肉, 短发","danger, art",,中文,34,2023-08-25
JM483021,https://18comic.vip/album/483021/,(C102) [まんまん屋 (チチヅキ)] うちの酒頼がラブラブすぎる (Fate Grand Order),"C102, 鬼族, 百合, 全彩",チチヅキ,,日文,40,2023-08-26
JM483057,https://18comic.vip/album/483057/,西木野式发声练习(Love Live) [Digital][Chinese] [北京神马个人汉化] [にらたま (せきはら、広人)] にしきの式発声練習 (ラブライブ!) [DL版][中国翻訳],"百合, 校服","せきはら, 広人",,日文,30,2023-08-27
JM482973,https://18comic.vip/album/482973/,(C102) [運命のイカスミ (春雨)] スーパーイド (東方Project) [DL版],"C102, 手淫, 百合",春雨,,日文,26,2023-08-26
JM483006,https://18comic.vip/album/483006/,[hz个人翻译] [あむぁいおかし製作所 (真田)] 女体化洗脳されてしまった親友を助けようとしたら俺まで女体化されてしまった! [中国翻訳],"兔女郎, 墮落, 魔法少女, 催眠, 雙馬尾, 百合, 全彩, 性转, 女体化",真田,,中文,33,2023-08-26
JM482796,https://18comic.vip/album/482796/,[伊藤ハチ] 生徒会閑談 (おっぱい百合アンソロジー),"非H, 百合",伊藤ハチ,,中文,18,2023-08-26
JM482793,https://18comic.vip/album/482793/,[結野ちり] love breasts (おっぱい百合アンソロジー),"非H, 巨乳, 百合",結野ちり,,中文,24,2023-08-26
JM482794,https://18comic.vip/album/482794/,[館田ダン] 森林花園 (おっぱい百合アンソロジー),"非H, 巨乳, 百合",館田ダン,,中文,12,2023-08-26
JM482795,https://18comic.vip/album/482795/,[ぐう] 胸部的内幕 (おっぱい百合アンソロジー),"非H, 巨乳, 百合",ぐう,,中文,20,2023-08-26
JM482792,https://18comic.vip/album/482792/,[如月瑞] 胸部≤你(おっぱい百合アンソロジー),"非H, 巨乳, 百合",如月瑞,,中文,20,2023-08-26
JM482791,https://18comic.vip/album/482791/,[ひさぎ] 前辈与我 (おっぱい百合アンソロジー),"非H, 巨乳, 百合",ひさぎ,,中文,16,2023-08-26
JM482789,https://18comic.vip/album/482789/,[majoccoid] luring bloom (おっぱい百合アンソロジー),"非H, 百合",majoccoid,,中文,20,2023-08-26
JM482788,https://18comic.vip/album/482788/,[甘露アメ] 煮酒论胸部 (おっぱい百合アンソロジー),"非H, 巨乳, 百合",甘露アメ,,中文,12,2023-08-26
JM482790,https://18comic.vip/album/482790/,[ほむら屋 (焔すばる)] 猛烈胸部谈论 (おっぱい百合アンソロジー),"非H, 百合, 巨乳",焔すばる,,中文,12,2023-08-26
JM482784,https://18comic.vip/album/482784/,[U酱是花之美少女] [透明ドルチェ]ココロセンセーション[中文翻译],"非H, 百合, 純愛",透明ドルチェ,,中文,37,2023-08-26
JM482786,https://18comic.vip/album/482786/,[はちこう] 成为大人了吧？ (おっぱい百合アンソロジー),"非H, 巨乳, 百合",はちこう,,中文,8,2023-08-26
JM482787,https://18comic.vip/album/482787/,[えんど] 被JK教导性的喜悦的奔三 (おっぱい百合アンソロジー),"非H, 百合",えんど,,中文,18,2023-08-26
JM482785,https://18comic.vip/album/482785/,[九郎] 秘密的kiss是用胸部♪ (おっぱい百合アンソロジー),"百合, 巨乳, 校服",九郎,,中文,14,2023-08-26
JM482770,https://18comic.vip/album/482770/,] [UPPER重工x我不看本子个人汉化] [あいいろさくら (相川りょう)] にゃんにゃんリンちゃんとわんわんなでしこ (ゆるキャン△) [中国翻訳][DL版],"非H, 百合, 校服, 純愛",相川りょう,,中文,27,2023-08-26
JM482728,https://18comic.vip/album/482728/,[禁漫漢化組](C102)[冬扇草堂(冬扇)]銀乳狩り(ローゼンメイデン),"C102, 巨乳, 異種姦, 扶他, 百合, 禁漫書庫, c102, 靴子","冬扇, 冬扇草堂",,中文,31,2023-08-25
JM482386,https://18comic.vip/album/482386/,(C102) [下り坂ガードレール (しらそ)] 駆錬輝晶 クォルタ アメテュス #23 (オリジナル) [DL版],"C102, 妖精, 遮眼, 史萊姆娘, 百合, 劇情向",しらそ,,日文,42,2023-08-24
JM482298,https://18comic.vip/album/482298/,[心海汉化组] [Marialite (ふじさき)] スライムと交わる魔法のような性転換 [中国翻訳],"全彩, 中出, 催眠, 附身, 懷孕, 百合, 換身, 性转",ふじさき,,中文,32,2023-08-24
JM482325,https://18comic.vip/album/482325/,◆FANBOX◆ Eufoniuz [25327837＆eufoniuz],"巨乳, CG, 百合, 非百合",eufoniuz,,,695,2023-08-24
JM332711,https://18comic.vip/album/332711/,[きょくちょ] 楓と鈴 [無邪気漢化組] [無修正],"無修正, 雙胞胎, 女高中生, 女僕, 劇情向, 純愛, 巨乳, 傲嬌, 群交, 束縛, 自慰, 性玩具, 過膝襪, 百合, 動畫化, 纯爱",きょくちょ,,中文,188,2022-04-13
JM482594,https://18comic.vip/album/482594/,[宮元一佐] はーとまーくもっと多め。,"阿黑顏, 肛交, 巨乳, 口交, 角色扮演, 黑肉, 眼鏡, 辣妹, 中出, 夾腿, 乳交, 校服, 性玩具, 過膝襪, 百合, 亂倫, 單行本, 假小子",宮元一佐,,日文,213,2023-08-25
JM482021,https://18comic.vip/album/482021/,甜甜个人汉化[Incognitymous]Star vs.Earth(Star vs. the Forces of Evil)星蝶,"全彩, 无修正, 后宫, 欧美, 自慰, 群交, 性玩具, 假小子, 女性支配, 百合",Incognitymous,,,13,2023-08-23
JM481978,https://18comic.vip/album/481978/,(C91) [ゴロリのDIY (すと)] ウィッチの百合エッチ (ブレイブウィッチーズ) [中国翻訳],"C91, 連褲襪, 百合",すと,,中文,21,2023-08-23
JM481802,https://18comic.vip/album/481802/,[ポンコツぎゃふん。 (ぼっちの冬眠)]Drink in moderation. (モンスターストライク),"非H, 百合",ぼっちの冬眠,,日文,84,2023-08-22
JM438289,https://18comic.vip/album/438289/,来自外星的礼物 在冬天与你相遇 [Raindrop],"劇情向, 眼鏡, 石化, 轉化, 百合, 3D","Raindrop, 雨沧, Gou",,,429,2023-04-02
JM481197,https://18comic.vip/album/481197/,[食べ放題 (生肉)YURI HUB PLUS]創作百合まとめ④社会人編 [DL版],"百合, 巨乳, 內衣, 純愛",生肉,,中文,88,2023-08-21
JM481198,https://18comic.vip/album/481198/,(COMITIA140)[アンソロジー] 至高无上的百合性癖选集 [DL版],"百合, 純愛",多作者,,中文,100,2023-08-21
JM481331,https://18comic.vip/album/481331/,[禁漫漢化組](C102)[矢印キ→(星名めいと)]電脳少女は仮想世界に沈みゆく,"C102, 全彩, 百合, 扶他, 異種姦, 調教, 凌辱, 禁漫書庫, 肛交, 动漫化, 紧身衣",星名めいと,,中文,102,2023-08-21
JM481465,https://18comic.vip/album/481465/,鲸之恋4终极调教（西丝特X不稳定发电机X姬头四） [千本翼],"劇情向, 百合",千本翼,,中文,23,2023-08-21
JM481196,https://18comic.vip/album/481196/,(COMITIA137)[犬は魚 (犬井あゆ)YURI HUB] ルーム・フォー・ハニーズ [中国語],"非H, 百合",犬井あゆ,,中文,32,2023-08-21
JM481195,https://18comic.vip/album/481195/,(COMITIA134)[犬は魚 (犬井あゆ)YURI HUB] 对不起 我总是 明知故犯 [中国語],"非H, 百合",犬井あゆ,,中文,30,2023-08-21
JM481194,https://18comic.vip/album/481194/,(COMITIA130)[犬は魚 (犬井あゆ)YURI HUB] グッドモーニング・スウィーティー [中国語],"非H, 百合",犬井あゆ,,中文,21,2023-08-21
JM481193,https://18comic.vip/album/481193/,(COMITIA128)[犬は魚 (犬井あゆ)YURI HUB] ハニー・ラテ・ガール [中国語],"非H, 百合",犬井あゆ,,中文,30,2023-08-21
JM481192,https://18comic.vip/album/481192/,我與你與牠的故事 (C95)[犬は魚 (犬井あゆ)YURI HUB] 私とあなたとこの子とで [中国語],"C95, 非H, 百合","犬井あゆ, 神护カジキ",,中文,34,2023-08-21
JM482311,https://18comic.vip/album/482311/,[白杨汉化组] (C102) [HoneyRoad (Bee導師)] アリサ2 -紅の魔族- (オリジナル) [DL版],"C102, 劇情向, 束縛, 女惡魔, 手套, 怪物女孩, 過膝襪, 百合",Bee導師,,中文,26,2023-08-24
JM481188,https://18comic.vip/album/481188/,(BDP10th) [ ゲスタルト崩壊 (ももにぷ)] Sweating like crazy!! (BanG Dream!) [中国語],百合,ももにぷ,,中文,14,2023-08-21
JM481190,https://18comic.vip/album/481190/,(C100)[素鼠フォーヴィスム (神護カジキ)] 酔っ払い達のかくしごと(BanG Dream!)[中国語],"C100, 非H, 百合",神護カジキ,,中文,38,2023-08-21
JM481187,https://18comic.vip/album/481187/,歐派百合漫畫精選集 [九流] [アンソロジー] おっぱい百合アンソロジー,"青年漫, 巨乳, 百合",九流,,中文,207,2023-08-21
JM481184,https://18comic.vip/album/481184/,[果物一途 (木子MuziYuri)] 月下與妳的幽會[中国語] [DL版],"怪物女孩, 百合",木子MuziYuri,,中文,28,2023-08-21
JM481181,https://18comic.vip/album/481181/,[果物一途 (木子MuziYuri)] 如何與蛇女交尾 (一)[中国語] [DL版],"怪物女孩, 百合",木子MuziYuri,,中文,32,2023-08-21
JM481180,https://18comic.vip/album/481180/,[果物一途 (律空Rikuu)] 延長線 [中国語] [DL版],"百合, 純愛",律空Rikuu,,中文,25,2023-08-21
JM481183,https://18comic.vip/album/481183/,[果物一途 (木子MuziYuri)] 如何與蛇女交尾 (二)[中国語] [DL版],"怪物女孩, 百合",木子MuziYuri,,中文,32,2023-08-21
JM481191,https://18comic.vip/album/481191/,恋爱切忌高高挂起 (2OL《party》)[犬は魚 (犬井あゆ)] 恋ははれものさわるべからず [中国語],"非H, 百合",犬井あゆ,,中文,33,2023-08-21
JM481177,https://18comic.vip/album/481177/,[村长个人汉化] [星井工房 (星井ガル)] 輝装星姫アステリア2 逆心の偽愛堕焉 [中国翻訳],"CG, 肛交, 身體改造, 緊身衣, 墮落, 黑肉, 手套, 辣妹, 乳膠衣, 機械姦, 魔法少女, 催眠, 校服, 轉化, 雙馬尾, 百合, 亂倫",星井ガル,,中文,689,2023-08-21
JM478538,https://18comic.vip/album/478538/,[1109汉化组] (C102) [春待氷柱 (名宵)] YHB! (オリジナル) [DL版][中国翻訳] [DL版],"C102, 群交, 百合",名宵,,中文,26,2023-08-14
JM481170,https://18comic.vip/album/481170/,穿梭夢境的女王陛下 10 [UPPER重工x我不看本子个人汉化] (C100) [チーズ酵母 (なか)] ユメ渡りの女王様 night 10 [中国翻訳] [DL版],"C100, 緊身衣, 束縛, 舔足, 塞口器, 手套, 乳膠衣, 過膝襪, 瘙癢, 乳膠真空床, 百合, 劇情向",なか,,中文,78,2023-08-21
JM481156,https://18comic.vip/album/481156/,(COMIC1☆22) [まるあらい (新井カズキ)] インターミッション (リコリス・リコイル) [中国翻訳],"泳裝, 百合",新井カズ,,中文,23,2023-08-21
JM481019,https://18comic.vip/album/481019/,[予本个人汉化]  (C102) [みずかに (のやま)] イカなきゃ起きない同級生 (オリジナル) [DL版],"C102, 露出, 校服, 睡姦, 潮吹, 百合, 全彩",のやま,,中文,29,2023-08-20
JM480832,https://18comic.vip/album/480832/,[不咕鸟汉化组] [内燃さん] 遠坂凛乗り換え乗っ取り (Fate/stay night) [中国翻訳],"手淫, 附身, 過膝襪, 雙馬尾, 百合",内燃さん,,中文,8,2023-08-20
JM480705,https://18comic.vip/album/480705/,[卞赤鲤汉化] (C88) [蛸壷屋 (TK)] テートクの決断 (艦隊これくしょん -艦これ-),"C88, 劇情向, 制服, 百合",TK,,中文,58,2023-08-19
JM480764,https://18comic.vip/album/480764/,欲动PARADOX (C102) [virophilia (織日ちひろ)] 欲動パラドックス(ラブライブ! 蓮ノ空女学院スクールアイドルクラブ)[中国翻訳],"百合, 劇情向",織日ちひろ,,中文,22,2023-08-19
JM480733,https://18comic.vip/album/480733/,(C90) [solala (りこ)] Happiness (ラブライブ!) [中国翻訳],"手淫, 百合",りこ,,中文,20,2023-08-19
JM480095,https://18comic.vip/album/480095/,(C102) [cobalt green (こばじ)] お気を確かに (僕のヒーローアカデミア),"C102, 阿黑顏, 口交, 多毛, 後宮, 中出, 假陽具, 百合, 群交",こばじ,,日文,42,2023-08-17
JM480402,https://18comic.vip/album/480402/,屄来洞往·虹咲淫趴大爆干！[黄记汉化组] [えのころくらげ (NOSA)] 生まれたのはトキメキ (ラブライブ!虹ヶ咲学園スクールアイドル同好会)[中国翻訳] [DL版],"扶他, 校服, 性玩具, 過膝襪, 百合",NOSA,,中文,30,2023-08-18
JM480102,https://18comic.vip/album/480102/,(C102) [りゅうかくさんのどあめ (極太眉毛)] ティーパーティ (水着)にスケベするオマケほん_ (ブルーアーカイブ) [DL版],"C102, 泳裝, 中出",極太眉毛,,日文,8,2023-08-17
JM479824,https://18comic.vip/album/479824/,[禁漫漢化組](C102)[りゅうかくさんのどあめ(極太眉毛)]ティーパーティ(水着)にスケベするオマケほん_,"C102, 泳裝, 中出, 禁漫書庫, 马尾",極太眉毛,,中文,9,2023-08-16
JM480581,https://18comic.vip/album/480581/,誕生的悸動 [えのころくらげ (NOSA)] 生まれたのはトキメキ (ラブライブ!虹ヶ咲学園スクールアイドル同好会) [中国翻訳] [DL版],"扶他, 校服, 性玩具, 過膝襪, 百合",NOSA,,中文,36,2023-08-19
JM479498,https://18comic.vip/album/479498/,(C102) [★track (和泉キリフ)] 青空の下のエピローグ (ブルーアーカイブ),"C102, 百合, 非H",和泉キリフ,,中文,21,2023-08-15
JM479892,https://18comic.vip/album/479892/,(C102) [睦月堂 (池田靖宏、もっさり優)] ぼっちちゃんの幸せスパイラル (ぼっち・ざ・ろっく!) [DL版],"C102, 百合, 巨乳","池田靖宏, もっさり優",,日文,24,2023-08-16
JM479791,https://18comic.vip/album/479791/,(C102) [憑依好きの人] コミケで憑依！ブルアカドスケベコスプレイヤーを乗っ取りテイクアウト,"C102, 巨乳, 兔女郎, 項圈, 角色扮演, 遮眼, 中出, 連體衣, 連褲襪, 附身, 百合, YAOI, 皮物",憑依好きの人,,中文,35,2023-08-16
JM479404,https://18comic.vip/album/479404/,(C102) [みちのくランチ (みちのく)] 欲息吹くフロイライン (ブルーアーカイブ) [DL版],"C102, 貧乳, 百合, 內衣",みちのく,,日文,22,2023-08-15
JM481140,https://18comic.vip/album/481140/,[沒有漢化] [阪本KAFKA] 快晴！ラブホ女子会（COMICグーチョ vol.17） [中国翻訳],"泳裝, 露出, 女性支配, 抹油, 雙馬尾, 百合",阪本KAFKA,,中文,21,2023-08-21
JM479405,https://18comic.vip/album/479405/,(C102) [みちのくランチ (みちのく)] 欲息吹くフロイライン (ブルーアーカイブ) [DL版] [中文],"C102, 貧乳, 百合, 內衣, 百合赛高！ba畜破防了, 百合豚斯全家",みちのく,,日文,22,2023-08-15
JM479909,https://18comic.vip/album/479909/,(C102) [ユナイテッド双児舎 (ユナイト双児)] locked flower (ブルーアーカイブ),"C102, 百合",ユナイト双児,,日文,22,2023-08-16
JM478926,https://18comic.vip/album/478926/,(C102) [ニンゲンフムキ (チャパ仮)] 吹き荒ぶ冬風 (原神),"C102, 巨乳, 性勒索, 遮眼, 束縛, 墮落, 扶他, 手套, 群交, 中出, 乳環, 強暴, 假陽具, 百合",チャパ仮,,日文,22,2023-08-14
JM478981,https://18comic.vip/album/478981/,(C102) [白い闇 (K-you)] ファミリープロジェクトX (ゼノブレイド2) [DL版],"C102, 劇情向, 後宮, 中出, 懷孕, 百合, 群交, 非百合",K-you,,日文,30,2023-08-14
JM478908,https://18comic.vip/album/478908/,(C102) [矢印キー (星名めいと)] 電脳少女は仮想世界に沈みゆく (オリジナル),"C102, 全彩, 緊身衣, 女性支配, 扶他, 怪物女孩, 強暴, 百合",星名めいと,,日文,50,2023-08-14
JM478862,https://18comic.vip/album/478862/,(C102) 我的女主角 [段々団子 (嵐屋)] わたしのヒロイン (ブルーアーカイブ) [中国翻訳],"C102, 亂倫, 雙胞胎, 百合",嵐屋,,中文,18,2023-08-14
JM478872,https://18comic.vip/album/478872/,(C102) [たけまさ屋 (武将武)] 水着性交 ふたりがかり (アイドルマスター シンデレラガールズ) [DL版],"C102, 泳裝, 口交, 露出, 水下, 百合, 群交",武将武,,日文,38,2023-08-14
JM478859,https://18comic.vip/album/478859/,(C102) [段々団子 (嵐屋)] わたしのヒロイン (ブルーアーカイブ),"C102, 泳裝, 亂倫, 雙胞胎, 百合",嵐屋,,日文,18,2023-08-14
JM478843,https://18comic.vip/album/478843/,(C102) [台北人 (虫原)] Tempt & Throb (リコリス・リコイル) [DL版],"C102, 扶他, 百合, 巨乳",虫原,,日文,29,2023-08-14
JM478842,https://18comic.vip/album/478842/,(C102) [憑依k] トカゲのしっぽ (オリジナル) [DL版],"C102, 扶他, 寄生, 附身, 百合",憑依k,,日文,49,2023-08-14
JM478743,https://18comic.vip/album/478743/,[奢侈的彩凤个人汉化] [でゅう] うちの子がえっちな敵と戦って敗北する話 嵐子編4[中国翻訳],"全彩, 劇情向, 巨乳, 性勒索, 女性支配, 舔足, 手套, 乳汁, 魔法少女, 怪物女孩, 觸手, 踩踏, 百合",でゅう,,中文,60,2023-08-14
JM478787,https://18comic.vip/album/478787/,[沒有漢化] 肆意绽放的是百合之花,"劇情向, 連載中, 百合",チチヅキ,,中文,231,2023-08-14
JM478519,https://18comic.vip/album/478519/,[Powered by yadada漢化] [剛田ナギ] キミノ声がきこえる [中国翻訳],"出軌, 性玩具, 假陽具, 百合, NTR",剛田ナギ,,中文,28,2023-08-14
JM478049,https://18comic.vip/album/478049/,与雌小鬼魔法少女的浓厚百合教训密接 (C100) [ぐつとま (タチ)] メスガキ魔法少女と濃厚百合わから接触[中国翻訳] [DL版],"C100, 巨乳, 百合, 雌小鬼",タチ,,中文,31,2023-08-13
JM478815,https://18comic.vip/album/478815/,(C102) [HoneyRoad (Bee導師)] アリサ2 -紅の魔族- (オリジナル) [DL版],"C102, 劇情向, 束縛, 女惡魔, 手套, 怪物女孩, 強暴, 過膝襪, 百合",Bee導師,,日文,24,2023-08-14
JM478042,https://18comic.vip/album/478042/,拯救世界后的魔法少女活动必须进行浓厚百合密接 [ぐつとま (タチ)] 世界救ったあとの魔法少女活動は濃厚百合接触必須でした[中国翻訳] [DL版],"百合, 魔法少女, 雙馬尾",タチ,,中文,58,2023-08-13
JM478439,https://18comic.vip/album/478439/,(例大祭18) [リッター青 (浬し太)] 袿姫さま!マッサージのお時間です (東方Project) [中国翻訳],百合,浬し太,,中文,21,2023-08-13
JM478004,https://18comic.vip/album/478004/,侍奉吧!小春酱 [GRINP (ねことうふ)] つかえて!コハル 新装版[中国翻訳] [DL版],"非H, 百合, 校服",ねことうふ,,中文,142,2023-08-12
JM477862,https://18comic.vip/album/477862/,(C102) [むしゃぶる (武者サブ)] ヤリたがりな僕ら (オリジナル) [DL版],"C102, 泳裝, 百合, impart",武者サブ,,日文,90,2023-08-12
JM477391,https://18comic.vip/album/477391/,[關關雎鳩] [Bird feed] 空き教室で[中国翻訳] [DL版],"全彩, 劇情向, 百合","Bird-feed, 流砂",,中文,17,2023-08-10
JM477371,https://18comic.vip/album/477371/,[スタジオいわし (こるせ)] 裏アカばれました [中国翻訳] [DL版],"拍攝, 眼鏡, 多毛, 性玩具, 百合",こるせ,,中文,27,2023-08-10
JM477356,https://18comic.vip/album/477356/,(C102) [Waterfall (嵩乃朔)] 祝福の日 (機動戦士ガンダム 水星の魔女),"C102, 劇情向, 黑肉, 百合",嵩乃朔,,日文,37,2023-08-10
JM477261,https://18comic.vip/album/477261/,關原商事人妻部 [えむあ] 関ヶ原商事人妻部 [中国翻訳],"肛交, 巨乳, 辦公女郎, 出軌, 女性支配, 乳汁, 內衣, 熟女, 連褲襪, 過膝襪, 出汗, 百合, 群交, 劇情向, 單行本, 非百合",えむあ,,中文,200,2023-08-10
JM477385,https://18comic.vip/album/477385/,[AKwoL烤肉组] [HUQU] 94Maniac Part 2-3,"無修正, 扶他, 人妖, 百合",HUQU,,中文,21,2023-08-10
JM477242,https://18comic.vip/album/477242/,献给白百合的你 [白杨汉化组x因幡帝汉化组x命莲寺汉化组x主角组吧汉化组x四字神社] (秋季例大祭8) [心病神社 (よろず)] 白百合のきみへ (東方Project) [中国翻訳],"劇情向, 非H",長頼,,中文,201,2023-08-10
JM477100,https://18comic.vip/album/477100/,[奢侈的彩凤个人汉化] [でゅう] うちの子がえっちな敵と戦って敗北する話 嵐子編3[中国翻訳],"劇情向, 灌腸, 女性支配, 強暴, 虐待, 觸手, 踩踏, 蟲洞, 百合, 全彩",でゅう,,中文,54,2023-08-09
JM476740,https://18comic.vip/album/476740/,[四等两足牲口个人汉化] [せいろA] 魔王討伐パーティが崩壊する話 [中国翻訳],"全彩, 附身, 百合",せいろA,,中文,14,2023-08-08
JM476161,https://18comic.vip/album/476161/,[天凪青磁] リングワンデルング,"百合, 內衣, 群交",天凪青磁,,中文,31,2023-08-07
JM476075,https://18comic.vip/album/476075/,[憑依る抜け道 (條仔、あるべんと)] ボク swap 姉 ～憧れのお姉ちゃんとカラダを入れ替えられてしまったボク～ [中国翻訳] [DL版],"黑肉, 性玩具, 過膝襪, 百合, 換身, 亂倫, 全彩","條仔, あるべんと",,中文,51,2023-08-06
JM476647,https://18comic.vip/album/476647/,(C84) [amatsutsumi个人汉化] [peachpulsar (みら)] EARTH GIRLS [中国翻訳],"C84, 劇情向, 巨乳, 百合",みら,,中文,137,2023-08-08
JM476054,https://18comic.vip/album/476054/,[K记翻译] [Manaomega] 笨波霸理疗,"阿黑顏, 巨尻, 巨乳, 口交, 身體改造, 束縛, 墮落, 黑肉, 女性支配, 女僕, 催眠, 性玩具, 轉化, 百合, 全彩, 美漫",Manaomega,,中文,15,2023-08-06
JM476055,https://18comic.vip/album/476055/,[奢侈的彩凤个人汉化] [でゅう] うちの子がえっちな敵と戦って敗北する話 嵐子編2[中国翻訳],"肛交, 女性支配, 催眠, 性玩具, 過膝襪, 百合, 劇情向",でゅう,,中文,59,2023-08-06
JM476448,https://18comic.vip/album/476448/,拜托，遥控鲨鱼超酷的好吗（含futa差分）,"扶他, 手淫, 性玩具, 百合",含futa差分,,中文,4,2023-08-07
JM475893,https://18comic.vip/album/475893/,(個人英翻中) [HUQU] Negev x Kar98k,"百合, 巨乳, 束縛, 扶他",HUQU,,中文,164,2023-08-05
JM475879,https://18comic.vip/album/475879/,(C90) [my pace world (南瓜とるて)] とある重巡姉妹が契りを結ぶ夜 (艦隊これくしょん -艦これ-) [中国翻訳],"C90, 百合, 校服","黒咲俊, 南瓜とるて",,中文,40,2023-08-05
JM475461,https://18comic.vip/album/475461/,甜甜个人汉化[Croc] Star vs. the Forces of Sex 3星蝶,"无修正, 全彩, 口交, 性转, 药物, 百合, 纯爱, 假小子, ntr, 强暴, 欧美, 美漫",Croc,,中文,41,2023-08-03
JM475374,https://18comic.vip/album/475374/,當我們全裸相擁之時 [沒有漢化] [ネダオレ (あやね)] いつか裸で抱きあって [中国翻訳] [DL版],"巨乳, 眼鏡, 百合",あやね,,中文,31,2023-08-03
JM475404,https://18comic.vip/album/475404/,邻座是喜欢的人 学生百合合集 隣の席が好きな人だった 学生百合アンソロジー,"女性向, 劇情向, 單行本, 百合, 非H, 不是女性向","貓太郎, ネコ太郎, 樫风, 深海绀, 毒田ペパ子, 甘崎水菓",,中文,185,2023-08-03
JM475486,https://18comic.vip/album/475486/,田徑部 VS 百合性愛部 [沒有漢化] [アウェイ田] 陸上部VS百合セックス部 [中国翻訳],"劇情向, 肌肉女, 巨乳, 百合, 假小子",アウェイ田,,中文,55,2023-08-03
JM475026,https://18comic.vip/album/475026/,[乳魔各人漢化] [ぴよころた] ヴァンぱいア〜異常膨乳〜 [中国翻訳],"巨尻, 巨乳, 束縛, 超乳, 乳汁, 出產, 觸手, 百合, 全彩, CG",ぴよころた,,中文,49,2023-08-02
JM474799,https://18comic.vip/album/474799/,[奢侈的彩凤个人汉化] [でゅう] うちの子がえっちな敵と戦って敗北する話 嵐子編 [中国翻訳],"全彩, 劇情向, 女惡魔, 女性支配, 手套, 肌肉, 強暴, 踩踏, 百合",でゅう,,中文,54,2023-08-01
JM474872,https://18comic.vip/album/474872/,[柊ぽぷら]汗だく♡母娘憑依,"巨乳, 附身, 嗅氣味, 百合",柊ぽぷら,,中文,9,2023-08-01
JM473997,https://18comic.vip/album/473997/,[奢侈的彩凤个人汉化] [でゅう] ウチの子がえっちな敵と戦って敗北する話 vsスライム編 BADENDルート [中國翻訳],"全彩, 劇情向, 墮落, 女性支配, 乳汁, 怪物女孩, 附身, 史萊姆娘, 虐殺, 轉化, 放尿, 百合",でゅう,,中文,63,2023-07-30
JM475034,https://18comic.vip/album/475034/,若是你呼唤了我的名字 [碧蓝档案百合组] [無限海楼 (無限マリン)] あなたに名前を呼ばれたら (ブルーアーカイブ) [中国翻訳] [DL版],"百合, 劇情向, 非H",無限マリン,,中文,26,2023-08-02
JM474765,https://18comic.vip/album/474765/,(C102) [abgrund (さいかわゆさ)] 白百合姉妹攻略 総集編 (オリジナル) [DL版],"C102, 肛交, 巨乳, 中出, 內衣, 催眠, 修女, 乳交, 過膝襪, 群交, 亂倫",さいかわゆさ,,日文,201,2023-08-01
JM473980,https://18comic.vip/album/473980/,(C90) [my pace world (南瓜とるて)] とある重巡姉妹が契りを結ぶ夜 (艦隊これくしょん -艦これ-) [中国翻訳],"C90, 百合, 校服",南瓜とるて,,中文,34,2023-07-30
JM477041,https://18comic.vip/album/477041/,馴服格雷斯,"女性向, 主僕關係, 偏執攻, 古風, 復仇, 架空, 條漫正劇, 百合, 美人攻, 西洋風, 韓漫, 完結, 不是女性向","hilde, Mokma",,,2127,2023-08-09
JM473966,https://18comic.vip/album/473966/,孤单一人的话很寂寞吧 [阿朴个人漢化] (COMIC1☆8) [風のごとく! (風吹ぽに、風術師)] ひとりぼっちは寂しいものね (魔法少女まどかマギカ) [中国翻訳],"肛交, 巨乳, 束縛, 女性支配, 魔法少女, 強暴, 觸手, 百合","風吹ぽに, 風術師",,中文,27,2023-07-30
JM473766,https://18comic.vip/album/473766/,[柊ぽぷら] 肉体泥棒の腕輪/アイシャ編、エミリー編(全編)(公式中国語),"巨乳, 妖精, 附身, 百合",柊ぽぷら,,中文,50,2023-07-29
JM473761,https://18comic.vip/album/473761/,[反町豆腐] ポイピク 18禁作品[中文],"口交, 顏射, 扶他, 手淫, 百合",反町豆腐,,中文,23,2023-07-29
JM473743,https://18comic.vip/album/473743/,(C91) [Planet Matier (やまもとかんぽに)] 煌めく桃色真珠の様に (絶対純白・魔法少女) [中国翻訳],"C91, 眼鏡, 校服, 百合, 非百合",やまもとかんぽに,,中文,23,2023-07-29
JM473470,https://18comic.vip/album/473470/,(関西コミティア67)[GL] ふたりひとりよがり,"百合, 貧乳, 眼鏡, 假小子",GL,,中文,38,2023-07-28
JM473291,https://18comic.vip/album/473291/,(C72) [I'LL調 (あかりりゅりゅ羽)] せるふぃっしゅ 2 (らき☆すた) [中国翻訳],"百合, 校服, 劇情向, 非H",あかりりゅりゅ羽,,中文,23,2023-07-28
JM473308,https://18comic.vip/album/473308/,[机翻] [円つくも] セイアゼミ、延命 (ブルーアーカイブ) [中国翻訳],"獸耳, 連褲襪, 中出",円つくも,,中文,7,2023-07-28
JM473269,https://18comic.vip/album/473269/,[Shade] 警花琪琳 01-07,"內衣, 強暴, 百合, 全彩, 3D, 劇情向, 警花, 超神学院",Shade,,中文,474,2023-07-28
JM473286,https://18comic.vip/album/473286/,[和食で肉 (黒毛和牛)] 私はファスナーを下ろしたい。 (ラブライブ!サンシャイン!!) [DL版] [中国翻訳],"百合, 劇情向, 全彩, 非H",黒毛和牛,,中文,14,2023-07-28
JM472628,https://18comic.vip/album/472628/,[奢侈的彩凤个人汉化] [でゅう] ウチの子がえっちな敵と戦って敗北する話 vsスライム編 正規ルート[中国翻訳],"魔法少女, 怪物女孩, 強暴, 百合, 全彩, 劇情向",でゅう,,中文,58,2023-07-26
JM473268,https://18comic.vip/album/473268/,[Shade] 淫欲学院 番外：智械危机,"百合, 全彩, 3D",Shade,,中文,139,2023-07-28
JM473306,https://18comic.vip/album/473306/,[タツノコッソ] こなかがペーパー「結婚式」(らき☆すた) [中国翻訳],"百合, 劇情向, 非H",タツノコッソ,,中文,4,2023-07-28
JM472574,https://18comic.vip/album/472574/,秘密的秘密练习曲 [暴碧汉化组] (僕らのラブライブ! 37) [台北人 (虫原)] Secret Secret Etude (ラブライブ! 虹ヶ咲学園スクールアイドル同好会) [中国翻訳],"劇情向百合, 非H",虫原,,中文,23,2023-07-26
JM472589,https://18comic.vip/album/472589/,[Pygmalion of Cyprup] Halloween Feast[中文翻译],"巨乳, 口交, 吸奶, 墮落, 怪物女孩, 人妖, 百合, 全彩, 性转",PygmalionOfCyprup,,中文,26,2023-07-26
JM472285,https://18comic.vip/album/472285/,[スパークうたまろ] インモラル壱号 [DL版],"束縛, 塞口器, 眼鏡, 女僕, 女警, 強暴, 校服, 性玩具, 百合, 群交, 單行本",スパークうたまろ,,日文,170,2023-07-25
JM472031,https://18comic.vip/album/472031/,[野生豆太TOMATO] 漫画·T和とM 今日的胜负是？,"非H, 百合, 純愛",あさぎ龍,,中文,24,2023-07-24
JM471909,https://18comic.vip/album/471909/,[便宜汉化组] [雨之] JC千夏 [中国翻訳],"黑肉, 假小子, 百合, 劇情向, 足交, 自己干自己",雨之,,中文,53,2023-07-24
JM414797,https://18comic.vip/album/414797/,[種豚経営] [mei] 自慰復讐 [中国翻訳],"百合, 校服, 自慰",mei,,中文,10,2023-01-16
JM472005,https://18comic.vip/album/472005/,(C77) [あねこの手帖 (小梅けいと)] とある黒子の超電導パンツ (とある科学の超電磁砲) [中国翻訳],"C77, 吊帶襪, 群交, 校服, 過膝襪, 雙馬尾, 百合",小梅けいと,,中文,26,2023-07-24
JM471625,https://18comic.vip/album/471625/,白石与黑川 01-05 [wh],"百合, 3D",wh,,中文,636,2023-07-23
JM470685,https://18comic.vip/album/470685/,[欶澜汉化组] [有栖川琴音] 水着セイア (ブルーアーカイブ) [中国翻訳],"泳裝, 胃部突起",有栖川琴音,,中文,13,2023-07-20
JM469968,https://18comic.vip/album/469968/,[cmt个人汉化] [ちろたた] マザリアイ (コミックアンリアル 2023年6月号 Vol.103) [中国翻訳] [DL版],"校服, 過膝襪, 百合, 巨乳, 附身, 魂穿, 扶他, 重口",ちろたた,,中文,30,2023-07-18
JM470152,https://18comic.vip/album/470152/,[緋月アキラ] 欲望パンドラ 3 [DL版],"巨乳, 泳裝, 束縛, 性玩具, 百合, 單行本",緋月アキラ,,日文,136,2023-07-18
JM469966,https://18comic.vip/album/469966/,同人志委托 (ゼノブレイド3) [十七云紫]《異度神劍3》,"全彩, 遮眼, 束縛, 貓女, 塞口器, 性玩具, 百合",十七云紫,,中文,26,2023-07-18
JM469965,https://18comic.vip/album/469965/,[猫岛汉化组] (結束ロック!2) [Melty Pot (mel)] Bozaro Rakugaki Bon 3 (ぼっち・ざ・ろっく!) [中国翻訳],"百合, 巨乳, 內衣",mel,,中文,7,2023-07-18
JM469795,https://18comic.vip/album/469795/,[魔戀漢化組] 蕾米莉亞大小姐的胸就算催眠也不會變大的 (例大祭19) [踏月 (ふみつき)] レミリアお嬢様の胸が催眠で大きくなるなんてありえないわ (東方Project) [中国翻訳],"巨乳, 催眠, 百合, 劇情向, 非H, 女巫",ふみつき,,中文,27,2023-07-17
JM469479,https://18comic.vip/album/469479/,雷蛇和弗兰卡的紧缚逃脱练习（迫真） [guangmi],"束縛, 狐娘, 塞口器, 怪物女孩, 連褲襪, 性玩具, 過膝襪, 百合",guangmi,,中文,10,2023-07-16
JM469951,https://18comic.vip/album/469951/,[欶澜汉化组] [有栖川琴音] 水着セイア (ブルーアーカイブ) [中国翻訳],"泳裝, 胃部突起",有栖川琴音,,中文,7,2023-07-18
JM469232,https://18comic.vip/album/469232/,[Andrexiao個人漢化] [焔すばる] あなたのためのプレミアム (レズ風俗アンソロジー プレミアム) [中国翻訳] [DL版],"劇情向, 內衣, 巨乳, 百合",焔すばる,,中文,21,2023-07-15
JM468941,https://18comic.vip/album/468941/,家庭内売春2 NICOLAI [透明声彩汉化组],"巨乳, 束縛, 群交, 亂倫, 內衣, 連褲襪, 校服, 百合",オリコ,,中文,59,2023-07-14
JM468026,https://18comic.vip/album/468026/,[下月重吾] MASHOLic [DL版],"阿黑顏, 肛交, 吸蛋蛋, 巨乳, 口交, 束縛, 顏射, 旗袍, 項圈, 緊身胸衣, 處女, 群交, 灌腸, 女性支配, 塞口器, 多毛, 短褲, 亂倫, 乳汁, 乳膠衣, 中出, 連褲襪, 排泄, 校服, 打屁股, 過膝襪, 假陽具, 泳裝, 交換伴侶, 黑肉, 假小子, 鞭打, 百合, 單行本",下月重吾,,日文,225,2023-07-11
JM468023,https://18comic.vip/album/468023/,[下月重吾] MASHOLic [DL版],"阿黑顏, 肛交, 吸蛋蛋, 巨乳, 口交, 束縛, 顏射, 旗袍, 項圈, 緊身胸衣, 處女, 群交, 灌腸, 女性支配, 塞口器, 多毛, 短褲, 亂倫, 乳汁, 乳膠衣, 中出, 連褲襪, 排泄, 校服, 打屁股, 過膝襪, 假陽具, 泳裝, 交換伴侶, 黑肉, 假小子, 鞭打, 百合, 單行本",下月重吾,,日文,225,2023-07-11
JM469198,https://18comic.vip/album/469198/,天使酱想魅惑 [莉赛特汉化组] [nipi] 天使ちゃんは誘惑したい (コスプレ百合えっちアンソロジー) [中国翻訳],"天使, 巨乳, 項圈, 角色扮演, 女惡魔, 手套, 馬尾, 過膝襪, 長筒靴, 假小子, 百合",nipi,,中文,22,2023-07-15
JM467553,https://18comic.vip/album/467553/,[透明声彩汉化组] (C92) [Bijutsubu (Shiduki Michiru)],"C92, 巨乳, 百合","Shiduki, Michiru",,中文,6,2023-07-09
JM324936,https://18comic.vip/album/324936/,[牛肝菌汉化] [武川慎] 百合香と乾かないシーツ 乱れ百合 [DL版] [中国翻訳],"黑肉, 手套, 群交, 內衣, 過膝襪, 百合",武川慎,,中文,77,2022-03-23
JM469199,https://18comic.vip/album/469199/,由我来服侍您哦，前辈♥ [莉赛特汉化组] [三本ひより] お奉仕しますよ、先輩 (コスプレ百合えっちアンソロジー) [中国翻訳],"項圈, 醉酒, 女僕, 過膝襪, 百合, 恶毒女配 被小白花女主上下其手",三本ひより,,中文,21,2023-07-15
JM467521,https://18comic.vip/album/467521/,[胸垫汉化组] [しらたま] 聖軍の民 フリージア③ ～堕落～ [中国翻訳],"束縛, 扶他, 百合",しらたま,,中文,54,2023-07-09
JM467494,https://18comic.vip/album/467494/,[あらぶる] あらぶる〜大切なレズ〜 (ToLOVEる ダークネス) [中国翻訳],"百合, 扶他, 雙馬尾",あらぶる,,中文,21,2023-07-09
JM467326,https://18comic.vip/album/467326/,[沒有漢化] [阪本KAFKA] 調教!ラブホ女子会 (COMIC グーチョ vol.15) [中国翻訳],"阿黑顏, 女性支配, 尿道插入, 放尿, 百合, 女变态",阪本KAFKA,,中文,26,2023-07-08
JM467248,https://18comic.vip/album/467248/,百合之殇（上+中+下） [獯妖],"虐殺, 百合, 3D",獯妖,,,153,2023-07-08
JM466764,https://18comic.vip/album/466764/,鲸之恋3（西丝特X绅士）,"劇情向, 過膝襪, 百合",Sody,,中文,23,2023-07-06
JM466145,https://18comic.vip/album/466145/,[妄想PushOn (Sirou)] 正義のヒロイン 聖巫女 天音・転昇 [中国翻訳],"扶他, 百合",Sirou,,中文,150,2023-07-04
JM465837,https://18comic.vip/album/465837/,[GiorgioBruno] Good Guy,"新娘, 戀屍, 連褲襪, 虐殺, 過膝襪, 百合, 3D, 劇情向",GiorgioBruno,,,196,2023-07-03
JM465833,https://18comic.vip/album/465833/,[禁漫漢化組] (C101) [村井村] ぼっちちゃんとえっちキャン (ぼっち・ざ・ろっく!、ゆるキャン△),"C101, 百合, 野砲, 禁漫漢化組, 禁漫書庫",村井村,,中文,31,2023-07-03
JM465830,https://18comic.vip/album/465830/,[碧蓝同人百合组&绅士仓库联合汉化] [漂流屋敷 (水月とーこ)] 天使ごっこ (ブルーアーカイブ) [中国翻訳] [2023年4月28日],"非H, 百合",水月とーこ,,中文,43,2023-07-03
JM465716,https://18comic.vip/album/465716/,[小日子過得不錯的] 内幕2 [中国語],"顏面騎乘, 足交, 淩辱, 性玩具, 百合, 群交, 3D, 無修正",小日子過得不錯的,,,120,2023-07-03
JM465714,https://18comic.vip/album/465714/,[ctrlz77] 卡夫卡 (崩壊スターレイル) [中国語] [無修正],"手套, 乳汁, 連褲襪, 性玩具, 百合, 無修正, 不是百合, 非百合, 是故意的还是不小心百合的, 到底百没百？ 如百, 保留了百合的一部分, 这部分百合宛如百合, 到底是不是百合",ctrlz77,,中文,95,2023-07-03
JM466370,https://18comic.vip/album/466370/,百合自慰同好會 [アウェイ田]百合オナニー同好会 [中国翻訳],"手淫, 百合",アウェイ田,,中文,37,2023-07-05
JM464359,https://18comic.vip/album/464359/,(C101) [いのちしらず (イノシラ)] 交わる同志 (ガールズ&パンツァー),"C101, 百合, 性玩具, 內衣, 舔陰部",イノシラ,,中文,27,2023-06-28
JM465311,https://18comic.vip/album/465311/,[百合控勿進個人漢化] [doumou] 私は女の子が好きだったはずなのに 第4話 (COMIC 真激 2023年8月号) [中国翻訳] [DL版],"馬尾, 校服, 性玩具, 巨乳, 透視",doumou,,中文,42,2023-07-01
JM432841,https://18comic.vip/album/432841/,(C101) [いのちしらず (イノシラ)] 交わる同志 (ガールズ&パンツァー),"C101, 百合, 性玩具, 內衣, 舔陰部",イノシラ,,中文,20,2023-03-17
JM465022,https://18comic.vip/album/465022/,她們是我最棒的點心 [沒有漢化] [アウェイ田] 二人は私の最高オカズ [中国翻訳],"眼鏡, 群交, 校服, 百合",アウェイ田,,中文,21,2023-06-30
JM465024,https://18comic.vip/album/465024/,[04 (KTY)] Mellow mint Tea room (東方Project) [中国翻訳] [DL版],"性玩具, 百合",KTY,,中文,15,2023-06-30
JM465582,https://18comic.vip/album/465582/,[莉赛特汉化组] [sorani] ナイシヨのキモチ (コスプレ百合えっちアンソロジー) [中国翻訳],"馬尾, 百合",sorani,,中文,11,2023-07-02
JM464198,https://18comic.vip/album/464198/,[鬼畜王漢化組] [憑依(はい)る抜け道 (柊ぽぷら)] 夢幻聖姫エクスファントム Season 1 〜カラダを堕とされる瑠璃色の魔法少女〜 [中国翻訳][鬼畜王漢化組],"眼鏡, 魔法少女, 手淫, 馬尾, 附身, 校服, 性玩具, 百合, 全彩",柊ぽぷら,,中文,59,2023-06-27
JM334398,https://18comic.vip/album/334398/,我雖是精英天使，但是正為了難以攻陷的JK而苦惱！[のやま] 私、エリート天使ですが難攻不落なJKに困ってます！,"百合, 劇情向",のやま,,中文,568,2022-04-20
JM463811,https://18comic.vip/album/463811/,[もくせい] [スイートピー、COCOA BREAK (大島智、大島永遠)] 放課後 Another Story [中国翻訳] [DL版],"劇情向, 百合, 非H","大島智, 大島永遠",,中文,78,2023-06-26
JM463970,https://18comic.vip/album/463970/,[心海汉化组] [R.S.I. (りむ)] 洗脳電車,"大乳暈, 巨乳, 無口, 後宮, 催眠, 強暴, 校服, 雙馬尾, 百合, 群交",りむ,,中文,65,2023-06-27
JM463724,https://18comic.vip/album/463724/,[RZ汉化组] [スイートピー、COCOA BREAK (大島智、大島永遠)] 女子更衣室 [中国翻訳] [DL版],"百合, 非H","大島智, 大島永遠",,中文,28,2023-06-26
JM463810,https://18comic.vip/album/463810/,放学后~始于接吻的故事~ [雨莉] [スイートピー、COCOA BREAK (大島智、大島永遠)] 放課後～キスから始まる物語～ [中国翻訳],"劇情向, 百合, 非H","大島智, 大島永遠",,中文,76,2023-06-26
JM463456,https://18comic.vip/album/463456/,文科露出愛好會、大小姐的玩具、灰姑娘、第一份工作 [微修正版本] [樺島あきら] 文科系露出愛好会 [中国翻訳] [DL版],"肛交, 顏射, 灌腸, 露出, 眼鏡, 淩辱, 喝尿, 肉便器, 排泄, 校服, 性玩具, 雙馬尾, 放尿, 百合, 群交, 猎奇",樺島あきら,,中文,222,2023-06-25
JM463726,https://18comic.vip/album/463726/,[關關雎鳩] [COCOA BREAK (大島永遠)] 姉妹的恋愛論+ [中国翻訳] [DL版],百合,大島永遠,,中文,52,2023-06-26
JM463426,https://18comic.vip/album/463426/,四姐玩弄茵蒂克丝(Toaru Majutsu no Index),"項圈, CG, 百合",N/A,,中文,4,2023-06-25
JM463248,https://18comic.vip/album/463248/,[甜橙汉化组] [ぬんぬ] スカートの中はファンタスティック! [中国翻訳],"處女, 馬尾, 強暴, 校服, 自己幹自己, 性玩具, 百合",ぬんぬ,,中文,65,2023-06-24
JM463032,https://18comic.vip/album/463032/,[DarkFlame] 10k特辑：魅魔之书,"身體改造, 項圈, 墮落, 女惡魔, 手套, 乳膠衣, 內衣, 潮吹, 過膝襪, 觸手, 百合, 3D",DarkFlame,,中文,457,2023-06-23
JM462639,https://18comic.vip/album/462639/,[夏色] ふたりて、 (スプラトゥーン) [中国語],"百合, 群交",夏色,,中文,21,2023-06-22
JM463018,https://18comic.vip/album/463018/,[猫岛汉化组] (C99) [めきめき亭 (めきめき)] その眼差しに身を焦がす (ウマ娘 プリティーダービー) [中国翻訳],"C99, 非H, 校服, 百合",めきめき,,中文,36,2023-06-23
JM463033,https://18comic.vip/album/463033/,[DarkFlame] Haruka的婚礼,"阿黑顏, 新娘, 項圈, 墮落, 女惡魔, 漁網襪, 手套, 乳膠衣, 連體衣, 內衣, 潮吹, 轉化, 百合, 3D, 小剧场",DarkFlame,,中文,316,2023-06-23
JM462506,https://18comic.vip/album/462506/,[すばち] ぼっちちゃんに援交を勧める喜多ちゃんとおまけ漫画 (ぼっち・ざ・ろっく!)[中文翻譯],"中出, 馬尾, 百合, 群交, 援交",すばち,,中文,3,2023-06-22
JM463247,https://18comic.vip/album/463247/,至媚世界 第1季特别篇 SP1-3 [凛一LinYi],"巨乳, 口交, 扶他, 中出, 懷孕, 過膝襪, 百合, 3D",凛一LinYi,,,161,2023-06-24
JM462482,https://18comic.vip/album/462482/,[大鸟可不敢乱转汉化] [長頼] こまりステップ -step1- (COMIC 快楽天ビースト 2023年7月号) [中国翻訳] [DL版],"巨乳, 口交, 百合, 百合豚勿看, 伪百合, 百合不过是向男人雌堕的前奏罢了",長頼,,中文,26,2023-06-22
JM461710,https://18comic.vip/album/461710/,WEAKNESS (無刪減版),"韓漫, 百合, 完結",BBtan,,中文,266,2023-06-19
JM462310,https://18comic.vip/album/462310/,直至黑百合凋零之际〜园丁的心脏篇〜 [莉赛特汉化组] [わたぽんぽん] 黒百合が溶けるまで〜庭師の心臓編〜 [中国翻訳],"劇情向, 女性向, 巨乳, 內衣",わたぽんぽん,,中文,68,2023-06-21
JM462284,https://18comic.vip/album/462284/,倒错罗曼司 [北京神马个人汉化] [Thrylos (すう)] 倒錯ロマンス (BanG Dream!) [中国翻訳] [DL版],"劇情向, 校服, 百合",すう,,中文,30,2023-06-21
JM461586,https://18comic.vip/album/461586/,[白杨汉化组] [MM] ぼ虹 (ぼっち・ざ・ろっく!) [中国翻訳],"馬尾, 百合",MM,,中文,5,2023-06-19
JM461388,https://18comic.vip/album/461388/,拜金女（K记翻译） [Manaomega] Gold Digger,"阿黑顏, 巨尻, 巨乳, 身體改造, 束縛, 墮落, 黑肉, 女性支配, 催眠, 轉化, 百合",Manaomega,,中文,16,2023-06-18
JM461363,https://18comic.vip/album/461363/,[momo个人汉化] (C89) [出歯亀大僧正 (コモン)] 理由のない遊び [中国翻訳],"C89, 肛交, 巨乳, 眼鏡, 淩辱, 乳環, 虐待, 校服, 假陽具, 酷刑, 雙馬尾, 百合","コモン, 出齿龟大僧正",,中文,15,2023-06-18
JM461098,https://18comic.vip/album/461098/,[一億万軒茶屋] 発情率100%のスケベウィルス蔓延中[中国翻訳],"劇情向, CG, 阿黑顏, 巨乳, 口交, 露出, 吊帶襪, 眼鏡, 後宮, 中出, 手淫, 多重口交, 口交, 乳交, 懷孕, 校服, 打屁股, 過膝襪, 出汗, 百合, 群交",一億万軒茶屋,,中文,239,2023-06-17
JM460165,https://18comic.vip/album/460165/,[愛染] [瀬奈陽太郎] 博士のストレンジな愛情 [中国翻訳],"巨乳, 束縛, 貓女, 扶他, 和服, 女忍者, 女僕, 手淫, 催眠, 強暴, 泳裝, 觸手, 轉化, 百合, 換身, 群交, 單行本, 無修正, 假小子, 有一点点牛",瀬奈陽太郎,,中文,223,2023-06-14
JM461120,https://18comic.vip/album/461120/,[Artin] | 上司の秘密 (マギアレコード 魔法少女まどか☆マギカ外伝) [DL版],"項圈, 出汗, 百合",Artin,,中文,5,2023-06-17
JM459612,https://18comic.vip/album/459612/,[蒼沼シズマ] 地味顔母はビッチなギャル娘に入れ替わる [DL版],"劇情向, 肛交, 巨尻, 巨乳, 口交, 換身, 黑肉, 舔足, 辣妹, 多毛, 熟女, 人妻, 中出, 援交, 百合, 群交, 亂倫, 單行本, 假小子",蒼沼シズマ,,日文,208,2023-06-13
JM459578,https://18comic.vip/album/459578/,让大家一起百合的催眠APP~诶!?有人没被催眠吗!? [奢侈的彩凤个人汉化] [ぐつとま (タチ)] みんなでえっちな百合活アプリ ～ええ!?この中にかかってない娘がいる!?,"項圈, 群交, 催眠, 百合","タチ, ぐつとま",,中文,46,2023-06-13
JM459555,https://18comic.vip/album/459555/,[ディッコ] シOンちゃんがあOあにフィストファックしたり魔法で生やしたちんちんで無茶苦茶にしちゃうけど、なんだかんだで相思相愛だから結局いちゃらぶてぇてぇになっちゃうCG集♡ (湊あくあ、紫咲シオン),"第一人稱, 拳交, 扶他, 中出, 透視, 百合, 全彩",ディッコ,,中文,47,2023-06-13
JM459075,https://18comic.vip/album/459075/,【[Pixiv]あねご】百合に挟まる男[中文渣翻],"假小子, 內衣, 校服, 群交",あねご,,中文,9,2023-06-11
JM459430,https://18comic.vip/album/459430/,明明要打倒狐妖~却变成了狐妖 [梅水瓶汉化] [はんげしょう]妖狐にされた男～妖狐を倒すはずだったのに～ [中国翻訳],"換身, 狐娘, 百合, 性转, 乱伦, 我上我自己",はんげしょう,,中文,43,2023-06-12
JM459043,https://18comic.vip/album/459043/,【[Pixiv]ジャッキー】百合カップルの彼氏役がヤリチンの凶悪チンポにチン負けするNTR[中文渣翻],"窒息, 口交, 項圈, 連褲襪, 電話性交, 群交, 女同, 百合, NTR, 假小子, 百合破坏",ジャッキー,,中文,8,2023-06-11
JM458495,https://18comic.vip/album/458495/,幸福甜蜜生活 [鍵空とみやき] ハッピーシュガーライフ／Happy Sugar Life,"青年漫, 劇情向, 完結, 百合",鍵空とみやき,,中文,1857,2023-06-09
JM458490,https://18comic.vip/album/458490/,年下的学姐 [檜原フキ] 年下の先輩,"青年漫, 百合, 巨乳, 校服, 劇情向",檜原フキ,,中文,380,2023-06-09
JM459371,https://18comic.vip/album/459371/,修女姐妹夜间之事 [莉赛特汉化组] [日野アラ] シスター姉妹の夜の事 (コスプレ百合えっちアンソロジー) [中国翻訳],"巨乳, 修女, 百合",日野アラ,,中文,28,2023-06-12
JM457748,https://18comic.vip/album/457748/,(このはな咲夜6) [七輪大社 (依駒和樹)] SLAVE or LOVE (東方Project) [中字],"遮眼, 束縛, 項圈, 性玩具, 百合",依駒和樹,,中文,26,2023-06-06
JM457746,https://18comic.vip/album/457746/,[光の燭 (光燭)] わたしと魔理沙のボンデジLife!? (東方Project) [DL版] [中字],"綁縛與調教, 束縛, 乳膠衣, 性玩具, 百合",光燭,,中文,22,2023-06-06
JM457742,https://18comic.vip/album/457742/,(C101) [ほむら屋★プレアデス (焔すばる)] マジカルニップルキッス 8 [中国翻訳],"C101, 百合, 乳汁",焔すばる,,中文,22,2023-06-06
JM458388,https://18comic.vip/album/458388/,變成雌小鬼妖精的頭領2 妖精化之藥 part3 [瑞树汉化组] [すらいむのかんむり (かんむり)] メスガキエルフになった頭領 2 エルフ化の薬 part3 [中国翻訳] [DL版],"妖精, 過膝襪, 雙馬尾, 百合, 性转",かんむり,,中文,42,2023-06-09
JM457739,https://18comic.vip/album/457739/,(C83) [ほむら屋 (焔すばる)] MAGICAL NIPPLE KISS [中国翻訳],"C83, 百合, 乳汁",焔すばる,,中文,14,2023-06-06
JM457741,https://18comic.vip/album/457741/,(C91) [ほむら屋★プレアデス (焔すばる)] Magical Nipple Kiss 5 [中国翻訳],"C91, 百合, 乳汁",焔すばる,,中文,22,2023-06-06
JM457173,https://18comic.vip/album/457173/,[あいいろさくら (相川りょう)] 私、お姉さまの百合奴隷になりますっ♥ [中国翻訳] [DL版],"束縛, 校服, 百合",相川りょう,,中文,36,2023-06-04
JM457161,https://18comic.vip/album/457161/,星铁skin～【皮】 [Alien],"3D, 百合, 過膝襪, 换皮",Alien,,中文,65,2023-06-04
JM456935,https://18comic.vip/album/456935/,新邻居/New Neighbors [pprk],"3D, 巨乳, 百合",pprk,,中文,212,2023-06-03
JM379298,https://18comic.vip/album/379298/,[長頼] あだめく花たち [DL版],"泳裝, 束縛, 兔女郎, 眼鏡, 後宮, 連體衣, 校服, 過膝襪, 雙馬尾, 百合, 群交, 單行本, 双性恋",長頼,,日文,183,2022-09-16
JM454755,https://18comic.vip/album/454755/,[風的工房][無碼][ぐじら] Fxxk Street Girls 無修正,"風的工房, 無修正, 劇情向, 群交, 口交, 過膝襪, 乳交, 百合, 校服, 透視, 馬尾, 黑肉, 假小子, 贫乳, 高个女",ぐじら,,中文,317,2023-05-27
JM455988,https://18comic.vip/album/455988/,[灰羽社汉化组] [ノア] ○○をしないと出られない部屋 (ポケットモンスター サン・ムーン),"全採, 劇情向, 百合",ノア,,中文,7,2023-05-31
JM455985,https://18comic.vip/album/455985/,(C81) [flowerchild植田] Confession-ゆうきをだしてはじめての告白- (魔法少女まどか☆マギカ) [中国翻訳],"C81, 眼鏡, 校服, 雙馬尾, 百合",flowerchild植田,,中文,25,2023-05-31
JM455752,https://18comic.vip/album/455752/,[补丁布丁汉化组E] [脳みそ海綿隊] レズ娘～ふんどし擦り愛～ [中国翻訳] [DL版],"巨乳, 百合, 搞笑",脳みそ海綿隊,,中文,30,2023-05-30
JM455643,https://18comic.vip/album/455643/,碧池之星 [K记翻译] [たべ・こーじ] ビッチ・オン・ザ・ポール [中国翻訳],"全彩, 劇情向, 巨尻, 巨乳, 泳裝, 黑肉, 足交, 手套, 辣妹, 短褲, 內衣, 熟女, 鋼管舞, 人妖, 過膝襪, 長筒靴, 放尿, 百合, 群交, 單行本",たべ・こーじ,,中文,85,2023-05-30
JM455624,https://18comic.vip/album/455624/,[透明声彩汉化组] 創作百合まとめ5,"劇情向, 百合, 非H",りゅー,,中文,96,2023-05-30
JM455079,https://18comic.vip/album/455079/,想着前辈自慰的后辈小故事 [Vampire＊Berry (扇城ひな)] 先輩を思って自慰しちゃう後輩の小話 [中国翻訳] [DL版],"校服, 百合",扇城ひな,,中文,8,2023-05-28
JM455609,https://18comic.vip/album/455609/,(C90) [蛸壷屋 (TK)] テートクの決断 鉄底海峡 (艦隊これくしょん -艦これ-) [中国翻訳],"C90, 百合, 劇情向",TK,,中文,58,2023-05-30
JM454839,https://18comic.vip/album/454839/,[虹之星汉化组] (僕らのラブライブ! 36) MIRROR（Fataaa＆織日ちひろ）(ラブライブ! 虹ヶ咲学園スクールアイドル同好会),"百合, 內衣","Fataaa, 織日ちひろ",,中文,30,2023-05-27
JM455031,https://18comic.vip/album/455031/,(C89) [蛸壷屋 (TK)] テートクの決断 MIDWAY (艦隊これくしょん -艦これ-) [中国翻訳],"C89, 劇情向, 性玩具, 百合",TK,,中文,58,2023-05-28
JM454822,https://18comic.vip/album/454822/,[白杨汉化组] [マネキ猫] 同級生と学校生活 [中国翻訳],"肛交, 綁縛與調教, 束縛, 貞操帶, 項圈, 露出, 女性支配, 淩辱, 催眠, 拒絕高潮, 校服, 性玩具, 百合",マネキ猫,,中文,71,2023-05-27
JM455078,https://18comic.vip/album/455078/,临别秘事 [Vampire＊Berry (扇城ひな)] 別れ際の秘め事 [中国翻訳] [DL版],"校服, 百合",扇城ひな,,中文,20,2023-05-28
JM454418,https://18comic.vip/album/454418/,一点83的小漫画 [夏色],"怪物女孩, 魷魚娘, 百合",夏色,,中文,24,2023-05-26
JM453980,https://18comic.vip/album/453980/,真夜中的魔女 [Waterfall (嵩乃朔)]真夜中の魔女(機動戦士ガンダム 水星の魔女),"百合, 舔陰部, 連褲襪",嵩乃朔,,中文,27,2023-05-24
JM363171,https://18comic.vip/album/363171/,[スズオ] シェアハウス～ドキドキ！？3P百合セックス [中国翻訳],"群交, 馬尾, 百合",スズオ,,中文,66,2022-07-27
JM453451,https://18comic.vip/album/453451/,[潇洒个人汉化] [AXZ (九手児)] ハ×グルイ3L セッ〇スしないと抜けられないセーエキディルド大決戦!!編 (賭ケグルイ) [中国翻訳],"大乳暈, 巨乳, 露出, 多毛, 性玩具, 泳裝, 雙馬尾, 百合",九手児,,中文,25,2023-05-22
JM453568,https://18comic.vip/album/453568/,只属于我的 [因幡帝汉化组] (秋季例大祭6) [somnia (Hajin)] 私だけの (東方Project) [中国翻訳],"劇情向, 百合",Hajin,,中文,36,2023-05-23
JM453920,https://18comic.vip/album/453920/,越是吵架关系越好 (Meshibe to Meshibe) [Dokiki汉化组] [白玉もち] ケンカするほど仲がいい (めしべとめしべ) [中国翻訳] [DL版],"校服, 貧乳, 過膝襪, 雙馬尾, 百合",白玉もち,,中文,23,2023-05-24
JM453064,https://18comic.vip/album/453064/,[小野百合学园项目汉化组] [岸里さとし] ファストエロ漫画集(2) [中国翻訳],"校服, 足交",岸里さとし,,中文,34,2023-05-21
JM453127,https://18comic.vip/album/453127/,[禁漫漢化組][くろこ屋 (式神くろ子)] 私達・・・SEXフレンドって事でいいよね？ (ブルーアーカイブ),"百合, 群交, 禁漫書庫",式神くろ子,,中文,55,2023-05-21
JM453063,https://18comic.vip/album/453063/,【小野百合学园项目汉化组】ファストエロ漫画集①,"馬尾, 人妖","ActualE, 岸里さとし",,中文,30,2023-05-21
JM452846,https://18comic.vip/album/452846/,[54647.io] 逍遙艷遊錄 (Uncensored) (Part 1),"CG, 無修正, 口交, 束縛, 足交, 乳交, 百合",54647.io,,中文,1975,2023-05-20
JM451585,https://18comic.vip/album/451585/,關係很好的女冒險者們似乎正在進行秘密❤特訓 [沒有漢化] [その他大勢Z (ゆかたろ)] なかよし女冒険者はひみつの特訓をしているらしい [中国翻訳] [DL版],"手淫, 自慰器, 百合",ゆかたろ,,中文,34,2023-05-18
JM451416,https://18comic.vip/album/451416/,只有男子才能入学的女校、小野百合学园 [小野百合学园项目汉化组] [岸里さとし] 男子だけが通える女子校、オノユリ学園 [中国翻訳] [DL版],"劇情向, 校服, 口交, 伪娘, Yaoi, 女装, 肛交",岸里さとし,,中文,95,2023-05-17
JM451422,https://18comic.vip/album/451422/,[AKwoL烤肉组] [HUQU] Patreon 2020.01-2020.12 (Girls Frontline) [Decensored],"無修正, 扶他, 百合",HUQU,,中文,112,2023-05-17
JM451314,https://18comic.vip/album/451314/,(C81) [くまたんFlash! (はなぉ)] スケープゴート Act:2 (東方Project) [中国翻訳],"C81, 劇情向, 肛交, 兔女郎, 透視, 女性支配, 強暴, 百合, 群交, 不是百合！！",はなぉ,,中文,43,2023-05-17
JM451300,https://18comic.vip/album/451300/,最终决战才见到对方正脸就恍神的勇者与魔王 [南北屋 (南北)] 最終決戦で初めてお互いの素顔見て惚れちゃった勇者と魔王 [中国翻訳],"巨乳, 大陰蒂, 女惡魔, 怪物女孩, 假小子, 百合",南北,,中文,43,2023-05-17
JM450869,https://18comic.vip/album/450869/,[AKwoL烤肉组] [HUQU] Gentiane x G36 part1~3 (Girls Frontline),"無修正, 西瓜肚, 性玩具, 胃部突起, 百合, 腹部隆起",HUQU,,中文,29,2023-05-16
JM450866,https://18comic.vip/album/450866/,[AKwoL烤肉组] [HUQU] Crazy Dog Master 2 (Girls Frontline),"無修正, 透視, 拳交, 性玩具, 百合",HUQU,,中文,17,2023-05-16
JM455052,https://18comic.vip/album/455052/,古明地覺想要被牽著走 [やさい畑 (諏訪やさい)] 古明地さとりはされるがままに (東方Project) [中国翻訳] [DL版],"亂倫, 百合",諏訪やさい,,中文,25,2023-05-28
JM450860,https://18comic.vip/album/450860/,[AKwoL烤肉组] [HUQU] Shooting Intensive Week (Girls Frontline),"無修正, 百合",HUQU,,中文,6,2023-05-16
JM450863,https://18comic.vip/album/450863/,[AKwoL烤肉组] [HUQU] Lee-Enfield (Girls Frontline),"無修正, 黑肉, 性玩具, 百合",HUQU,,中文,7,2023-05-16
JM450649,https://18comic.vip/album/450649/,[AKwoL烤肉组] [HUQU] Crazy Dog Master (Girls Frontline) [Chinese] [ Decensored],"肛交, 遮眼, 束縛, 項圈, 拳交, 舔足, 塞口器, 虐待, 性玩具, 百合, 無修正",HUQU,,中文,8,2023-05-15
JM453922,https://18comic.vip/album/453922/,(サンクリ53) [深爪貴族 (あまろたまろ)] Lovely Girls' Lily vol.2 (魔法少女まどか☆マギカ) [中国翻訳],"校服, 貧乳, 百合",あまろたまろ,,中文,25,2023-05-24
JM450124,https://18comic.vip/album/450124/,[不咕鸟汉化组] [みつや] ふたなり初デート (ふたなりフレンズ！18) [中国翻訳],"扶他, 巨乳, 百合",みつや,,中文,20,2023-05-14
JM450044,https://18comic.vip/album/450044/,少女的日常 [Ero芒阿] [中国語],"百合, 校服",Ero芒阿,,中文,18,2023-05-14
JM449863,https://18comic.vip/album/449863/,[Snow Ice (みさな)] 私の森林限界はまだ突破してない! (ヤマノススメ) [中国翻訳] [DL版] [ページ欠落],"喝尿, 放尿, 百合",みさな,,中文,23,2023-05-13
JM431421,https://18comic.vip/album/431421/,[提黄灯喵汉化组] [長代ルージュ] ふたりあそび 友達♀♀同士の場合,"劇情向, 手淫, 馬尾, 百合",長代ルージュ,,中文,113,2023-03-12
JM449820,https://18comic.vip/album/449820/,爱の拷问~ 败给痒刑的顶级间谍 [Gun$_Okyo] [中国語],"阿黑顏, 綁縛與調教, 束縛, 女性支配, 塞口器, 瘙癢, 酷刑, 百合",Gun$_Okyo,,中文,12,2023-05-13
JM449610,https://18comic.vip/album/449610/,[Clear Doll (水白しずく)] 秘密の放課後～散りゆく黒百合二次創作学園パロディ編～ [中国翻訳] [DL版],"巨乳, 校服, 過膝襪, 二手车",水白しずく,,中文,24,2023-05-12
JM449360,https://18comic.vip/album/449360/,[个人渣翻汉化] [Kikimihukuri] パワーちゃんを臭いと痛みでおしおき (チェンソーマン) [中国翻訳],"巨尻, 顏面騎乘, 女性支配, 舔足, 淩辱, 嗅氣味, 打屁股, 潮吹, 出汗, 百合",Kikimihukuri,,中文,8,2023-05-11
JM259555,https://18comic.vip/album/259555/,[无糖·漫画组] [上村なびあ]上村なびあ 百合短篇,"非H, 百合, 校服, 蓮霧襪",上村なびあ,,中文,310,2021-06-08
JM449374,https://18comic.vip/album/449374/,[スノードロップス (おさとう)] ほんとのカノジョ(3P百合えっちアンソロジー) [中国翻訳],"群交, 百合",おさとう,,中文,24,2023-05-11
JM449357,https://18comic.vip/album/449357/,[Kikimihukuri] パワーちゃんの心を匂い責めで折るマキマさん [中国翻訳],"綁縛與調教, 巨乳, 女性支配, 淩辱, 嗅氣味, 出汗, 百合",Kikimihukuri,,中文,4,2023-05-11
JM449313,https://18comic.vip/album/449313/,[ごや] 黒い花園 (食べてはいけない 4) [中国翻訳] [DL版],"無修正, 項圈, 糞便, 喝尿, 排泄, 放尿, 百合",ごや,,中文,16,2023-05-11
JM448660,https://18comic.vip/album/448660/,[不咕鸟汉化组] (軍令部酒保令和四年秋季) [Black lacquer (黒漆)] Covered by Honey... (艦隊これくしょん -艦これ-) [中国翻訳],"緊身衣, 乳膠衣, 百合",黒漆,,中文,32,2023-05-10
JM448488,https://18comic.vip/album/448488/,[おさとう]挟まる女(3P百合えっちアンソロジー),"百合, 巨乳",おさとう,,中文,16,2023-05-08
JM448689,https://18comic.vip/album/448689/,[ジャム王国 (ジャム王子)] 麗しき卑辱の放課後 [中国翻訳] [DL版],"阿黑顏, 肛交, 糞便, 扶他, 張口, 眼鏡, 西瓜肚, 乳汁, 子宮脫, 排泄, 校服, 觸手, 百合",ジャム王子,,中文,36,2023-05-10
JM448052,https://18comic.vip/album/448052/,普世自由2（K记翻译） [Lemonfont] Liberty for All 2,"全彩, 劇情向, 巨尻, 巨乳, 墮落, 超乳, 轉化, 百合",Lemonfont,,中文,37,2023-05-07
JM448035,https://18comic.vip/album/448035/,摩紀狐美 第5話 (Towako 14) [沒有漢化] [あやね] まきこみ 第5話 (永遠娘 14) [中国翻訳] [DL版],"狐娘, 百合",あやね,,中文,29,2023-05-07
JM447908,https://18comic.vip/album/447908/,[あむぁいおかし製作所 (星埜いろ、着込む人)] いもーと・わーく [中国翻訳],"全彩, 百合, 過膝襪, 巨乳, 性转","星埜いろ, 着込む人",,中文,33,2023-05-06
JM447495,https://18comic.vip/album/447495/,[electromonkey (右端)] 欲望まとめ本 [中国翻訳] [DL版],"巨乳, 內衣, 透視, 百合",右端,,中文,15,2023-05-05
JM447518,https://18comic.vip/album/447518/,快感破表的性愛治療診所~不管高潮幾次我都不夠！~ [天野琴音] 絶倫すぎるセックスセラピー～何度イッても我慢できない！～ [中国翻訳],"劇情向, 手淫, 內衣, 百合, 非百合",天野琴音,,中文,81,2023-05-05
JM448008,https://18comic.vip/album/448008/,[莉赛特汉化组] [三浦コズミ] 30分延長ロマンス (コスプレ百合えっちアンソロジー) [中国翻訳],"百合, 純愛",三浦コズミ,,中文,17,2023-05-07
JM447288,https://18comic.vip/album/447288/,[沒有漢化] [アウェイ田]手マンカラオケ [中国翻訳],"項圈, 校服, 百合",アウェイ田,,中文,37,2023-05-04
JM447066,https://18comic.vip/album/447066/,[禁漫漢化組] (C101) [Digital Accel Works (INAZUMA)] 水星の子 (機動戦士ガンダム水星の魔女),"C101, 群交, 泳裝, 黑肉, 巨乳, 百合, 緊身衣, 禁漫漢化組, 禁漫書庫, 假小子",INAZUMA,,中文,50,2023-05-03
JM447024,https://18comic.vip/album/447024/,法老王的诅咒(下) [zzzccceeexxx]Curse of the Pharaoh Part B,"3D, 百合, 內衣",zzzccceeexxx,,中文,200,2023-05-03
JM446739,https://18comic.vip/album/446739/,桃醬黑化了!?  [ぼちぼちの木 (ぼるしち)] 桃ちゃんやみおちした!? (まちカドまぞく) [中国翻訳] [DL版],"女惡魔, 怪物女孩, 過膝襪, 百合",ぼるしち,,中文,41,2023-05-02
JM447302,https://18comic.vip/album/447302/,我们将融为一体 [DarkFlame]  (We'll Become One),"3D, 身體改造, 緊身衣, 墮落, 眼鏡, 乳膠衣, 觸手服, 戴面具, 手淫, 潮吹, 觸手, 百合, 有码",DarkFlame,,,430,2023-05-04
JM447049,https://18comic.vip/album/447049/,[DYTM] 淫雨に濡れて 完全版 [DL版],"劇情向, 巨乳, 遮眼, 口交, 束縛, 出軌, 癡漢, 項圈, 眼鏡, 熟女, 中出, 性玩具, 潮吹, 假陽具, 百合, 群交, 單行本",DYTM,,日文,303,2023-05-03
JM448097,https://18comic.vip/album/448097/,黑暗侵袭 圣枪侵堕·幕间,"百合, 巨乳",N/A,,中文,73,2023-05-07
JM446276,https://18comic.vip/album/446276/,[予本個人漢化] [えほひん屋 (えほひん)] プライド高い子が弱みを握られ同性に毎日イかされる話2 [中国翻訳],"全彩, 劇情向, 肛交, 性勒索, 灌腸, 女性支配, 手套, 連褲襪, 校服, 性玩具, 潮吹, 過膝襪, 假陽具, 泳裝, 黑肉, 透視, 百合, 束缚",えほひん),,中文,26,2023-04-30
JM446470,https://18comic.vip/album/446470/,"[禁漫漢化組](C101)[京まじょ! (上村なびあ)] fall in love, lycoris (リコリス・リコイル) [DL版]","C101, 劇情向, 百合, 巨乳, 校服, 禁漫書庫",上村なびあ,,中文,29,2023-05-01
JM446322,https://18comic.vip/album/446322/,魔法学园的幕后 献祭者育成计划 [BLUE氪个人翻译]  [大理石 (墓場)] 裏魔法学園 献者育成計画 (クイズマジックアカデミー) [中国翻訳] [DL版],"肛交, 綁縛與調教, 遮眼, 口交, 束縛, 項圈, 灌腸, 女性支配, 塞口器, 西瓜肚, 乳膠衣, 鼻鉤, 肉便器, 性玩具, 貧乳, 假陽具, 百合, 群交",墓場,,中文,30,2023-05-01
JM446225,https://18comic.vip/album/446225/,[予本个人汉化] [のやま] 人肌で暖まる方法 [中国翻訳],"巨乳, 遮眼, 潮吹, 百合",のやま,,中文,8,2023-04-30
JM446695,https://18comic.vip/album/446695/,[纯情志保P汉化] (IDOL STAR FESTIV@L 10) [Werk (安藤周記)] ママゴトシアター (アイドルマスター ミリオンライブ!) [中国翻訳] [見本],"全彩, 見本",安藤周記,,中文,7,2023-05-02
JM446254,https://18comic.vip/album/446254/,[白日能否见星光] レズバトル 01-04,"3D, 劇情向, 巨乳, 兔女郎, 連體衣, 過膝襪, 百合",N/A,,,597,2023-04-30
JM446256,https://18comic.vip/album/446256/,[白日能否见星光] 正妻の战争 01-18,"劇情向, 過膝襪, 百合, 3D",白日能否见星光,,,1051,2023-04-30
JM444976,https://18comic.vip/album/444976/,(C88) [深爪貴族 (あまろたまろ)] Lovely Girls' Lily vol.13 (魔法少女まどか☆マギカ) [中国翻訳],"C88, 馬尾, 校服, 百合",あまろたまろ,,中文,27,2023-04-26
JM446034,https://18comic.vip/album/446034/,[予本个人汉化] [のやま] 異動になった職員、少女とお医者さんごっこをする [中国翻訳],"百合, 舔陰部",のやま,,中文,10,2023-04-29
JM446053,https://18comic.vip/album/446053/,[予本个人汉化] [のやま] 年上のお姉さんと宅飲みで泥酔しちゃった話 [中国翻訳],"百合, 巨乳, 內衣",のやま,,中文,10,2023-04-29
JM443881,https://18comic.vip/album/443881/,欢迎来到精油按摩同好会共度今宵 (Love Live! Nijigasaki High School Idol Club) [虹之星汉化组] (僕らのラブライブ! 37) [帰宅時間 (きたく)] 今宵はオイルマッサージ 同好会へ (ラブライブ! 虹ヶ咲学園スクールアイドル同好会) [中国翻訳],"雙馬尾, 百合",きたく,,中文,30,2023-04-22
JM445836,https://18comic.vip/album/445836/,[聖華快楽書店 (エルトリア、夜空さくら、nikujaga、ガイロウ)] TS入浴剤 ―美少女になれるお風呂に浸かってしまったボクの物語― [中国翻訳],"全彩, 百合, 性转","エルトリア, 夜空さくら, nikujaga, ガイロウ",,中文,45,2023-04-28
JM443590,https://18comic.vip/album/443590/,[CocooN (CocooN)] Shangri-La (艦隊これくしょん -艦これ-) [中字],"巨乳, 乳汁, 百合",CocooN,,中文,26,2023-04-21
JM443529,https://18comic.vip/album/443529/,バッドendネタ,"巨乳, 獸交, 百合","chibatetsutarou, ミー助, 千叶产地",,中文,17,2023-04-21
JM443169,https://18comic.vip/album/443169/,[Astephen] 原神小剧场 01-03,"3D, 百合",Astephen,,中文,189,2023-04-20
JM442905,https://18comic.vip/album/442905/,(C101) [想詰め (串カツ孔明)] 想詰めBOX51 (ぼっち・ざ・ろっく!) [中国翻訳],"C101, 百合, 群交, 內衣, 不是百合，快跑",串カツ孔明,,中文,37,2023-04-19
JM442994,https://18comic.vip/album/442994/,[ぞんだ] フェラチオ研究部,"吸蛋蛋, 泳裝, 口交, 口交臉, 顏射, 貓女, 出軌, 處女, 眼鏡, 飲精, 後宮, 亂倫, 女僕, 熟女, 人妻, 多重口交, 口交, 中出, 乳交, 連褲襪, 馬尾, 校服, 教師, 百合, 群交, 劇情向, 單行本",ぞんだ,,日文,218,2023-04-19
JM443855,https://18comic.vip/album/443855/,[憑依(はい)る抜け道 (柊ぽぷら)] 夢幻聖姫エクスファントム Season 1 〜カラダを堕とされる瑠璃色の魔法少女〜 [中国翻訳],"全彩, 眼鏡, 魔法少女, 手淫, 馬尾, 附身, 校服, 百合",柊ぽぷら,,中文,64,2023-04-22
JM334498,https://18comic.vip/album/334498/,澡堂與疾走 [石田裕挥] ふろラン,"非h, 百合, 劇情向",石田裕挥,,中文,280,2022-04-20
JM442620,https://18comic.vip/album/442620/,[あるざ流人] レストラン 森の木陰 (食べてはいけない 4) [中国翻訳] [DL版],"糞便, 排泄, 百合",あるざ流人,,中文,17,2023-04-18
JM442191,https://18comic.vip/album/442191/,[聖にゃんこ学園 (こずえあかり)] 女の子同士でも赤ちゃんができるって本当ですか?上巻・初めてのセックス編 [中国翻訳],"CG, 手淫, 百合, 校服",こずえあかり,,中文,246,2023-04-17
JM442898,https://18comic.vip/album/442898/,[佐藤丸美] かわってポン (誘惑しないで保健室) [中国翻訳],"校服, 百合, 換身",佐藤丸美,,中文,18,2023-04-19
JM442190,https://18comic.vip/album/442190/,[想要玩弄你汉化] [くわい屋 (微雨 (ミツ))] アメサメ温泉旅行の色々 (ワトソン・アメリア、がうる・ぐら) [中国翻訳],"全彩, 巨乳, 百合, Vtuber, 触手",ミツ,,中文,34,2023-04-17
JM442112,https://18comic.vip/album/442112/,皮（K记翻译） [german3909090390] Skinsuit,"內衣, 百合, 3D",german3909090390,,,26,2023-04-16
JM442080,https://18comic.vip/album/442080/,辛妲拉百合+ (Granblue Fantasy) (C101) [タマラン] シンダララランド+ (グランブルーファンタジー) [中国翻訳],"C101, 內衣",タマラン,,中文,9,2023-04-16
JM442092,https://18comic.vip/album/442092/,[Dokiki漢化組] [Digital] [カンブロパキコーペ (そそざぐり)] 今日から、ずっと、先輩と 総集編 [中国翻訳] [DL版],"劇情向, 性勒索, 校服, 百合",そそざぐり,,中文,92,2023-04-16
JM442097,https://18comic.vip/album/442097/,夏色祭x星川サラ拳交本 [夏色まつり][星川サラ],"全彩, 拳交, 馬尾, 百合, 猎奇",夏色まつり,,中文,16,2023-04-16
JM441634,https://18comic.vip/album/441634/,[三色坊 (Darkmaya)] 水星の科学は世界一 (機動戦士ガンダム水星の魔女) [中国語] [無修正] [DL版],"無修正, 百合, 連褲襪, 扶他, 涩涩",Darkmaya,,中文,23,2023-04-14
JM441918,https://18comic.vip/album/441918/,神琳吃雨嘉醋的二三事 (Assault Lily) (C101) [Waterfall (嵩乃朔)] 神琳が雨嘉にやきもちをやく話 (アサルトリリィ),"C101, 過膝襪, 百合",嵩乃朔,,中文,21,2023-04-15
JM229076,https://18comic.vip/album/229076/,狐貍再說什麽? What Does the Fox Say? (無刪減版),"百合, 韓漫, 連載中, 劇情向, 正妹, 調教, 神作","Team, Gaji",,,1952,2020-12-24
JM441600,https://18comic.vip/album/441600/,[甘詰留太] わたし結婚します (メバエ Vol.5 ビビッド百合),"假小子, 巨乳, 百合",甘詰留太,,中文,14,2023-04-14
JM441929,https://18comic.vip/album/441929/,把我给你 (Assault Lily) (惹き合う運命6th) [台北人 (虫原)] あなたに私を (アサルトリリィ),"百合, 女僕, 巨乳",虫原,,中文,20,2023-04-15
JM441184,https://18comic.vip/album/441184/,[わるきゅ～れ] 病みつきヤンデレハーレム！,"遊戲CG, 阿黑顏, 肛交, 巨乳, 口交, 吸奶, 處女, 足交, 手淫, 後宮, 中出, 多重口交, 口交, 乳交, 連褲襪, 懷孕, 校服, 病嬌, 百合, 群交",ヤッペン,,中文,1092,2023-04-12
JM441364,https://18comic.vip/album/441364/,[Pixiv] 墨玉Neko - 特殊的社团活动 (Pixiv ID 7614011),"束縛, 塞口器, 連褲襪, 校服, 過膝襪, 百合, 3D",墨玉Neko,,中文,8,2023-04-13
JM441061,https://18comic.vip/album/441061/,[白杨汉化组] [のやま] 史奈ちゃんは穿いてない [中国翻訳],"劇情向, 百合, 非h",のやま,,中文,15,2023-04-12
JM440818,https://18comic.vip/album/440818/,[海豚之涌众筹汉化] [瓦屋A太] 華ノ雫 [中国翻訳],"巨乳, 短褲, 束縛, 吊帶襪, 眼鏡, 連體衣, 巫女, 馬尾, 校服, 過膝襪, 教師, 百合, 群交, 單行本",瓦屋A太,,中文,218,2023-04-11
JM440814,https://18comic.vip/album/440814/,[友永楓人] ミルク中毒SUZUKA II [DL版],"巨乳, 束縛, 出軌, 癡漢, 露出, 拍攝, 扶他, 眼鏡, 乳汁, 性玩具, 打屁股, 放尿, 百合, 單行本",友永楓人,,日文,148,2023-04-11
JM440801,https://18comic.vip/album/440801/,[速野悠二] JKニンジャまりも忍法帖 [DL版],"劇情向, 阿黑顏, 乳環, 肛交, 巨乳, 口交, 束縛, 吸奶, 顏射, 漁網襪, 拳交, 露出, 扶他, 塞口器, 手套, 淩辱, 中出, 女忍者, 乳汁, 催眠, 肚臍交, 強暴, 校服, 性玩具, 潮吹, 過膝襪, 觸手, 酷刑, 雙馬尾, 透視, 百合, 群交, 單行本",速野悠二,,日文,196,2023-04-11
JM440120,https://18comic.vip/album/440120/,[びん美] お嬢さまのティータイム (WEB版メスイキ!!にょたいか遊戯)[中國翻譯],"藥物, 過膝襪, 假陽具, 百合, 性转",びん美,,中文,21,2023-04-09
JM440713,https://18comic.vip/album/440713/,[海豚之涌众筹汉化] [瓦屋A太] NOT FOR SALE [中国翻訳],"癡漢, 吊帶襪, 眼鏡, 和服, 乳汁, 乳交, 校服, 泳裝, 百合, 群交, 單行本",瓦屋A太,,中文,196,2023-04-11
JM440794,https://18comic.vip/album/440794/,秘密的宝岛 [スイートピー (大島智)] CURE UP↑↑ 秘密の宝島 (魔法つかいプリキュア！) [2016年5月15日],"過膝襪, 百合",大島智,,中文,30,2023-04-11
JM440740,https://18comic.vip/album/440740/,变成青蛙的公主殿下 (Cosplay Yuri Ecchi Anthology) [莉赛特汉化组] [こじかあんよ] かえるになったおひめさま (コスプレ百合えっちアンソロジー) [中国翻訳],"角色扮演, 百合",こじかあんよ,,中文,15,2023-04-11
JM440085,https://18comic.vip/album/440085/,（嘎嘎个人汉化）[vahn_yourdoom] Soulmancy with Hu Tao & Gifted Ones (Chinese),"巨乳, 女性支配, 手淫, 催眠, 附身, 過膝襪, 百合",vahn_yourdoo,,中文,34,2023-04-09
JM440060,https://18comic.vip/album/440060/,(C101) [ごべらっつぉ (向井弥葵)] この魔法少女めんどくさい (まちカドまぞく) [中国翻訳],"C101, 百合, 全彩",向井弥葵,,中文,27,2023-04-09
JM439874,https://18comic.vip/album/439874/,[AKwoL烤肉组] [HUQU] AN-94 & THUNDER [Chinese],"百合, 馬尾",HUQU,,中文,18,2023-04-08
JM440075,https://18comic.vip/album/440075/,爱满水星 [大王鮭祝祭 (芳野こまい)] 水の星より愛をこめて (機動戦士ガンダム 水星の魔女) [中国翻訳] [DL版],"百合, 校服, 軍人, 馬尾",芳野こまい,,中文,36,2023-04-09
JM439178,https://18comic.vip/album/439178/,秘密之事(Lycoris Recoil) (サンクリ2022 Autumn) [まるあらい (新井カズキ)] ヒメゴト (リコリス・リコイル),"百合, 巨乳, 內衣",新井カズキ,,中文,19,2023-04-06
JM439389,https://18comic.vip/album/439389/,[不咕鸟汉化组] (サンクリ2017 Winter) [Re:Serva (ミォーヌ)] 乙女恋色百合交わり (SHOW BY ROCK!!) [中国翻訳],"巨乳, 獸耳, 百合",ミォーヌ,,中文,22,2023-04-07
JM439131,https://18comic.vip/album/439131/,[石川プロ (石川直哉)] くっつきぼし -きんだんしょうじょう-,"百合, 校服",石川直哉,,中文,16,2023-04-06
JM439121,https://18comic.vip/album/439121/,女孩子被附身后自慰 [汉化] [ちんばく]女の子が身体を乗っ取られてめちゃくちゃオナニーさせられる話[中国翻訳],"巨乳, 換身, 手淫, 附身, 百合",ちんばく,,中文,23,2023-04-06
JM438545,https://18comic.vip/album/438545/,(C90) [クロ缶、とらまだら。 (伊月クロ、琉牙狼)] どこでもいっしょ (ラブライブ!) [中国翻訳],"C90, 百合, 獸耳","伊月クロ, 琉牙狼",,中文,44,2023-04-03
JM438934,https://18comic.vip/album/438934/,[四字神社汉化] [虎猫]たいせつな赤ちゃんのおへやがでちゃってるぅ東方子宮脱合同誌 (東方project)[中国翻訳],"怪物女孩, 巫女, 子宮脫, 強暴, 貧乳, 百合",虎猫,,中文,5,2023-04-05
JM438712,https://18comic.vip/album/438712/,【海豚之涌众筹汉化】 [瓦屋A太] 華ノ雫,"巨乳, 短褲, 束縛, 眼鏡, 巫女, 校服, 教師, 百合, 群交, 單行本",瓦屋A太,,中文,218,2023-04-04
JM436473,https://18comic.vip/album/436473/,[あべもりおか] イヤだけど挿れられたい！NTRセックスに堕ちていく美人人妻たち [DL版],"肛交, 劇情向, 巨尻, 口交, 出軌, 眼鏡, 豐滿, 懷孕, 強暴, 性玩具, 百合, 群交",あべもりおか,,日文,195,2023-03-29
JM438250,https://18comic.vip/album/438250/,(ぼっち・ざ・おんりー!) [焼きトリ定食 (トリヤロウ)] 欲求不満 (ぼっち・ざ・ろっく!) [中国翻訳],"假陽具, 百合, 內衣",トリヤロウ,,中文,33,2023-04-02
JM437563,https://18comic.vip/album/437563/,[Angiris Council漢化组] (刻印の誇り15) [ALSeTRO (ぎゃりん)] 13番目のオルキゾメ (ファイアーエムブレム風花雪月),"劇情向, 百合, 婚紗",ぎゃりん,,中文,106,2023-03-31
JM436356,https://18comic.vip/album/436356/,[大友同好会] 百合缶Petale,"眼鏡, 校服, 百合",大友同好会,,中文,139,2023-03-28
JM437158,https://18comic.vip/album/437158/,[Pixiv] Himekoniya - 姬子家的女仆2日体验 (Pixiv ID 33830634),"束縛, 女僕, 百合, 3D",Himekoniya,,,171,2023-03-30
JM436324,https://18comic.vip/album/436324/,[末年] 我的奥特女友1-2,"舔足, 百合, 3D",末年,,,78,2023-03-28
JM435870,https://18comic.vip/album/435870/,她的弱点 WEAKNESS (親親漫畫版),"百合, 韓漫, 完結",日月,,,310,2023-03-27
JM324930,https://18comic.vip/album/324930/,我本应喜欢女孩子的来着【[暴碧汉化组] [doumou] 私は女の子が好きだったはずなのに【第1話】 (COMIC 真激 2021年7月号) [中国翻訳] [DL版],"癡漢, 校服, 百合, NTR, 百合破坏, 巨乳, 乱伦",doumou,,中文,111,2022-03-23
JM435796,https://18comic.vip/album/435796/,她的宠物狗,"韓漫, 百合, 完結, 女高中生, 非H",Pito,,,735,2023-03-27
JM394939,https://18comic.vip/album/394939/,坏想法日记 (親親漫畫版),"百合, 少女, 韓漫, 連載中","Langlari, Hodan",,中文,3661,2022-11-08
JM435685,https://18comic.vip/album/435685/,(名華祭10) [E project (伊崎)] 風神少女と念写記者 (東方Project),"雙馬尾, 百合, 內衣",伊崎,,中文,20,2023-03-27
JM435658,https://18comic.vip/album/435658/,[御所重嵌] [MANA (remana)] ジェントルリズム1.0 (東方Project),"全彩, 兔女郎, 項圈, 露出, 性玩具, 百合",remana,,中文,18,2023-03-27
JM435909,https://18comic.vip/album/435909/,[白杨汉化组] [みずかに (のやま)] 乳評価をはじめましょう,"巨乳, 百合",のやま,,中文,26,2023-03-27
JM435657,https://18comic.vip/album/435657/,[海豚之涌众筹汉化] [瓦屋本舗 (瓦屋A太)] Made in Heaven (新世紀エヴァンゲリオン),"劇情向, 巨乳, 口交, 漁網襪, 扶他, 超乳, 乳汁, 乳膠衣, 中出, 乳交, 過膝襪, 百合",瓦屋A太,,中文,54,2023-03-27
JM435497,https://18comic.vip/album/435497/,[百合控別進個人漢化] [かつと]セフレとワンナイトラブですわ～♥,"百合, 百合破坏",かつと,,中文,5,2023-03-26
JM435645,https://18comic.vip/album/435645/,[大友同好会+泡菜百合漢化組] (C93) [ぱんどらぼっくす (箱。)] 聖女2人の子作り事情 (Fate/Grand Order),"C93, 扶他, 手套",箱。,,中文,28,2023-03-27
JM435496,https://18comic.vip/album/435496/,[百合控別進個人漢化] [りんごくらぶ] その後、涼水玉青は… (ストロベリー・パニック),"百合, 百合破坏, nt汉化组",りんごくらぶ,,中文,10,2023-03-26
JM435494,https://18comic.vip/album/435494/,[百合控別進個人漢化] [りんごくらぶ] 玉青は洗ってさしあげたい編 (ストロベリー・パニック),"百合, 百合破坏",りんごくらぶ],,中文,8,2023-03-26
JM435493,https://18comic.vip/album/435493/,[百合控別進個人漢化] [しらんたかし]リクエスト依頼品,"百合, 百合破坏",しらんたかし,,中文,5,2023-03-26
JM435471,https://18comic.vip/album/435471/,[xutianxiang] 花零月落，刑警双花的绝命晚宴 01,"口交, 百合, 3D",xutianxiang,,,157,2023-03-26
JM435495,https://18comic.vip/album/435495/,[百合控別進個人漢化] [むらいとよ]涼水玉青ちゃんと痛め愛,百合,むらいとよ,,中文,11,2023-03-26
JM435430,https://18comic.vip/album/435430/,[同キャラ同好会(Bloodh)] 懲罰房 -β-,"扶他, 自己幹自己, 百合",Bloodh,,中文,31,2023-03-26
JM435423,https://18comic.vip/album/435423/,[葱鱼个人汉化] (C101) [MünchenGraph (北かづき)] 飲酒ROCK (ぼっち・ざ・ろっく!) [中国翻訳],"肛交, 乳環, 百合, 群交, 足交",北かづき,,中文,26,2023-03-26
JM435213,https://18comic.vip/album/435213/,[my pace world (南瓜とるて)] とある防空駆逐艦のこぼれ話 ～冬涼♥BOX～ (艦隊これくしょん -艦これ-),"非H, 劇情向, 百合",南瓜とるて,,中文,30,2023-03-25
JM435212,https://18comic.vip/album/435212/,[my pace world (南瓜とるて)] とある防空駆逐艦のこぼれ話改 ～冬涼❤Special Box～ (艦隊これくしょん -艦これ-) [中国翻訳] [DL版],"非H, 劇情向, 百合",南瓜とるて,,中文,29,2023-03-25
JM435200,https://18comic.vip/album/435200/,[京まじょ! (上村なびあ)] 君と私の、関係の、証明。 (リコリス・リコイル),"百合, 莉可丽斯",上村なびあ,,中文,29,2023-03-25
JM435211,https://18comic.vip/album/435211/,(C101) [my pace world (南瓜とるて)] 月触 -end of Lament-,"C101, 巨乳, 百合, 扶他, 中出, 透視",南瓜とるて,,中文,33,2023-03-25
JM434245,https://18comic.vip/album/434245/,[Oh My Gosh (やーくん)] スクールアイドルの陰毛事情 (ラブライブ! 虹ヶ咲学園スクールアイドル同好会),"多毛, 貧乳, 百合",やーくん,,中文,17,2023-03-22
JM433067,https://18comic.vip/album/433067/,[吸住没碎个人汉化] [UPA24 (うぱ西。)] 百合子と水上運動会 (アイドルマスター ミリオンライブ!) [中国翻訳],泳裝,うぱ西。,,中文,8,2023-03-18
JM435162,https://18comic.vip/album/435162/,笨蛋和心都止不住躁動 (Touhou Project) [鬼傑漢化] [ヨアケ行燈 (かうちぽてと)] 馬鹿と心は止まらない (東方Project),"百合, 眼鏡",かうちぽてと,,中文,19,2023-03-25
JM432592,https://18comic.vip/album/432592/,[吉田悟郎商會 (吉田悟郎)] おいでよ 女の子ランド [繁體中國語],"吊帶襪, 性玩具, 過膝襪, 雙馬尾, 百合, 性转",吉田悟郎,,中文,34,2023-03-16
JM432589,https://18comic.vip/album/432589/,[胸垫汉化组] [川邑司] 成瀬川なる漫画 (ラブひな),"肛交, 巨乳, 束縛, 兔女郎, 緊身胸衣, 群交, 連褲襪, 性玩具, 百合",川邑司,,中文,8,2023-03-16
JM435137,https://18comic.vip/album/435137/,把和女友的事後照發到了班級群聊裡 [沒有漢化] [Sky Dogma (ぱんだこりゃ)] クラスのグループLINEに彼女との事後ショットを上げちゃった百合,"百合, NTR",ぱんだこりゃ,,中文,5,2023-03-25
JM432587,https://18comic.vip/album/432587/,[秀] 欲望之罪 01-06,"3D, 百合, 女僕, 內衣, 過膝襪",秀,,中文,277,2023-03-16
JM432585,https://18comic.vip/album/432585/,[秀] 女斗圣岛 01-11,"3D, 百合, 旗袍, 過膝襪",秀,,中文,658,2023-03-16
JM432583,https://18comic.vip/album/432583/,[秀] 天使恶魔 正篇一番战+番外篇,"3D, 百合, 女惡魔",秀,,中文,126,2023-03-16
JM432581,https://18comic.vip/album/432581/,[秀] 玫瑰蔷薇女校之争 01-18,"3D, 過膝襪, 旗袍, 百合, 校服",秀,,,906,2023-03-16
JM433656,https://18comic.vip/album/433656/,欲望幻想：复仇者篇 [心の熵],"3D, 無修正, 緊身衣, 藥物, 群交, 催眠, 連褲襪, 強暴, 過膝襪, 百合",心の熵,,,192,2023-03-20
JM432848,https://18comic.vip/album/432848/,[京まじょ! (上村なびあ)] 君と私の、関係の、証明。 (リコリス・リコイル),"百合, 羅莉, 校服",上村なびあ,,中文,22,2023-03-17
JM432584,https://18comic.vip/album/432584/,[秀] 玄女玉女三部曲 00-03,"3D, 百合, 旗袍",秀,,中文,299,2023-03-16
JM432076,https://18comic.vip/album/432076/,[沒有漢化] [蟻地獄 (砂場)] 女の子やめてずーっといっしょにいよっ,"肛交, 巨乳, 女惡魔, 女性支配, 乳汁, 中出, 觸手, 病嬌, 百合",砂場,,中文,45,2023-03-14
JM432467,https://18comic.vip/album/432467/,[KABA] 独爱【皮物】 (ぼっち・ざ・ろっく!),"3D, 百合, 馬尾, 內衣, 眼鏡",KABA,,中文,91,2023-03-16
JM432351,https://18comic.vip/album/432351/,「U1、我被告白了」 (Delicious Party PreCure) [Digital] [ろーぷあいらんど (みやのゆき)] 「ゆい、わたし告白されちゃった」 (デリシャスパーティ♡プリキュア),"百合, 雙馬尾, 內衣",みやのゆき,,中文,18,2023-03-15
JM431702,https://18comic.vip/album/431702/,[六屋] TSメス堕ち新人と肉食系女上司,"全彩, 女性支配, 性玩具, 假陽具, 百合, 性转",六屋,,中文,23,2023-03-13
JM432278,https://18comic.vip/album/432278/,[莉赛特汉化组] [あおと響] ミユとニーナ (コスプレ百合えっちアンソロジー),"女性向, 巨乳, 兔女郎, 黑肉, 漁網襪, 過膝襪, 雙胞胎, 百合",あおと響,,中文,21,2023-03-15
JM431692,https://18comic.vip/album/431692/,[Crazycat47、KeTsu] いっしょに幸せに☆ナルンダヨ_想和妳一起得到幸福 (魔法少女まどか☆マギカ),"百合, 小說","Crazycat47, KeTsu",,中文,58,2023-03-13
JM431688,https://18comic.vip/album/431688/,(djsymq机翻汉化) [Boole] 金克丝 凯特琳,"全彩, 束縛, 灌腸, 西瓜肚, 性玩具, 尿道插入, 放尿, 百合, 腹部隆起, 无修正",Boole,,中文,8,2023-03-13
JM431672,https://18comic.vip/album/431672/,[西宿舍洗衣間 (Tonton)] 就算不明白. (機動戦士ガンダム水星の魔女),"黑肉, 百合",Tonton,,中文,31,2023-03-13
JM431423,https://18comic.vip/album/431423/,[偶像百合結婚事務所 (摸魚大王企鵝)] 夜間襲撃 (ファイアーエムブレム風花雪月) [中国語] [DL版],百合,摸魚摸魚企鵝,,中文,18,2023-03-12
JM431426,https://18comic.vip/album/431426/,[RUMP (凡)] ガガ松さんからのリクエスト (東方Project) [中国翻訳],"出軌, 百合, 东方",凡,,中文,8,2023-03-12
JM431376,https://18comic.vip/album/431376/,[偶像百合結婚事務所 (摸魚摸魚企鵝)] 勇者喜歡魔王有什麼問題？ (白雪巴、健屋花那),非H,摸魚摸魚企鵝,,中文,9,2023-03-12
JM431422,https://18comic.vip/album/431422/,[偶像百合結婚事務所 (摸魚摸魚企鵝)] 愛與教育 (白雪巴、健屋花那),百合,摸魚摸魚企鵝,,中文,40,2023-03-12
JM431375,https://18comic.vip/album/431375/,[鞋跟五公分 (灼天)] 曖昧 (機動戦士ガンダム水星の魔女) [中国語] [DL版],百合,灼天,,中文,40,2023-03-12
JM431025,https://18comic.vip/album/431025/,[透明声彩汉化组] 莉可丽丝后日谈 / その後のリコリス・リコイル,"全彩, 百合, 內衣",しづきみちる,,中文,33,2023-03-10
JM431393,https://18comic.vip/album/431393/,[赤銀漢化組] [Pixiv] リオちん (2215406) [中国翻訳],百合,リオちん,,中文,117,2023-03-12
JM431021,https://18comic.vip/album/431021/,[透明声彩汉化组] 关于璃奈H时表情的研究成品,百合,いずみのみつば,,中文,12,2023-03-10
JM430807,https://18comic.vip/album/430807/,[路凝安个人汉化](姫君たちの宴5) [タコニワ (わのみ)] いちばん静かな夏休み (トロピカル〜ジュ!プリキュア),"眼鏡, 百合",わのみ,,中文,12,2023-03-09
JM431003,https://18comic.vip/album/431003/,(円環の理14) [BORBOX (でんたる)] わんちゃんレコード (マギアレコード 魔法少女まどか☆マギカ外伝),"獸耳, 百合",でんたる,,中文,22,2023-03-10
JM430975,https://18comic.vip/album/430975/,[アウェイ田] 百合枯れる,百合,aweida,,中文,40,2023-03-10
JM430738,https://18comic.vip/album/430738/,[Fanbox] 沖葉 (アイドルマスター ミリオンライブ!) [纯情志保P汉化],"手交, 巨乳, 校服, 透視, 群交",沖葉,,中文,163,2023-03-09
JM430646,https://18comic.vip/album/430646/,(C87) [ROUTE885 (よろず)] CAUTION (魔法少女まどか☆マギカ) [中国翻訳],"C87, 扶他, 自慰, 百合",よろず,,中文,57,2023-03-09
JM430152,https://18comic.vip/album/430152/,[心海汉化组] [サイクロン (和泉、冷泉)] ユメカウツツカ 早川希美 編 [DL版],"全彩, 劇情向, NTR, 催眠, 百合, 校服, 巨乳, 雙馬尾, 眼鏡, 馬尾, 校服, 連褲襪, 拍攝, 調教, 野砲, 口交, 透視, 中出, 全过程调教, 大叔, 早川希美, 有码","和泉, 冷泉, サイクロン",,中文,106,2023-03-07
JM430649,https://18comic.vip/album/430649/,做色情直播暴露了[ろーぷあいらんど (みやのゆき)] 裏配信がバレました (デリシャスパーティ♡プリキュア) [DL版],"手交, 貧乳, 百合, 群交",みやのゆき,,中文,31,2023-03-09
JM430383,https://18comic.vip/album/430383/,[冰川结婚筹备委员会] [第三形態 (倉)] rock candy (BanG Dream!)[中国语翻译],"亂倫, 雙胞胎, 百合",倉,,中文,39,2023-03-08
JM428848,https://18comic.vip/album/428848/,(コミティア143) [Clear Doll (水白しずく)] 秘密の放課後～散りゆく黒百合二次創作学園パロディ編～ (オリジナル),"巨乳, 中出, 乳交, 口交, 校服",水白しずく,,中文,30,2023-03-02
JM429675,https://18comic.vip/album/429675/,[我不看本子个人汉化]  (C99) [ぱいとろぽんぷ (瑞海BB)] ShinyMoon×WhiteLily 3 (ポケットモンスター サン・ムーン)[中国翻訳],"C99, 遮眼, 群交, 亂倫, 乳汁, 熟女, 人妻, 母女丼, 百合, 劇情向",瑞海BB,,中文,34,2023-03-06
JM429992,https://18comic.vip/album/429992/,轉變～觸手束縛之洗腦空間   [チョココロネ (天路あや)] Conversion 触縛の洗脳空間 [中国翻訳] [無修正] [DL版],"巨乳, 束縛, 墮落, 催眠, 校服, 過膝襪, 觸手, 百合, 劇情向, 無修正",天路あや,,中文,27,2023-03-07
JM429665,https://18comic.vip/album/429665/,[透明声彩汉化组] (C94) [しんぷるくらす (しのづき巧)] ふぇいと☆まっさーじ! (魔法少女リリカルなのは) [中国翻訳],"C94, 馬尾, 百合",しのづき巧,,中文,22,2023-03-05
JM430030,https://18comic.vip/album/430030/,[巣ごもり(びよん)] まゆみちゃんおてつだい (東方project)[中国翻訳],百合,びよん,,中文,17,2023-03-07
JM429347,https://18comic.vip/album/429347/,(C101) [トネール学園 (青橋雨)] ご領主様のリフレッシュ (ストライクウィッチーズ),"眼鏡, 校服, 自慰, 百合",青橋雨,,中文,16,2023-03-04
JM429306,https://18comic.vip/album/429306/,[海瞳出资汉化] (僕らのラブライブ! 12) [ZAWORLD (ざわわ)] 女神様の御御足 (ラブライブ!),"百合, 扶他",ざわわ,,中文,44,2023-03-04
JM429564,https://18comic.vip/album/429564/,[无糖漫画组] [ちくわ。] 昨年描いたボツになった百合漫画,百合,ちくわ。,,中文,32,2023-03-05
JM428435,https://18comic.vip/album/428435/,[真不可视汉化] [Sadgravy] Our new best friend,"美漫, 全彩, 無修正, 阿黑顏, 女性支配, 群交, 淩辱, 喝尿, 強暴, 校服, 打屁股, 過膝襪, 瘙癢, 放尿, 百合",Sadgravy,,中文,28,2023-03-01
JM428434,https://18comic.vip/album/428434/,(C101) [my pace world (南瓜とるて)] 月触 -end of Lament- (艦隊これくしょん -艦これ-)（Chinese）,"C101, 巨乳, 百合, 扶他, 中出, 透視","inono, 南瓜とるて",,中文,26,2023-03-01
JM429307,https://18comic.vip/album/429307/,[海瞳出资汉化] (僕らのラブライブ! 15) [ざらめ屋 (ざわわ、め)] My dear QUEEN (ラブライブ!),"百合, 扶他","ざわわ, め",,中文,58,2023-03-04
JM428389,https://18comic.vip/album/428389/,[LAMINARIA (しおこんぶ)] おまけ本 -2019冬- (よろず) [中国翻訳] [DL版],"雙馬尾, 百合, 巨乳, 調教, 拍攝, 群交, 透視, 中出",しおこんぶ,,中文,15,2023-02-28
JM428345,https://18comic.vip/album/428345/,原神TSF：盗皮团 [Starpt个人汉化] [Vel] Genshin TSF : Skin Bandits,"全彩, 劇情向, 百合, 項圈, 怪物女孩, 皮物, 雙馬尾",Vel,,中文,35,2023-02-28
JM428342,https://18comic.vip/album/428342/,[my pace world (南瓜とるて)] とある防空駆逐艦のこぼれ話改 ～冬涼❤Special Box～ (艦隊これくしょん -艦これ-) [中国翻訳] [DL版],"非H, 劇情向, 百合",南瓜とるて,,中文,22,2023-02-28
JM428328,https://18comic.vip/album/428328/,[Sudou Ruku] Amemone [須藤るく] あねもね,"股交, 巨乳, 短褲, 緊身衣, 束縛, 女性支配, 眼鏡, 手套, 乳汁, 熟女, 護士, 過膝襪, 假陽具, 泳裝, 教師, 雙馬尾, 百合, 群交, 單行本",須藤るく,,日文,165,2023-02-28
JM428349,https://18comic.vip/album/428349/,千泷爱爱 [柠檬花汉化组] (C101) [缶子牧場 (缶子)] ちさたきらぶ (リコリス・リコイル)[中国翻訳],"C101, 全彩, 百合, 巨乳, 莉可丽斯",缶子,,中文,23,2023-02-28
JM428337,https://18comic.vip/album/428337/,[甜橙汉化组] [ざんか] お嬢様を誘惑する狐耳メイドさん [中国翻訳],"貓女, 狐娘, 內衣, 女僕, 百合",ざんか,,中文,11,2023-02-28
JM428228,https://18comic.vip/album/428228/,[甜橙汉化组] [ざんか] 大人ぶりたいお嬢様と大人として扱ってあげるメイドさん [中国翻訳],"百合, 女僕, 巨乳, 校服, 過膝襪, 雙馬尾, 透視",ざんか,,中文,13,2023-02-27
JM428217,https://18comic.vip/album/428217/,扶她島 ~女王之鞭~ Ch. 2 [技术水平基本为零重嵌] [火愚夜] フタナリ島～The Queen of Penis～ 第2話 [中国翻訳] [カラー化] [無修正],"無修正, 全彩, 劇情向, 百合, 阿黑顏, 巨乳, 泳裝, 扶他, 透視, 中出",火愚夜,,中文,29,2023-02-27
JM427455,https://18comic.vip/album/427455/,[DODOMESU3SEI] 少女と露出女,"雙馬尾, 放尿, 百合",DODOMESU3SEI,,中文,28,2023-02-25
JM427394,https://18comic.vip/album/427394/,[サイクロン令泉] ユメカウツツカ 早川希美 編,"劇情向, NTR, 催眠, 百合, 校服, 巨乳, 雙馬尾, 眼鏡, 馬尾, 校服, 連褲襪, 拍攝, 調教, 野砲, 口交, 透視, 中出","サイクロン令泉, 令泉, サイクロン",,日文,105,2023-02-24
JM428164,https://18comic.vip/album/428164/,戀愛後就變淫蕩了 [doumou] 恋やがて淫ら [中国翻訳] [無修正] [DL版],"肛交, 大乳暈, 巨尻, 巨乳, 口交, 露出, 足交, 眼鏡, 性玩具, 教師, 百合, 群交, 亂倫, 單行本, 無修正","doumou, ドウモウ",,中文,206,2023-02-27
JM427139,https://18comic.vip/album/427139/,[ブラクラ堂 (タケシス)] ここ 誰も来ないから… [中国翻訳],"百合, 校服",タケシス,,中文,20,2023-02-23
JM426159,https://18comic.vip/album/426159/,[ブラクラ堂 (タケシス)] 今日 親、居ないから [中国翻訳],"百合, 純愛, 校服",タケシス,,中文,24,2023-02-20
JM427263,https://18comic.vip/album/427263/,【LD个人翻译】 [dan phoenix] Alice In! 第二章：奇幻大陆？邂逅柴郡猫少女,"貓女, 項圈, 過膝襪, 百合, 全彩","dan, phoenix",,中文,40,2023-02-24
JM417129,https://18comic.vip/album/417129/,[剑隐山林] 细胞大作战 01,"性玩具, 百合, 3D, 無修正",剑隐山林,,,191,2023-01-24
JM427016,https://18comic.vip/album/427016/,[葱鱼个人汉化]   [みずかに (のやま)] 乳評価をはじめましょう [中国翻訳] [DL版],"巨乳, 百合, 辦公室女郎, 連褲襪",のやま,,中文,24,2023-02-23
JM426866,https://18comic.vip/album/426866/,[ブラクラ堂 (タケシス)] 今日 親、居るけど… 2 [中国翻訳],"百合, 校服, 純愛",タケシス,,中文,18,2023-02-22
JM426264,https://18comic.vip/album/426264/,[ブラクラ堂 (タケシス)] 今日 親、居るけど… [中国翻訳],"百合, 校服",タケシス,,中文,24,2023-02-21
JM426515,https://18comic.vip/album/426515/,[胸垫汉化组] [ホークビット (孝至)] 兄(魔法少女)vs妹(レズサキュバス怪人) [中国翻訳] [DL版],"綁縛與調教, 巨乳, 束縛, 墮落, 黑肉, 女惡魔, 扶他, 中出, 魔法少女, 百合, 性转, 乱伦, 巨尻",孝至,,中文,55,2023-02-21
JM426244,https://18comic.vip/album/426244/,病娇大小姐让担任教师堕落于快乐之中的故事  [姉井戸] ヤンデレお嬢様が担任教師を快楽堕ちさせる話 [DL版,"肛交, 束縛, 馬尾, 校服, 虐殺, 教師, 病嬌, 百合",姉井戸,,中文,95,2023-02-20
JM426519,https://18comic.vip/album/426519/,（比良坂初音个人汉化） [peachpulsar (みら)] Happy Nudist Beach  [DL版],"巨乳, 群交, 百合",みら,,中文,62,2023-02-21
JM426029,https://18comic.vip/album/426029/,[纯情志保P汉化] [Fanbox] [沖葉] (アイドルマスター ミリオンライブ!) [中国翻訳],"巨乳, 催眠, 強暴, 校服, 口交, 純愛, 透視, 群交",沖葉,,中文,154,2023-02-20
JM425932,https://18comic.vip/album/425932/,[百合控別進個人漢化] [屋根が高い]スペシャルプランは友情コース(秘密の百合エステ),"百合, 小說, 百合破坏",屋根が高い,,中文,11,2023-02-19
JM425934,https://18comic.vip/album/425934/,(GirlsLoveFestival 8) [peachpulsar (みら)] 永遠にあなたを想う (魔法少女まどかマギカ) [中国翻訳],"純愛, 眼鏡, 百合",みら,,中文,46,2023-02-19
JM425781,https://18comic.vip/album/425781/,[kataokasan]莫能的时停play_【旧作重传】（无修正）,"全彩, 無修正, 時間停止, 扶他, 百合, 獸娘, 巨乳, 怪物女孩, 連褲襪, 群交, 口交, 透視, 中出",kataokasan,,中文,18,2023-02-19
JM425451,https://18comic.vip/album/425451/,[百合控別進個人漢化] [Cuvie] Into the Fall (COMIC ペンギンクラブ 2021年11月号) [中国翻訳] [DL版],"劇情向, 百合, 假小子, 巨乳, 群交, 口交, 透視, 中出",Cuvie,,中文,27,2023-02-18
JM425101,https://18comic.vip/album/425101/,fanbox总结篇 [透明声彩汉化组] [食べ放題 (生肉)] FANBOXまとめ,"劇情向, 百合, 巨乳",生肉,,中文,82,2023-02-17
JM425372,https://18comic.vip/album/425372/,[百合控別進個人漢化] [kawayabug] モブおじ,"劇情向, 女惡魔, 巨乳, 連褲襪, 調教, 群交, 口交, 透視, 中出",kawayabug,,中文,17,2023-02-18
JM425092,https://18comic.vip/album/425092/,[kataokasan] 莫能的时停play～【旧作重传】(明日方舟),"全彩, 時間停止, 扶他, 百合, 獸娘, 巨乳, 怪物女孩, 連褲襪, 群交, 口交, 透視, 中出",kataokasan,,中文,18,2023-02-17
JM425087,https://18comic.vip/album/425087/,土留家的生活 其2 (C101) [マヨライス推奨委員会 (どどめ色マヨネーズ)] 土留家の生活～その2～ [中国翻訳] [DL版],"C101, 劇情向, 百合, 貓女, 扶他, 巨乳, 雙馬尾, 口交, 透視, 中出",どどめ色マヨネーズ,,中文,33,2023-02-17
JM425043,https://18comic.vip/album/425043/,[藤宅仔] 小玟&酷姬 LOVE 溫泉篇 (ベン10、ティーンタイタンズ) [中国語],"扶他, 百合, 巨乳, 野砲, 口交, 透視, 中出",藤宅仔,,中文,26,2023-02-17
JM426865,https://18comic.vip/album/426865/,[DarkFlame] 随之而来的快感,"緊身衣, 束縛, 項圈, 墮落, 眼鏡, 乳膠衣, 觸手服, 戴面具, 手淫, 催眠, 馬尾, 附身, 潮吹, 觸手, 百合, 3D",DarkFlame,,中文,322,2023-02-22
JM424769,https://18comic.vip/album/424769/,[百合控別進個人漢化] [猫多にぐら] 二輪思い,"劇情向, 百合, 巨乳, 過膝襪, 自慰, 野砲, 露出, 排尿, 拘束, 性玩具, 調教, 群交, 口交, 透視, 中出",猫多にぐら,,中文,21,2023-02-16
JM424782,https://18comic.vip/album/424782/,直到內向的兩人彼此相擁為止 [沒有漢化] (C101) [アウェイ田] 陰キャコンビがデキるまで [中国翻訳],"C101, 劇情向, 遮眼, 眼鏡, 手淫, 校服, 高個女, 百合",アウェイ田,,中文,48,2023-02-16
JM424033,https://18comic.vip/album/424033/,[UPPER重工x我不看本子个人汉化] [俗物.zip (雪あすか)] 俗物.zip (15) 滑手 [中国翻訳] [DL版],"劇情向, 百合, 巨乳, 乳汁",雪あすか,,中文,27,2023-02-14
JM424070,https://18comic.vip/album/424070/,[龍蓮个人汉化] [書記隊] 百合催眠 (クロロホルム系),"催眠, 百合",書記隊,,中文,9,2023-02-14
JM424034,https://18comic.vip/album/424034/,[UPPER重工x我不看本子个人汉化] [俗物.zip (雪あすか)] 俗物.zip (16) 罪科 [中国翻訳] [DL版],"劇情向, 馬尾, 過膝襪, 百合",雪あすか,,中文,27,2023-02-14
JM423560,https://18comic.vip/album/423560/,[赤銀漢化組] [のん] めいさくほぼ無言でえっちしてるだけ(東方Project),"女僕, 百合",のん,,中文,9,2023-02-13
JM423507,https://18comic.vip/album/423507/,欢迎来到虹色剧场 [虹之星汉化组] (僕らのラブライブ! 36) [帰宅時間 (きたく)]虹色劇場へようこそ(ラブライブ! 虹ヶ咲学園スクールアイドル同好会)（中国翻訳）,"劇情向, 百合, 泳裝, 雙馬尾, 巨乳, 校服, 過膝襪, 貧乳, 馬尾, 校服, 調教",きたく,,中文,30,2023-02-12
JM423498,https://18comic.vip/album/423498/,[Kumiko柴、博哥BergYB] CyberDick Erorunner (Cyberpunk: Edgerunners),"無修正, 劇情向, 扶他, 百合, 巨乳, 雙馬尾, 緊身衣, 過膝襪, 性玩具, 自慰, 強暴, 調教, 群交, 口交, 乳交, 透視, 中出","Kumiko柴, 博哥BergYB",,中文,18,2023-02-12
JM423400,https://18comic.vip/album/423400/,色色炼金术（K记翻译） [Osmar-Shotgun] Alchemical Lust,"全彩, 巨乳, 口交, 黑肉, 女性支配, 眼鏡, 肌肉, 高個女, 百合, 群交",Osmar-Shotgun,,中文,20,2023-02-12
JM423368,https://18comic.vip/album/423368/,[沒人漢化] [エレクトさわる] PANDRA―白き欲望 黒の希望― II [中国翻訳],"阿黑顏, 巨乳, 束縛, 顏射, 妖精, 扶他, 眼鏡, 中出, 人妻, 附身, 強暴, 校服, 貧乳, 觸手, 出產, 透視, 百合, 群交, 亂倫, 劇情向, 單行本, 精液浴",エレクトさわる,,中文,220,2023-02-12
JM424032,https://18comic.vip/album/424032/,[UPPER重工x我不看本子个人汉化] [俗物.zip (あすか)] 俗物.zip (7) 小職 [中国翻訳][DL版],"劇情向, 女惡魔, 史萊姆, 百合",あすか,,中文,33,2023-02-14
JM87830,https://18comic.vip/album/87830/,[沒有漢化] (城娘夢想7) [allo (長代ルージュ)] きょうもつよくなる。 (禦城プロジェクト) [沒有漢化],"校服, 百合, 純愛",長代ルージュ,,中文,23,2018-11-18
JM423200,https://18comic.vip/album/423200/,阴核射精光照女武神～新人女英雄初次性感战～ [黑胡子海盗布赖尼彼尔德逍遥汉化] (C101) [猫畑 (紫☆にゃ～)] 陰核射精ルミネイテッドヴァルキリー ～新人ヒロインはじめての性感戦～[中国翻訳] [DL版],"C101, 劇情向, 百合, 扶他, 巨乳, 黑肉, 手套, 緊身衣, 束縛, 觸手, 異種姦, 調教, 丸吞, 透視",紫☆にゃ～,,中文,25,2023-02-11
JM423206,https://18comic.vip/album/423206/,[黒磐まどか] ジェラシー (コミック エグゼ 03),"劇情向, 純愛, 百合, 校服, 巨乳, 眼鏡, 連褲襪, 馬尾, 過膝襪, 口交, 乳交, 群交, 透視, 中出",黒磐まどか,,中文,34,2023-02-11
JM423178,https://18comic.vip/album/423178/,[潇洒个人汉化] [ぶらっくたん] デカパイのふたなりシスターと誘惑少女 [中国翻訳],"全彩, 百合, 扶他, 巨尻, 巨乳, 修女, 過膝襪, 透視, 中出",ぶらっくたん,,中文,47,2023-02-11
JM422832,https://18comic.vip/album/422832/,[ジャム王国 (ジャム王子)] SCAT SISTERS MARIAGE [中国翻訳] [DL版],"肛交, 身體改造, 糞便, 灌腸, 內衣, 排泄, 百合",ジャム王子,,中文,35,2023-02-10
JM422808,https://18comic.vip/album/422808/,隐头花女 [たまランド (たまの父)] 隠頭花女 (ガールズ&パンツァー) [DL版],"劇情向, 百合, 睡姦, 手淫, 透視",たまの父,,中文,55,2023-02-10
JM422075,https://18comic.vip/album/422075/,[黎欧出资汉化] [ワールドオブピュア (ネゴム)] 璃月式同性性交療法 (原神) [中国翻訳],"百合, 怪物女孩, 緊身衣, 雙馬尾, 連褲襪, 巨乳, 馬尾, 手套, 睡姦, 群交",ネゴム,,中文,50,2023-02-08
JM421955,https://18comic.vip/album/421955/,[柠檬花汉化组] (C101) [えねるぎあ (ぴかち)] 体温、鼓動 (リコリス・リコイル) [中国翻訳] [DL版],"C101, 百合, 校服, 巨乳",ぴかち,,中文,31,2023-02-08
JM421457,https://18comic.vip/album/421457/,[Contamination (eigetu)] ふた娘に悪戯しちゃいけません -安藤恵編- [中国翻訳] [無修正] [DL版],"無修正, 劇情向, 百合, 扶他, 巨乳, 校服, 遮眼, 自慰, 調教, 足交, 透視, 中出",eigetu,,中文,22,2023-02-07
JM421334,https://18comic.vip/album/421334/,(个人渣翻汉化) [えらい] 臭いフェチの女の子,"校服, 嗅氣味, 百合",えらい,,中文,10,2023-02-07
JM421336,https://18comic.vip/album/421336/,[颠佬旅者*hEROs*白杨汉化组] (C101) [とりこトリック (よろず)] ビュルーアーカイブ ブルーアーカイブえっち合同 (ブルーアーカイブ) [中国翻訳] [DL版],"C101, 百合, 獸娘, 女僕, 巨乳, 雙馬尾, 怪物女孩, 體操服, 貧乳, 泳裝, 過膝襪, 校服, 無口, 調教, 群交, 口交, 乳交, 透視, 中出",よろず,,中文,131,2023-02-07
JM420967,https://18comic.vip/album/420967/,東方紅銀夢2 [紅銀漢化組] (C79) [アンコール62℃ (よろず)] 東方紅銀夢2 (東方Project) [中国翻訳],"扶他, 女僕, 過膝襪, 百合",よろず,,中文,171,2023-02-06
JM421060,https://18comic.vip/album/421060/,(C101) [Digital Accel Works (INAZUMA)] NIGHTDUEL! (機動戦士ガンダム水星の魔女) [中国翻訳],"C101, 百合, 黑肉, 巨乳, 泳裝, 性玩具, 出汗",INAZUMA,,中文,25,2023-02-06
JM420337,https://18comic.vip/album/420337/,[禁漫漢化組](C101)[はかせ屋(はかせ)]悪いニュースが二つある（チェンソーマン）[中国翻訳],"C101, 百合, 禁漫漢化組, 禁漫書庫",はかせ,,中文,17,2023-02-04
JM420626,https://18comic.vip/album/420626/,[セニョール大悦] 近親肉欲交尾したがる完熟母 [DL版],"肛交, 吸蛋蛋, 豐滿, 大乳暈, 巨尻, 巨乳, 口交, 束縛, 辦公女郎, 項圈, 顏面騎乘, 女性支配, 人型家居, 張口, 吊帶襪, 眼鏡, 多毛, 手淫, 超乳, 乳膠衣, 內衣, 熟女, 人妻, 多重口交, 口交, 中出, 乳交, 女警, 馬尾, 強暴, 性玩具, 過膝襪, 假陽具, 教師, 透視, 百合, 群交, 亂倫, 單行本, 骑大车",セニョール大悦,,日文,191,2023-02-05
JM423512,https://18comic.vip/album/423512/,[胸垫汉化组] [PX-Real (菅野タカシ)] 魔法少女錬精システム EPISODE 06 [DL版] [中国翻訳],"劇情向, 扶他, 百合, 巨乳, 馬尾, 黑肉, 過膝襪, 雙馬尾, 束縛, 調教, 群交, 肛交, 透視, 中出",菅野タカシ,,中文,34,2023-02-12
JM420086,https://18comic.vip/album/420086/,[純真漢化組] [ハイロゥ] 逮捕されちゃうお姉さん10 [中国翻訳],"劇情向, 女警, 巨乳, 百合, 調教, 束縛, 塞口器",ハイロゥ,,中文,10,2023-02-03
JM420268,https://18comic.vip/album/420268/,(GirlsLoveFestival34) [台北人 (虫原)] Just a hug. (アサルトリリィ) [中国翻译],"百合, 巨乳, 純愛, 扶他",虫原,,中文,25,2023-02-04
JM420080,https://18comic.vip/album/420080/,[龍蓮个人汉化] [書記隊] 百合催眠,"催眠, 百合",書記隊,,中文,10,2023-02-03
JM419644,https://18comic.vip/album/419644/,[瑞树汉化组] [くまQM] お兄ちゃんは性的におしまい! (お兄ちゃんはおしまい!) [中国翻訳],"全彩, 亂倫, 扶他, 百合, 貧乳, 巨乳, 雙馬尾, 喝尿, 放尿, 透視, 中出",くまQM,,中文,21,2023-02-02
JM419681,https://18comic.vip/album/419681/,[かわぶた] 《ヤるかやらないか》ちさたき (リコリス・リコイル) [DL版],"百合, 校服",かわぶた,,中文,23,2023-02-02
JM420115,https://18comic.vip/album/420115/,[Dawn个人汉化] (神戸かわさき造船これくしょん4) [木漏れ日亭 (ソラ)] 芽吹く想い (艦隊これくしょん -艦これ-) [中国翻訳],"雙馬尾, 百合, 純愛",ソラ,,中文,34,2023-02-04
JM419612,https://18comic.vip/album/419612/,[柠檬茶汉化组] (C91) [キミノカクレミノ (yomiclone、マリネ・ビネガー)] ヒミツ×メイト！ [中国翻訳],"劇情向, 百合, 校服, 眼鏡, 連褲襪, 排尿","yomiclone, マリネ・ビネガー",,中文,56,2023-02-02
JM419289,https://18comic.vip/album/419289/,(C100) [my pace world (南瓜とるて)] 待宵の月 -One midnight- (艦隊これくしょん -艦これ-) [中国翻訳] [DL版],"C100, 巨乳, 百合, 扶他, 透視, 中出",南瓜とるて,,中文,24,2023-02-01
JM419635,https://18comic.vip/album/419635/,小绿桃井 (C101) [とりこトリック (白玉もち)] モモイ&ミドリ (ビュルーアーカイブ ブルーアーカイブえっち合同) (ブルーアーカイブ) [中国翻訳],"C101, 百合, 亂倫, 校服, 過膝襪, 手淫",白玉もち,,中文,15,2023-02-02
JM278762,https://18comic.vip/album/278762/,討厭的女人/讨厌的女人 [박미남/조상덕] [不咕鳥漢化組X禁漫天堂],"全彩, 百合, 劇情向, 完結, 連載中","박미남, 조상덕, 朴美男",,中文,1774,2021-09-15
JM419266,https://18comic.vip/album/419266/,遗忘曲线 [白玉もち (白玉もち)] 忘却曲線 (ブルーアーカイブ) [中国翻訳] [DL版],"劇情向, 雙馬尾, 百合, 獸娘, 校服",白玉もち,,中文,8,2023-02-01
JM419120,https://18comic.vip/album/419120/,[Banana手工漢化] [したらなな] オタクにやさしいギャル男子2 [中国翻訳],"非H, 劇情向, 百合, 校服",したらなな,,中文,12,2023-01-31
JM419259,https://18comic.vip/album/419259/,[闇夢館 (Darkmaya)] 水星の科学は世界一 (機動戦士ガンダム水星の魔女) [中国語] [DL版],"全彩, 扶他, 百合, 巨乳, 連褲襪, 中出",Darkmaya,,中文,23,2023-02-01
JM417967,https://18comic.vip/album/417967/,[Xion] ミラーコレクション 9 [中国翻訳],"貓貓, 黑肉, 自己幹自己, 性玩具, 百合, 劇情向",Xion,,中文,43,2023-01-27
JM418965,https://18comic.vip/album/418965/,[Banana手工漢化] [したらなな] オタクにやさしいギャル男子 [中国翻訳],"非H, 劇情向, 百合",したらなな,,中文,7,2023-01-31
JM418759,https://18comic.vip/album/418759/,(C101) [Sleeper (猫村)] ごめんね、×××できなくて (白雪巴、健屋花那) [中国翻訳],"C101, Vtuber, 百合",猫村,,中文,34,2023-01-30
JM418780,https://18comic.vip/album/418780/,[ごや] 百合の園と歪んだ宴 (食べてはいけない) [中国翻訳],"糞便, 灌腸, 排泄, 校服, 放尿, 百合",ごや,,中文,16,2023-01-30
JM418781,https://18comic.vip/album/418781/,(COMIC1☆17) [魔法探偵社 (光姫満太郎)] 加賀の正規空母改二倶楽部 (艦隊これくしょん -艦これ-) [中国翻訳],"扶他, 百合, 馬尾, 巨乳, 雙馬尾, 群交, 透視, 中出",光姫満太郎,,中文,22,2023-01-30
JM418602,https://18comic.vip/album/418602/,[notuzi个人汉化] (COMIC1☆21) [まるあらい (新井カズキ)] リベンジ (リコリス・リコイル) [中国翻訳],百合,新井カズキ,,中文,19,2023-01-29
JM418535,https://18comic.vip/album/418535/,[Dokiki汉化组] (C91) [ぷり桃 (ごやっち)] 秘め事フラワーズ 11 (ゆるゆり),"百合, 劇情向",ごやっち,,中文,18,2023-01-29
JM418245,https://18comic.vip/album/418245/,[Xion] ミラーコレクション7,"群交, 百合",Xion,,中文,37,2023-01-28
JM418484,https://18comic.vip/album/418484/,[Myutta漢化] (サンクリ54) [ぷり桃 (ごやっち)] 秘め事フラワーズ (ゆるゆり),"手淫, 百合, 劇情向",ごやっち,,中文,25,2023-01-29
JM418772,https://18comic.vip/album/418772/,[鬼畜王漢化組+變之人無修正] [Behind Moon (ダルシー研Q所)] ふたなりなので学校性活が不安です♥♥7 [中国翻訳] [無修正] [DL版],"無修正, 劇情向, 扶他, 百合, 巨乳, 校服, 眼鏡, 過膝襪, 透視, 中出",ダルシー研Q所,,中文,38,2023-01-30
JM418203,https://18comic.vip/album/418203/,[ジャム王国 (ジャム王子)] excrement dream [中国翻訳],"大陰蒂, 糞便, 排泄, 性玩具, 雙馬尾, 百合",ジャム王子,,中文,20,2023-01-28
JM418175,https://18comic.vip/album/418175/,[Shizumi Hanako] Venom P1-P5 [Chinese],"巨乳, 百合, 3D, 劇情向, 無修正","Shizumi, Hanako",,,425,2023-01-28
JM417961,https://18comic.vip/album/417961/,陽光染出的紅色  [紅銀漢化組] (C90) [よぬりめ (よぬ)] ひだまりに染まる紅 (東方Project)[中国翻訳],"非H, C90, 百合",よぬ,,中文,34,2023-01-27
JM417960,https://18comic.vip/album/417960/,戀愛讓人失去理性  [紅銀漢化組] (COMIC1☆4) [UA (寺本薫)] 恋は思案の外(東方Project)[中国翻訳],"非H, 百合中文",寺本薫,,,39,2023-01-27
JM418186,https://18comic.vip/album/418186/,[补丁布丁汉化组E] [Digital] [名宵] ネコのかぶりもの (コスプレ百合えっちアンソロジー),百合,名宵,,中文,10,2023-01-28
JM417910,https://18comic.vip/album/417910/,[Artist] Heyslaughterhouse 合集,"3D, 百合, 調教, 巨乳, 群交, 猎奇",Heyslaughterhouse,,中文,2611,2023-01-27
JM417962,https://18comic.vip/album/417962/,枕邊密語  [紅銀漢化組] [PrimaryStage (風良まり)] ピロートーク (東方Project)[中国翻訳],"非H, 百合",風良まり,,中文,33,2023-01-27
JM417657,https://18comic.vip/album/417657/,[纯情志保P汉化] [沖葉] (アイドルマスター ミリオンライブ!) [中国翻訳],"巨乳, 露出, 群交",沖葉,,中文,142,2023-01-26
JM417729,https://18comic.vip/album/417729/,南风下一站 [Notuzi个人汉化] (C72) [ねことはと (鳩矢豆七)] 南風の行方 (エル・カザド) [中国翻訳],"C72, 百合, 黑肉",鳩矢豆七,,中文,23,2023-01-27
JM417466,https://18comic.vip/album/417466/,美穗酱与嘘嘘  (C93) [あくなき放浪 (うしまぬ)] みほちゃんとおしっこ (ガールズ&パンツァー),"C93, 百合, 純愛, futa",うしまぬ,,中文,31,2023-01-25
JM417644,https://18comic.vip/album/417644/,[Ana c. sánchez]Alter Ego,"非H, 百合, 劇情向","Ana, c.-sánchez",,中文,195,2023-01-26
JM417149,https://18comic.vip/album/417149/,(C101) [あめうさぎ (飴玉コン)] お姉ちゃんがあっためてあげる♡ (ご注文はうさぎですか?) [中国翻訳] [DL版],"C101, 百合",飴玉コン,,中文,16,2023-01-24
JM416890,https://18comic.vip/album/416890/,[路过的骑士汉化组] (C94) [塩おにんこ (BT)] つがいのフレンズ2 (けものフレンズ) [中国翻訳],"劇情向, 獸娘, 扶他, 巨乳, 百合, 透視, 中出",BT,,中文,24,2023-01-23
JM416833,https://18comic.vip/album/416833/,鏈鋸女超人 [禁漫漢化組] (C101)[ゾンビ25(ちゅい、ハイパーいなろ)]チェンソーウーマン（チェンソーマン）[中国翻訳],"C101, 百合, 禁漫漢化組, 禁漫書庫","ちゅい, ハイパーいなろ, ゾンビ25",,中文,25,2023-01-23
JM416676,https://18comic.vip/album/416676/,司×可怜 (短篇) [くらげ] ★ (ヘブンバーンズレッド) [中国翻訳],"劇情向, 校服, 束縛, 百合",くらげ,,中文,4,2023-01-22
JM416682,https://18comic.vip/album/416682/,透圓合集本 [EZR個人漢化] [ブラクラ堂 (タケシス)] とおまどまとめ本 (アイドルマスターシャイニーカラーズ) [中国翻訳],"非H, 劇情向, 百合",タケシス,,中文,26,2023-01-22
JM416650,https://18comic.vip/album/416650/,[液態水] 流量英雄！ (ぼっち・ざ・ろっく！),"劇情向, 巨乳, 拍攝, 性玩具, 自慰, 露出, 百合, 調教",液態水,,中文,26,2023-01-22
JM417180,https://18comic.vip/album/417180/,[矢来夏洛个人汉化] [ぢぢぃTEMP (ぢたま某)] みてくらひゃい! (ぼっち・ざ・ろっく!) [中国翻訳][DL版],"劇情向, 百合, 病嬌, 巨乳, 馬尾, 貧乳",ぢたま某,,中文,8,2023-01-24
JM416151,https://18comic.vip/album/416151/,[EZR個人漢化] (CIRCLE Space Meeting 1st) [ざわめきじゃんぼ (ざわめき)] 二度目の劣情 (BanG Dream!),百合,ざわめき,,中文,45,2023-01-20
JM416132,https://18comic.vip/album/416132/,[黎欧出资汉化] (C101) [まんまん屋 (チチヅキ)] 燎原の火 (Fate/Grand Order),"C101, 巨乳, 怪物女孩, 熟女, 鬼族, 百合",チチヅキ,,中文,35,2023-01-20
JM416123,https://18comic.vip/album/416123/,[百合控別進個人漢化] [Digital] [ふじいあきこ] ヒロインの結末～伊藤彩芽の述懐～ (メンズゴールド 2018年8月号),"吊帶襪, 眼鏡, 內衣, 過膝襪, 群交",ふじいあきこ,,中文,17,2023-01-20
JM415857,https://18comic.vip/album/415857/,"木啊木啊木啊木啊木啊木啊 欧派百合同人志 【成人向】 [透明声彩汉化组] (C101) [ハウス栽培もち/白玉もち (白玉もち, のやま, 給水係, ざんか, せいほうけい, タチ, 焔すばる, 梟森, みなせ, 焼肉定食)] ちちちちちち (オリジナル) [DL版]","C101, 劇情向, 百合, 巨乳, 校服","白玉もち, のやま, 給水係, ざんか, せいほうけい, タチ, 焔すばる, 梟森, みなせ, 焼肉定食",,中文,141,2023-01-19
JM415788,https://18comic.vip/album/415788/,“我”专属的英雄 [红叶P个人汉化] (僕らのラブライブ! 33) [ふわふわパレット (HIRO)] 私だけのヒーロー (ラブライブ! スーパースター!!) [中国翻訳],"非H, 全彩, 劇情向, 百合",HIRO,,中文,40,2023-01-19
JM416102,https://18comic.vip/album/416102/,[透明声彩汉化组] [Digital] [美術部 (しづきみちる)] ユーフォビアンの響き: Sextet (響け! ユーフォニアム) [中国翻訳],"舔足, 馬尾, 校服, 百合",しづきみちる,,中文,42,2023-01-20
JM415675,https://18comic.vip/album/415675/,淫魔専用車両 JK百合痴幹線～急行乳首絶頂行き～ (オリジナル),"巨乳, 中出, 乳交, 口交, JK, 百合, 阿黑颜, 纯爱, 魅魔",たまの父,,中文,31,2023-01-19
JM415576,https://18comic.vip/album/415576/,[비비] 被炼金男爵控制的中辅二人欺负卡莎 (英雄联盟) [中国語],"怪物女孩, 百合, 巨乳, 過膝襪",비비,,中文,12,2023-01-18
JM415646,https://18comic.vip/album/415646/,妹妹的戀人 [百合控別進個人漢化] [武将武] 妹の恋人 (COMIC 快楽天ビースト 2023年2月号) [中国翻訳] [DL版],"劇情向, 百合, 校服, 巨乳, 過膝襪, 野砲, 女性支配, 口交, 透視, 中出",武将武,,中文,21,2023-01-19
JM415577,https://18comic.vip/album/415577/,[비비] 盖伦X辛德拉 (英雄联盟) [中国語],"非H, 百合, 巨乳, 過膝襪",비비,,中文,10,2023-01-18
JM415585,https://18comic.vip/album/415585/,哈特曼与巴克霍隆之夜 (C79) [黒澤pict (黒澤清崇)] ハルトマンとバルクホルンの夜 (ストライクウィッチーズ) [中国翻訳],"百合, 巨乳, 雙馬尾, 性玩具, 調教",黒澤清崇,,中文,28,2023-01-18
JM415522,https://18comic.vip/album/415522/,(C101) [ホークビット (孝至)] 兄(魔法少女)vs妹(レズサキュバス怪人) (オリジナル) [中国翻訳] [DL版],"C101, 劇情向, 巨乳, 墮落, 女惡魔, 扶他, 中出, 魔法少女, 百合",孝至,,中文,62,2023-01-18
JM415302,https://18comic.vip/album/415302/,穿梭夢境的女王陛下 10 [UPPER重工x我不看本子个人汉化] (C101) [チーズ酵母 (なか)] ユメ渡りの女王様 night 10 [中国翻訳][DL版],"C101, 緊身衣, 乳膠衣, 百合, 劇情向",なか,,中文,77,2023-01-17
JM415514,https://18comic.vip/album/415514/,[EZR個人漢化] (Girls Love Festival 36) [アストラッテ (そらと)] fiorire (アサルトリリィ) [中国翻訳],"非H, 劇情向, 百合",そらと,,中文,45,2023-01-18
JM415515,https://18comic.vip/album/415515/,[EZR個人漢化] (惹き合う運命) [ぐれぇと饅頭 (楠ヶ谷ぐれ)] Dont say ”Miss you.” (アサルトリリィ) [中国翻訳],"非H, 劇情向, 百合",楠ヶ谷ぐれ,,中文,25,2023-01-18
JM414825,https://18comic.vip/album/414825/,【百合本系列】[mmd] 草神与瑶瑶酱の蜜夜♀,"3D, 百合",mmd,,中文,24,2023-01-16
JM414814,https://18comic.vip/album/414814/,(C101) [いのちしらず (イノシラ)] 交わる同志(ガールズ&パンツァー),"C101, 百合, 巨乳, 性玩具",イノシラ,,日文,20,2023-01-16
JM414436,https://18comic.vip/album/414436/,让世界浸染于雨色之中  [いぬえ海盗汉化] (C100) [おくとぽーでの器 (はねつか)] 世界を雨色に浸して (アイドルマスターシャイニーカラーズ)[中国翻訳],"C100, 非H, 百合",はねつか,,中文,27,2023-01-16
JM414430,https://18comic.vip/album/414430/,[百合控別進個人漢化] [胡桃屋ましみん]lily crack,"巨乳, 強暴, 透視",胡桃屋ましみん,,中文,22,2023-01-16
JM414820,https://18comic.vip/album/414820/,[果物一途 (律空Rikuu)] My Sweet Bodyguard (リコリス・リコイル) [中国語] [DL版],"百合, 純愛, 校服",律空Rikuu,,中文,27,2023-01-16
JM414305,https://18comic.vip/album/414305/,(C101) [MAGIC MACHINERY (RT.)] すいせいたぬきさがし (機動戦士ガンダム水星の魔女) [DL版],"C101, 吸奶, 貧乳, 百合",RT.,,日文,10,2023-01-15
JM414423,https://18comic.vip/album/414423/,果然是哈特曼呢  (秋葉原同人祭 第一回) [耳式)] やっぱりハルトマンだねっ (ストライクウィッチーズ) [中国翻訳],"百合, 純愛, 過膝襪",耳式,,中文,19,2023-01-16
JM414340,https://18comic.vip/album/414340/,[有条色狼汉化] [トンテン] 潜入したら捕縛されちゃいました。2 [中国翻訳],"劇情向, 百合, 兔女郎, 項圈, 漁網襪, 塞口器, 連體衣, 遮眼, 束縛, 性玩具, 調教",トンテン,,中文,28,2023-01-15
JM414304,https://18comic.vip/album/414304/,(C101) [MARUTA Production (MARUTA)] ナデシコヒヨリ2nd 第2話 (オリジナル) [DL版],"C101, 群交, 出汗, 運動服, 百合, 劇情向",MARUTA,,日文,25,2023-01-15
JM414207,https://18comic.vip/album/414207/,(C101) [えのころくらげ (NOSA)] Step into the new world (ラブライブ!虹ヶ咲学園スクールアイドル同好会) [DL版],"C101, 劇情向, 百合, 馬尾, 校服, 過膝襪, 假陽具, 雙馬尾, 群交",NOSA,,日文,17,2023-01-15
JM415492,https://18comic.vip/album/415492/,(C101) [金瞳少女 (nipi)] オル邪ンのオルタ様に生えちゃった本。 (Fate/Grand Order) [DL版],"C101, 扶他, 百合, 馬尾, 巨乳",nipi,,日文,34,2023-01-18
JM414177,https://18comic.vip/album/414177/,(C100) [紅葉いのり] もう一度 あの場所で,"C100, 非H, 劇情向, 百合",紅葉いのり,,中文,32,2023-01-15
JM414132,https://18comic.vip/album/414132/,[LuD] 森谷里原的苗床日常1（魅魔伊拉赛斯篇）,"女惡魔, 乳汁, nipple, 出產, 乳頭交, 觸手, 透視, 百合",LuD,,中文,40,2023-01-14
JM414096,https://18comic.vip/album/414096/,[黎欧出资汉化] (C101) [にらたま (せきはら)] 媚薬飲まないと出られない部屋MG (Fate/Grand Order) [中国翻訳] [DL版],"C101, 百合, 巨乳, 連褲襪, 藥物",せきはら,,中文,28,2023-01-14
JM414159,https://18comic.vip/album/414159/,(C101) [水密桃工房 (モモの水道水)] 雪ちんぽ ふたなり雪歩のにおいでやよいがトリップしちゃう本 (アイドルマスター) [中国翻訳] [DL版],"C101, 百合, 校服, 雙馬尾, 巨乳, 扶他, 西瓜肚, 胃部突起, 乳交, 口交, 中出, 腹部隆起",モモの水道水,,中文,38,2023-01-15
JM413827,https://18comic.vip/album/413827/,[颠佬旅者汉化组*heros汉化组] [STAR☆CHASER] HI3RD Doujinshi 002 BUTTERFLIES UNCHAINED [DELUXE EDITION],"無修正, 劇情向, 純愛, 百合, 巨乳, 扶他, 過膝襪, 觸手, 調教, 透視, 中出",STAR☆CHASER,,中文,32,2023-01-13
JM413834,https://18comic.vip/album/413834/,(C101) [あんみんまくら (ハヤオキ)] 私が一番可愛い! (ラブライブ! 虹ヶ咲学園スクールアイドル同好会) [DL版],"C101, 非H, 劇情向, 百合",ハヤオキ,,日文,30,2023-01-13
JM413744,https://18comic.vip/album/413744/,[百合控別進個人漢化] [神雫みつ] skebより (転生王女と天才令嬢の魔法革命) [中国翻訳],"百合, 校服, 巨乳, 群交, 中出",神雫みつ,,中文,4,2023-01-13
JM413812,https://18comic.vip/album/413812/,[宫吧老哥漢化] (C101) [Oh My Gosh (やーくん、しこいえかくぞう)] スクールアイドルの陰毛事情 (ラブライブ! 虹ヶ咲学園スクールアイドル同好会) [中国翻訳] [DL版],"C101, 遮眼, 多毛, 百合","やーくん, しこいえかくぞう",,中文,57,2023-01-13
JM413899,https://18comic.vip/album/413899/,紗夜貼日菜的海報 [EZR個人漢化] (Girls Love Festival 36) [ryu-minBS (流民)] 紗夜さん日菜ちゃんのポスター貼る (BanG Dream!) [中国翻訳],"非H, 劇情向, 百合",流民,,中文,38,2023-01-14
JM413180,https://18comic.vip/album/413180/,[空気系☆漢化] (C101) [雷神会 (はるきゲにあ)] いっしょにスレッタ♡ (機動戦士ガンダム水星の魔女) [中国翻訳],"C101, 性玩具, 百合",はるきゲにあ,,中文,29,2023-01-12
JM413174,https://18comic.vip/album/413174/,[宫吧老哥漢化] (C101) [帰宅時間 (きたく)] 利己的エモーション (リコリス・リコイル) [中国翻訳],"C101, 百合, 純愛",きたく,,中文,23,2023-01-12
JM413138,https://18comic.vip/album/413138/,(C101) [帰宅時間 (きたく)] 利己的エモーション (リコリス・リコイル) [DL版],"C101, 劇情向, 百合, 校服, 巨乳",きたく,,日文,23,2023-01-11
JM413006,https://18comic.vip/album/413006/,[キノコ] 廣井跟小孤獨捉i,"全彩, 百合, 扶他, 巨乳, 調教, 肛交, 透視, 中出",キノコ,,中文,17,2023-01-11
JM413164,https://18comic.vip/album/413164/,茶会3P/百合 肛交/圣娅总受   [notuzi个人汉化] [ねこてゐ] ティーパーティー3P/百合アナル/セイア総受けえっち (ブルーアーカイブ) [中国翻訳],"肛交, 張口, 群交, 性玩具, 百合, 全彩",ねこてゐ,,中文,11,2023-01-12
JM412773,https://18comic.vip/album/412773/,徒花之園 [百合控別進個人漢化] [天太郎] アダバナノソノ (コミックメガストアα 2019年3月号) [中国翻訳] [DL版],"巨乳, 露出, 強暴, 群交, 透視",天太郎,,中文,22,2023-01-11
JM412297,https://18comic.vip/album/412297/,[Minworld] GOAT-goat chapter 9 (illustration) [CHINESE],"綁縛與調教, 舔足, 淩辱, 嗅氣味, 過膝襪, 出汗, 放尿, 百合",Minworld,,中文,11,2023-01-10
JM412759,https://18comic.vip/album/412759/,[黎欧出资汉化] (C101) [きのこなべ避難所(まいたけ)] 麒麟の嫁入り (原神) [中国翻訳],"C101, 怪物女孩, 雙馬尾, 百合",まいたけ,,中文,34,2023-01-10
JM412526,https://18comic.vip/album/412526/,[Minworld] FATE REQUEST CHINESE VERSION,"辦公女郎, 嗅氣味, 出汗, 百合",Minworld,,中文,4,2023-01-10
JM412535,https://18comic.vip/album/412535/,[试作型KOF] 经验供给35 (崩壊3rd) [中国語],"全彩, 劇情向, 百合, 怪物女孩, 束縛, 項圈, 玩偶, 亂倫",试作型KOF,,中文,16,2023-01-10
JM412296,https://18comic.vip/album/412296/,[Minworld] GOAT-goat chapter 15 [CHINESE],"綁縛與調教, 女性支配, 淩辱, 嗅氣味, 過膝襪, 酷刑, 踩踏, 鞭打, 百合",Minworld,,中文,13,2023-01-10
JM412283,https://18comic.vip/album/412283/,[Minworld] GOAT-goat chapter 9 (novel) [CHINESE],"綁縛與調教, 舔足, 淩辱, 嗅氣味, 過膝襪, 出汗, 放尿, 百合, 全彩, 小說",Minworld,,中文,23,2023-01-10
JM412293,https://18comic.vip/album/412293/,[Minworld] GOAT-goat queen chapter [CHINESE],"綁縛與調教, 女性支配, 淩辱, 連褲襪, 嗅氣味, 過膝襪, 出汗, 踩踏, 百合",Minworld,,中文,19,2023-01-10
JM412280,https://18comic.vip/album/412280/,愛之妖精   [沒有漢化] [ネダオレ (あやね)] 愛のようせい [中国翻訳] [DL版],"百合, 巨乳, 吸奶",あやね,,中文,28,2023-01-10
JM412275,https://18comic.vip/album/412275/,[Minworld] GOAT-goat Ⅴ special chapter (1) [CHINESE],"束縛, 女性支配, 塞口器, 淩辱, 嗅氣味, 過膝襪, 踩踏, 百合",Minworld,,中文,14,2023-01-10
JM412211,https://18comic.vip/album/412211/,(C95) [めたもるふぉーぜ (GUY)] ツリ目道6 (ガールズ&パンツァー) [中国翻訳] [DL版],"非H, 劇情向, 百合, 校服, 巨乳",GUY,,中文,35,2023-01-09
JM412167,https://18comic.vip/album/412167/,(C93) [めたもるふぉーぜ (GUY)] ツリ目道3 (ガールズ&パンツァー) [中国翻訳] [DL版],"劇情向, 巨乳, 百合, 校服","GUY, めたもるふぉーぜ",,中文,35,2023-01-09
JM412091,https://18comic.vip/album/412091/,(C101) [惑星ぼーるど (さぼん)] 詠の節約ミルククッキング (閃乱カグラ) [DL版],"C101, 全彩, 百合, 巨乳, 校服, 吸奶, 過膝襪, 搾乳, 乳汁",さぼん,,日文,19,2023-01-09
JM412079,https://18comic.vip/album/412079/,(C91) [手つかずの青。 (えみりお)] 西住リフレ♥ (ガールズ&パンツァー) [中国翻訳] [DL版],"巨乳, 百合, 扶他, 群交",えみりお,,中文,43,2023-01-09
JM412007,https://18comic.vip/album/412007/,"(C101) [京まじょ! (上村なびあ)] fall in love, lycoris (リコリス・リコイル) [DL版]","C101, 劇情向, 百合, 巨乳, 校服",上村なびあ,,日文,28,2023-01-09
JM412005,https://18comic.vip/album/412005/,(C101) [サンゲリ屋 (左利き)] 爆乳姉妹は学園長の娘 (オリジナル) [DL版],"C101, 巨乳, 扶他, 百合, 口交, 透視, 中出",左利き,,日文,34,2023-01-09
JM411992,https://18comic.vip/album/411992/,(C101) [Oh My Gosh (やーくん、しこいえかくぞう)] スクールアイドルの陰毛事情 (ラブライブ! 虹ヶ咲学園スクールアイドル同好会) [DL版],"C101, 遮眼, 多毛, 百合","やーくん, しこいえかくぞう",,日文,56,2023-01-09
JM411785,https://18comic.vip/album/411785/,[漢化完了結果古戰還沒修好笑死漢化組] (C101) [タマラン] シンダララランド (グランブルーファンタジー) [中国翻訳],"C101, 貓女, 亂倫, 雙胞胎, 雙馬尾, 百合",タマラン,,中文,20,2023-01-09
JM411773,https://18comic.vip/album/411773/,喜欢百合的女孩子，玩做什么都行的国王游戏，结果是～～～ [透明声彩汉化组]   [まぐろシャイニング] 百合好き女子が何でもありの王様ゲームやった結果… [中国翻訳] [DL版],"遮眼, 群交, 校服, 性玩具, 瘙癢, 百合, 潮吹",まぐろシャイニング,,中文,71,2023-01-09
JM411772,https://18comic.vip/album/411772/,少女间的年龄差 [透明声彩汉化组]  [美術部 (しづきみちる)] 歳の差ーティーン [中国翻訳] [DL版],"亂倫, 侄女, 雙馬尾, 百合",しづきみちる,,中文,44,2023-01-09
JM411722,https://18comic.vip/album/411722/,(C101) [その他大勢 (ゆかたろ)] なかよし女冒険者はひみつの特訓をしているらしい (オリジナル) [DL版],"C101, 巨乳, 百合, 性玩具",ゆかたろ,,日文,33,2023-01-09
JM411714,https://18comic.vip/album/411714/,(C101) [MirrorWorld (未鏡)] えっちが好きな生徒会長は嫌か？ (デリシャスパーティ♡プリキュア) [DL版],"C101, 過膝襪, 百合",式神くろ子,,日文,36,2023-01-08
JM411683,https://18comic.vip/album/411683/,黑暗童话,"扶他, 百合, 3D",N/A,,,218,2023-01-08
JM411584,https://18comic.vip/album/411584/,(C101) [福のれん (ユキヲ)] 邪神ちゃんドロップキック 旅情編 (邪神ちゃんドロップキック),"C101, 非H, 劇情向, 百合, 蛇女",ユキヲ,,日文,18,2023-01-08
JM411646,https://18comic.vip/album/411646/,與蕾絲女孩們4P [百合控別進個人漢化] [usi] 癖 ～HEKI～ レズビアンの娘たちと4P!!,"劇情向, 巨乳, 百合, 群交, 調教, 口交, 透視, 中出",usi,,中文,20,2023-01-08
JM411453,https://18comic.vip/album/411453/,初吻的味道 [无糖·漫画组] [ちくわ。],"非H, 劇情向, 百合",ちくわ。,,中文,32,2023-01-08
JM411455,https://18comic.vip/album/411455/,潜入任务校园喜剧 [无糖·漫画组] [お茶] 潜入任務学パロ,"非H, 劇情向, 百合, 校服",お茶,,中文,13,2023-01-08
JM411260,https://18comic.vip/album/411260/,[狂踹瘸子好腿儿不负责瞎翻] [TSリボルバー] 強制性転換MMO【サーヴァント・エズ2】,"全彩, 調教, 口交, 顏面騎乘, 拘束, 女性支配, 打屁股, 假陽具, 放尿, 百合",TSリボルバー,,中文,75,2023-01-07
JM410991,https://18comic.vip/album/410991/,(C101) [チーズ酵母 (なか)] お砂糖は百合色 (オリジナル) [DL版],"C101, 緊身衣, 束縛, 塞口器, 乳膠衣, 乳膠真空床, 百合",なか,,日文,24,2023-01-07
JM411462,https://18comic.vip/album/411462/,晚上立场逆转的百合情侣 [无糖·漫画组] [kanju] 夜は立場逆転する百合カップル—单行本合集,"全彩, 非H, 劇情向, 百合",kanju,,中文,28,2023-01-08
JM410979,https://18comic.vip/album/410979/,(C100) [my pace world (南瓜とるて)] 待宵の月 -One midnight- (艦隊これくしょん -艦これ-) [DL版],"C100, 巨乳, 百合, 扶他, 透視, 中出",南瓜とるて,,日文,24,2023-01-07
JM410978,https://18comic.vip/album/410978/,(C101) [my pace world (南瓜とるて)] 月触 -end of Lament- (艦隊これくしょん -艦これ-) [DL版],"C101, 巨乳, 百合, 扶他, 中出, 透視",南瓜とるて,,日文,26,2023-01-07
JM410586,https://18comic.vip/album/410586/,(C101) [我流痴帯 (TANA)] 媚香王女3 淫臭甘やかし調教騎士団 (オリジナル),"C101, 劇情向, 扶他, 百合, 巨乳, 過膝襪, 調教, 淫紋, 野砲, 觸手, 拘束, 異種姦, 群交, 口交, 透視, 中出",TANA,,日文,42,2023-01-06
JM410445,https://18comic.vip/album/410445/,(C101) [台北人 (虫原)] Surprise & Seduce (リコリス・リコイル) [中国翻訳] [DL版],"C101, 扶他, 百合, 巨乳, 透視, 中出",虫原,,中文,26,2023-01-05
JM410251,https://18comic.vip/album/410251/,(C101) [タマラン] シンダララランド (グランブルーファンタジー),"C101, 貓女, 亂倫, 雙胞胎, 雙馬尾, 百合",タマラン,,日文,20,2023-01-05
JM410787,https://18comic.vip/album/410787/,[Fanbox] 月海,"窒息, 綁縛與調教, 束縛, 女性支配, 塞口器, 虐待, 虐殺, 酷刑, 百合",月海,,中文,272,2023-01-06
JM410786,https://18comic.vip/album/410786/,[Pixiv] 月海 (14562461),"窒息, 綁縛與調教, 束縛, 女性支配, 塞口器, 虐待, 虐殺, 酷刑, 百合",月海,,中文,248,2023-01-06
JM409660,https://18comic.vip/album/409660/,[瑞树汉化组] [孝至] 妖精になる呪い (コミックアンリアル 2022年12月号 Vol.100) [中国翻訳] [DL版],"阿黑顏, 巨乳, 妖精, 觸手, 百合",孝至,,中文,26,2023-01-04
JM409630,https://18comic.vip/album/409630/,(C101)[あめうさぎ (飴玉コン)] お姉ちゃんがあっためてあげる♡ (ご注文はうさぎですか?) [DL版],"C101, 百合, 巨乳",飴玉コン,,日文,16,2023-01-03
JM409567,https://18comic.vip/album/409567/,(C101) [フッ軽タイガー (ゆきトラ)] 後藤ひとりはキスがしたい (ぼっち・ざ・ろっく!),"C101, 非H, 校服, 百合",ゆきトラ,,中文,14,2023-01-03
JM409594,https://18comic.vip/album/409594/,秘密的禁止行為攻防戰 [沒有漢化] (C101) [まんまん屋 (チチヅキ)] 密かなる御禁制攻防戦 (Fate/Grand Order) [中国翻訳] [DL版],"C101, 巨乳, 鬼族, 校服, 百合, 野砲, 透視",チチヅキ,,中文,37,2023-01-03
JM409247,https://18comic.vip/album/409247/,(COMIC1☆20) [チョココロネ (天路あや)] Conversion 触縛の洗脳空間 (オリジナル) [DL版][中国翻訳],"劇情向, 百合, 巨乳, 校服, 過膝襪, 修女, 連褲襪, 觸手, 異種姦, 強暴, 淫紋, 調教, 群交, 透視, 中出",天路あや,,中文,32,2023-01-03
JM409511,https://18comic.vip/album/409511/,反差百合姐妹 [沒有漢化] [アウェイ田] ギャップ姉妹百合 [中国翻訳],"非H, 百合, 劇情向",アウェイ田,,中文,5,2023-01-03
JM409512,https://18comic.vip/album/409512/,[notuzi个人汉化] (C100) [邪屋。 (邪武丸)] ゆかりさん！それわたしがおせわします！优花里同学!交给我吧! (ガールズ＆パンツァー) [DL版],"C100, 巨乳, 扶他, 百合, 校服, 透視, 中出",邪武丸,,中文,33,2023-01-03
JM408454,https://18comic.vip/album/408454/,(C101) [EDGEWORTH (ぞくさん)] 怪盗お仕置き4P拘束絶頂デリシャス (デリシャスパーティ♡プリキュア) [DL版],"C101, 眼罩, 群交, 魔法少女, 百合",ぞくさん,,日文,28,2023-01-02
JM408442,https://18comic.vip/album/408442/,(C101) [ネダオレ (あやね)] 女勇者に転生したら魔族の妻が5人もいるらしい6 (オリジナル) [DL版],"C101, 百合, 巨乳, 純愛",あやね,,日文,35,2023-01-02
JM408431,https://18comic.vip/album/408431/,雪菜，溢出 [EZR個人漢化] (僕らのラブライブ! 31) [ヘタレアーツ (BLACKHEART)] -せつ菜、あふれて (ラブライブ! 虹ヶ咲学園スクールアイドル同好会) [中国翻訳],"校服, 過膝襪, 雙馬尾, 百合",BLACKHEART,,中文,21,2023-01-02
JM408427,https://18comic.vip/album/408427/,[Dokiki汉化组] [白玉もち] 私と先輩の (めしべとめしべ) [中国翻訳],"無修正, 百合, 純愛",白玉もち,,中文,27,2023-01-02
JM408413,https://18comic.vip/album/408413/,以卧榻的吱呀声为信号 [透明声彩汉化组] [	時々山崎] ベッドのきしむ音を合図に [Chinese],"非H, 百合, 劇情向",時々山崎,,中文,28,2023-01-02
JM408411,https://18comic.vip/album/408411/,[透明声彩汉化组]   [美術部 (しづきみちる)] 虹が咲く楽園 (ラブライブ! 虹ヶ咲学園スクールアイドル同好会) [中国翻訳] [DL版],"校服, 雙馬尾, 百合",しづきみちる,,中文,36,2023-01-02
JM408381,https://18comic.vip/album/408381/,朋友的另一侧 [断崖絶癖 (むちも)] ともだちのむこうがわ(ブルーアーカイブ),"百合, 露出, 校服, 過溪襪",むちも,,中文,34,2023-01-01
JM408379,https://18comic.vip/album/408379/,【AndreXIao個人漢化】 (コミティア141) [ほむら屋★プレアデス (焔すばる)] どきどき★アイドル♥エステ,"百合, 露出, 巨乳, 群交",焔すばる,,中文,21,2023-01-01
JM408261,https://18comic.vip/album/408261/,[一青二白汉化组&泡菜百合汉化组] (Girls Love Festival 34) [コロナ314 (はなぶささとし)] the love of my life (BanG Dream!),"非H, 百合, 劇情向",はなぶささとし),,中文,37,2023-01-01
JM408180,https://18comic.vip/album/408180/,(C101) [ねこまた屋 (ねこまたなおみ)] ふたなりいぶき×にょたぐだ (Fate/Grand Order) [DL版],"C101, 巨乳, 黑肉, 扶他, 多毛, 怪物女孩, 百合",ねこまたなおみ,,日文,32,2023-01-01
JM408110,https://18comic.vip/album/408110/,(C101) [瑠璃瑠璃企画 (瑠璃、泉まひる)] りこりこくらいしすえくすとらミッションスタート (リコリス・リコイル),"C101, 手淫, 性玩具, 百合, 畫冊, 全彩","瑠璃, 泉まひる",,日文,26,2023-01-01
JM408125,https://18comic.vip/album/408125/,(C101) [ますみパン工房 (ますみ)] 信頼関係 (白上フブキ、大神ミオ) [DL版],"C101, 項圈, 狐娘, 連褲襪, 過膝襪, 狼女, 百合",ますみ,,日文,23,2023-01-01
JM408176,https://18comic.vip/album/408176/,(C101) [ハイパーグロウンティー (ヌワラグレイ、しもきたざわダウナ)] 即イキ系ギザ歯男の娘、発情ふたなりお姉さんにハメ倒されてイクッ (オリジナル) [DL版],"C101, 扶他, 百合, 貧乳, 巨乳, 校服, 口交, 透視, 中出","ヌワラグレイ, しもきたざわダウナ",,日文,37,2023-01-01
JM383828,https://18comic.vip/album/383828/,日菜有夠騷 [椋蔵] ヒナミックス,"無修正, 劇情向, 群交, 百合, 女高中生, 校服, 過膝襪, 口交, 雙馬尾, 內衣, 後宮, 完結, 乱交, 抽象, 肛交, 假小子, 交换伴侣, 换妻",椋蔵,,中文,390,2022-10-01
JM407684,https://18comic.vip/album/407684/,[补丁补丁汉化组E] (C101) [春待氷柱 (名宵)] 変わり代わりの可愛がり [中国翻訳] [DL版],"C101, 女惡魔, 怪物女孩, 百合",名宵,,中文,25,2022-12-31
JM407233,https://18comic.vip/album/407233/,寒冬.百合.涩涩 [透明声彩汉化组] [食べ放題] ふゆ、ゆり、えっち,"百合, 巨乳, 馬尾, 過膝襪, 性玩具, 調教",食べ放題,,中文,13,2022-12-30
JM407102,https://18comic.vip/album/407102/,【Dokiki汉化组】 [食べ放題 (生肉)] 愛していいのは、カラダだけ-結婚式帰りの夜[中国翻訳],"劇情向, 百合, 巨乳",生肉,,中文,41,2022-12-30
JM406984,https://18comic.vip/album/406984/,[沒有漢化] [阪本KAFKA] 乱交!ラプホ女子会（COMICグーチョ vol.13） [中国翻訳],"劇情向, 百合, 女性支配, 巨乳, 群交, 潮吹",阪本KAFKA,,中文,27,2022-12-29
JM407748,https://18comic.vip/album/407748/,[Telsis] 尼龙人偶(Nylon Obsession) [Chinese] [迈尔斯汉化],"巨乳, 性玩具, 假陽具, 轉化, 百合, 3D",Telsis,,,79,2022-12-31
JM406983,https://18comic.vip/album/406983/,[Lowsen个人汉化] [缶子] ちさたき #2 バニーの日 (リコリス・リコイル) [中国翻訳],"全彩, 巨乳, 兔女郎, 連體衣, 百合",缶子,,中文,4,2022-12-29
JM406812,https://18comic.vip/album/406812/,[透明声彩汉化组] [食べ放題 (生肉)] 总集篇 1-24[Chinese],"百合, 束縛",生肉,,中文,27,2022-12-28
JM406545,https://18comic.vip/album/406545/,[ひざの屋] ぽわ×2 ふたなり姉妹の日常とエッチな日常 [DL版],"全彩, 百合, 扶他, 校服, 巨乳, 手淫, 口交, 乳交, 中出",ひざの屋,,日文,56,2022-12-28
JM406355,https://18comic.vip/album/406355/,[透明声彩汉化组]  [あかりんごちゃん (みこりん)] かわいいカワイイ私の天使ちゃん達♥ (HUGっと!プリキュア) [中国翻訳] [DL版],"群交, 過膝襪, 雙馬尾, 百合",みこりん,,中文,34,2022-12-27
JM406354,https://18comic.vip/album/406354/,[透明声彩汉化组]   [百合畑牧場 (紺)] Obsessed (アイドルマスター シンデレラガールズ) [中国翻訳] [DL版],"百合, 校服, 群交",紺,,中文,34,2022-12-27
JM406352,https://18comic.vip/album/406352/,[透明声彩汉化组] [美術部 (しづきみちる)] 貴女を描く アユミとイクエのエスケッチ [中国翻訳] [DL版],"百合, 純愛, 校服",しづきみちる,,中文,37,2022-12-27
JM406353,https://18comic.vip/album/406353/,[透明声彩汉化组] [百合畑牧場 (紺)] Obsessed 02 (アイドルマスター シンデレラガールズ) [DL版],"百合, 自慰, 純愛",紺,,中文,32,2022-12-27
JM405784,https://18comic.vip/album/405784/,火焰纹章风花雪月-强制受孕的贝蕾丝,"巨乳, 百合, 強暴, 束縛, 懷孕, 乳汁",N/A,,中文,32,2022-12-27
JM408043,https://18comic.vip/album/408043/,[EZR個人漢化] (COMIC1 BS祭 スペシャル) [ヘタレアーツ (BLACKHEART)] For Your Eyes Only (ラブライブ! 虹ヶ咲学園スクールアイドル同好会) [中国翻訳],"劇情向, 校服, 百合",BLACKHEART,,中文,22,2023-01-01
JM405624,https://18comic.vip/album/405624/,[Kataokasan] 阿能的生日派对（明日方舟）[中文] [无修正],"無修正, 全彩, 巨乳, 百合, 天使, 遮眼, 扶他, 群交, 後宮, 過膝襪, 肛交",Kataokasan,,中文,8,2022-12-25
JM405648,https://18comic.vip/album/405648/,[透明声彩汉化组] (C100) [ツンデレハムカツボルケーノ (しゅーくりいむ)] Idle running (アイドルマスター) [中国翻訳],"C100, 百合",しゅーくりいむ,,中文,26,2022-12-25
JM405649,https://18comic.vip/album/405649/,[透明声彩汉化组] (C99) [ストラトスフィア (ウルツ)] アフターキャッツアンドドッグス (アサルトリリィ) [中国翻訳],"C99, 百合",ウルツ,,中文,24,2022-12-25
JM405611,https://18comic.vip/album/405611/,[めたもるふぉーぜ (GUY)] ツリ目道6 (ガールズ&パンツァー) [中国翻訳] [DL版],"非H, 劇情向, 百合",GUY,,中文,28,2022-12-25
JM405569,https://18comic.vip/album/405569/,[kataokasan] 阿能的生日派对 (Arknights),"全彩, 百合, 巨乳, 過膝襪, 遮眼, 扶他, 群交, 後宮, 口交, 肛交, 中出",kataokasan,,中文,5,2022-12-25
JM405268,https://18comic.vip/album/405268/,喂陰沉女！哪邊的百合性愛更舒服？ [沒有漢化] [アウェイ田]おい陰キャ！どっちの百合セックスが気持ちよかった？ [中国翻訳],"百合, 巨乳, 校服, 透視, 群交",アウェイ田,,中文,30,2022-12-23
JM405122,https://18comic.vip/album/405122/,璃愛純情 [EZR個人漢化] (僕らのラブライブ! 35) [zacocom (ざこ)] りなあいピュアラヴ (ラブライブ!虹ヶ咲学園スクールアイドル同好会) [中国翻訳],"非H, 百合, 校服",ざこ,,中文,41,2022-12-22
JM405251,https://18comic.vip/album/405251/,[DLmengka] 丝袜女杀手的末路 番外：魔女的假期 [中国語],"束縛, 連褲襪, 過膝襪, 百合, 3D, 劇情向",DLmengka,,,158,2022-12-22
JM405152,https://18comic.vip/album/405152/,[慵貓個人重嵌] [TYPE.90] 妖館の珠姫 [中国翻訳] [DL版],"阿黑顏, 肛交, 巨尻, 巨乳, 口交, 束縛, 吸奶, 透視, 產卵, 顏面騎乘, 拳交, 西瓜肚, 和服, 乳汁, 熟女, 中出, 懷孕, 強暴, 貧乳, 胃部突起, 出產, 百合, 群交, 劇情向, 單行本, 纯爱",TYPE.90,,中文,225,2022-12-22
JM405050,https://18comic.vip/album/405050/,[Waffle] ナイショの姦淫～真夏の汗だく交尾～,"遊戲CG, 肛交, 巨乳, 口交, 出軌, 黑肉, 辣妹, 多毛, 後宮, 中出, 和服, 乳汁, 熟女, 乳交, 性玩具, 雙馬尾, 百合, 群交, hậu, cung",深泥正,,中文,455,2022-12-21
JM407826,https://18comic.vip/album/407826/,[notuzi个人汉化] (C101) [白玉もち (白玉もち)] 比翼連理 (ブルーアーカイブ) [中国翻訳] [DL版],"C101, 百合, 巨乳, 連褲襪, 校服, 野砲",白玉もち,,中文,41,2023-01-01
JM404562,https://18comic.vip/album/404562/,[沒有漢化] [虹色発光ダイオード (ねこんそ)] 雫と詩織 -はじめての味- [中国翻訳],"非H, 百合, 校服",ねこんそ,,中文,9,2022-12-19
JM405034,https://18comic.vip/album/405034/,[めたもるふぉーぜ (GUY)] ツリ目道3 (ガールズ&パンツァー) [DL版]（Chinese）,"巨乳, 百合, 校服",GUY,,中文,28,2022-12-21
JM404848,https://18comic.vip/album/404848/,從早安到晚安 [EZR個人漢化] (C99) [G.MARK (いつは)] おはようからおやすみまで (アサルトリリィ) [中国翻訳],"C99, 非H, 百合",いつは,,中文,24,2022-12-20
JM404551,https://18comic.vip/album/404551/,[NICOLAI (オリコ)] 家庭内売春 [中国翻訳] [DL版],"百合, 巨乳, 中出, 乳交, 口交, 校服, 援交, 乱伦",オリコ,,中文,49,2022-12-19
JM404514,https://18comic.vip/album/404514/,[前世莫追] 欲裁合欢被，上绣鸯鸯鸯,"百合, 3D",前世莫追,,中文,21,2022-12-18
JM404364,https://18comic.vip/album/404364/,[至道汉化] [えりなずし] ぼっち ざ ろっく!,"馬尾, 強暴, 百合, 群交",えりなずし,,中文,9,2022-12-17
JM404355,https://18comic.vip/album/404355/,[龍蓮个人汉化] [うましお] 催眠漫画,"百合, 校服, 巨乳, 催眠, 排尿",うましお,,中文,4,2022-12-17
JM404150,https://18comic.vip/album/404150/,[超勇汉化组] [サンバルキン] ネトラレ国王 [中国翻訳],"全彩, 劇情向, NTR, 巨乳, 黑肉, 妖精, 吊帶襪, 處女, 過膝襪, 出軌, 性玩具, 百合, 調教, 口交, 透視, 中出, 后宫",サンバルキン,,中文,104,2022-12-16
JM400970,https://18comic.vip/album/400970/,我轉生成爲女勇者后魔族的妻子居然有5人 [あやね] 女勇者に転生したら魔族の妻が5人もいるらしい [中国翻訳] [無修正] [DL版],"無修正, 劇情向, 百合, 巨乳, 肌肉",あやね,,中文,204,2022-11-30
JM404131,https://18comic.vip/album/404131/,淫趴时间!! [黄记汉化组] [えのころくらげ (NOSA)] Let's enjoy our life together (ラブライブ!虹ヶ咲学園スクールアイドル同好会) [中国翻訳][DL版],"劇情向, 巨乳, 校服, 過膝襪, 貧乳, 百合, 扶他, 群交, 透視, 中出",NOSA,,中文,17,2022-12-16
JM404048,https://18comic.vip/album/404048/,"管理人の業務日報～A棟204号室・稲村吉蔵さん [建院翻译,骚年不骚个人汉化] [多摩豪] 椿ヶ丘団地の管理人+第二部+管理人の業務日報～A棟204号室・稲村吉蔵さん [中国翻訳]","全彩, 劇情向, 出軌, 人妻, 圍裙, 性勒索, 眼鏡, 熟女, 援交, 野砲, 百合, 調教, 性玩具, 群交, 肛交, 透視, 中出, 打码",多摩豪,,中文,220,2022-12-15
JM403917,https://18comic.vip/album/403917/,[momo个人汉化] [五割引中] 白衣の女医とフタナリ射精管理 (コミック Mate legend Vol.46 2022年8月号) [中国翻訳] [DL版],"劇情向, 百合, 巨乳, 吊帶襪, 自慰, 處女, 過膝襪, 墮胎, 扶他, 口交, 透視, 中出, 懷孕",五割引中,,中文,20,2022-12-15
JM403843,https://18comic.vip/album/403843/,天赐吾爱·夜灵佳人 (第2回ハロウィンフェスタ) [noPland (mosuke)] empty (明日方舟) [中国翻訳],"劇情向, 百合, 怪物女孩, 巨乳",mosuke,,中文,30,2022-12-15
JM403519,https://18comic.vip/album/403519/,[FANBOX] 儒宅 [2022-12-13],"全彩, 旗袍, 獸娘, 怪物女孩, 修女, 泳裝, 巨乳, 過膝襪, 連褲襪, 百合, 露出, 野砲, 中出, 小剧场",儒宅,,,489,2022-12-14
JM403515,https://18comic.vip/album/403515/,[dfgg] 《香消玉殒》同人（凯瑟琳）,"巨乳, 戀屍, 假陽具, 百合, 3D",dfgg,,,41,2022-12-14
JM403518,https://18comic.vip/album/403518/,[スイートピー、COCOA BREAK (大島智、大島永遠)] とろける女子湯6 [中国翻訳] [DL版],"劇情向, 純愛, 百合, 巨乳, 野砲","大島智, 大島永遠",,中文,41,2022-12-14
JM403292,https://18comic.vip/album/403292/,[作死战士少年渣个人翻译] (C100) [かもたま座 (かもたま)] ウロコとしっぽ (ファイナルファンタジー XIV),"劇情向, 泳裝, 獸娘, 怪物女孩, 巨乳, 黑肉, 自慰, 百合",かもたま,,中文,40,2022-12-13
JM402997,https://18comic.vip/album/402997/,[暇人のいず] 倉田ましろとレズエステ (BanG Dream!) [中国翻訳],"巨乳, 性玩具, 百合, 調教",暇人のいず,,中文,13,2022-12-11
JM402787,https://18comic.vip/album/402787/,[BISHOP] 三射面談～連鎖する恥辱・調教の学園～インモラルエディション,"阿黑顏, 肛交, 圍裙, 綁縛與調教, 巨乳, 泳裝, 性勒索, 遮眼, 短褲, 口交, 束縛, 新娘, 顏射, 旗袍, 項圈, 處女, 露出, 女性支配, 塞口器, 手套, 髮交, 多毛, 淩辱, 中出, 亂倫, 乳汁, 連體衣, 內衣, 女僕, 手淫, 熟女, 母女丼, 乳交, 連褲襪, 枷刑, 馬尾, 懷孕, 強暴, 學校泳裝, 校服, 性玩具, 內窺器, 潮吹, 過膝襪, 水下, 百合, 群交, CG","カガミ, かなみ",,中文,2770,2022-12-09
JM402705,https://18comic.vip/album/402705/,精疲力盡的女人被色氣四溢的女人打了的故事 ch4 [沒有漢化] [花影あると] くたびれた女がエロい女にぶたれる話 第4話 [中国翻訳],百合,花影あると,,中文,21,2022-12-09
JM402699,https://18comic.vip/album/402699/,[牧部かたる] 感染しちゃうぞ♥ 第2話 (アクションピザッツ 2021年3月号) [中国翻訳] [DL版],"劇情向, 巨乳, 過膝襪, 百合, 自慰, 群交, 口交, 透視, 中出",牧部かたる,,中文,27,2022-12-09
JM402188,https://18comic.vip/album/402188/,[路凝安个人汉化] (こみトレ40) [超斬開 (TER)] 女の子たちのいにしえの冒険 (Pokémon LEGENDS アルセウス) [中国翻訳],"巨乳, 連褲襪, 露出, 手淫, 催眠, 潮吹, 放尿, 百合",TER,,中文,34,2022-12-07
JM403098,https://18comic.vip/album/403098/,[白玉もち]サラソウジュの花の色【中国翻訳】,"百合, 純愛, 露出, 校服",白玉もち,,中文,96,2022-12-11
JM402263,https://18comic.vip/album/402263/,[流木个人汉化] [Norasuko] THE PREY 3: Prey With A Vengeance [中国翻訳],"無修正, 全彩, 劇情向, 巨乳, 黑肉, 百合, 妖精, 手套, 傷疤, 過膝襪, 假小子, 群交",Norasuko,,中文,32,2022-12-08
JM402253,https://18comic.vip/album/402253/,[w百合欧皇子w] 碧蓝航线莱莎联动,"cosplay, 手套, 短褲, 過膝襪",w百合欧皇子w,,,29,2022-12-08
JM372636,https://18comic.vip/album/372636/,【Dokiki汉化组】 [LIN] 双子姉妹ちゃんの百合生活【中国翻訳】,"亂倫, 性玩具, 雙胞胎, 雙馬尾, 百合, 劇情向",LIN,,中文,289,2022-08-28
JM401705,https://18comic.vip/album/401705/,爆机少女喵小吉&云烧 - 原神花嫁：优菈&甘雨,"cosplay, 項圈, 緊身胸衣, 手套, 怪物女孩, 乳膠衣, 過膝襪, 長筒靴, 百合, 無修正","爆机少女喵小吉, 云烧",,,92,2022-12-05
JM401871,https://18comic.vip/album/401871/,[透明声彩汉化组] [百合畑牧場 (紺)] 脱がそうが脱がすまいが可愛いことには変わりない (アズールレーン) [中国翻訳] [DL版],"劇情向, 百合, 獸娘, 巨乳, 過膝襪",紺,,中文,32,2022-12-06
JM401609,https://18comic.vip/album/401609/,數碼炭和多伯的活動後聚會 [EZR個人漢化] (C100) [おろなみん でぃ (犬飼りっぽ)] デジたんとドーベルがアフターする話 (ウマ娘 プリティーダービー) [中国翻訳],"C100, 非H, 劇情向, 百合",犬飼りっぽ,,中文,41,2022-12-04
JM401588,https://18comic.vip/album/401588/,[紅城] 街霸 暗影淑女 01-03 (完),"巨乳, 遮眼, 束縛, 項圈, 眼罩, 手套, 乳環, 過膝襪, 百合, 3D, 劇情向",紅城,,,447,2022-12-04
JM401638,https://18comic.vip/album/401638/,[白杨汉化组] [azmaya (あずまあや)] 乙女力。 (東方Project) [中国翻訳],"非H, 劇情向, 百合",あずまあや,,中文,28,2022-12-04
JM401311,https://18comic.vip/album/401311/,[NiSuSu]誕生日のくすぐり罠,"瘙癢, 百合, 校服, 觸手, 束縛",NiSuSu,,中文,27,2022-12-02
JM402128,https://18comic.vip/album/402128/,斯巴達教師被碧池辣妹做了色色的事 3 [沒有漢化] [Sky Dogma (ぱんだこりゃ)] スパルタ先生が教え子のビッチギャルにエッチな事される話3 [中国翻訳],"肛交, 黑肉, 眼鏡, 群交, 辣妹, 乳環, 潮吹, 假陽具, 教師, 百合",ぱんだこりゃ,,中文,76,2022-12-07
JM401398,https://18comic.vip/album/401398/,[シャコぱんち] 「教えてほしいっす！」ふゆあさ百合 (アイドルマスター シャイニーカラーズ) [中国翻訳],"百合, 校服, 露出",シャコぱんち,,中文,19,2022-12-02
JM401148,https://18comic.vip/album/401148/,[第壱ユタカ荘 (築)] 童貞、加藤明日香 (私がモテないのはどう考えてもお前らが悪い!) [中国翻訳] [DL版],"扶他, 巨乳, 馬尾, 貧乳, 百合, 校服, 多毛, 口交, 野砲, 透視, 中出","築, 第壹ユタカ庄",,中文,39,2022-12-01
JM401400,https://18comic.vip/album/401400/,[ハウス栽培もち (白玉もち)] パンツ大好き藍ちゃん [中国翻訳] [DL版],"百合, 過膝襪",白玉もち,,中文,17,2022-12-02
JM401057,https://18comic.vip/album/401057/,不安的妳和濕潤的地板 [EZR個人漢化] (C100) [棚上 (タナカラ)] 軋んだ君と濡れた床 (アイドルマスターシャイニーカラーズ) [中国翻訳],"C100, 非H, 劇情向, 百合",タナカラ,,中文,28,2022-11-30
JM401113,https://18comic.vip/album/401113/,[東小岩ふともも宇宙研究所] 淫気の虫 [中国翻訳],"全彩, 巨乳, 多毛, 和服, 熟女, 寄生, 百合, 群交",東小岩ふともも宇宙研究所,,中文,33,2022-12-01
JM400741,https://18comic.vip/album/400741/,[EZR個人漢化] (BanG Dreamer's Party! 9th STAGE) [NiC:ORi (MiNORi)] !!HAPPY LUCKY SMILE YEAH!! (BanG Dream!) [中国翻訳],"非H, 劇情向, 校服, 百合",MiNORi,,中文,26,2022-11-29
JM400754,https://18comic.vip/album/400754/,[9pin] Online friend 01-03,"3D, 百合",9pin,,中文,454,2022-11-29
JM400937,https://18comic.vip/album/400937/,奸夫系女主角 [一只麻利的鸽子汉化] [ドラムス] 間男系ヒロイン,"NTR, 百合, 巨乳, 雙馬尾, 校服, 項圈, 過膝襪, 調教, 野砲, 透視, 中出, 百合破坏",ドラムス,,中文,4,2022-11-30
JM401190,https://18comic.vip/album/401190/,[Pixiv] haku89,"全彩, 阿黑顏, 肛交, 調教, 巨乳, 遮眼, 緊身衣, 束縛, 新娘, 兔女郎, 旗袍, 角色扮演, 足交, 狐娘, 塞口器, 吊帶襪, 手套, 手淫, 怪物女孩, 超乳, 和服, 連體衣, 女僕, 中出, 乳環, 連褲襪, 懷孕, 子宮脫, 強暴, 校服, 性玩具, 貧乳, 過膝襪, 泳裝, 長筒靴, 緊身服, 透視, 百合, 穿刺","Pixiv, haku",,中文,558,2022-12-01
JM400488,https://18comic.vip/album/400488/,(C98) [手つかずの青。 (えみりお)] 西住リフレafter school (ガールズ&パンツァー),"巨乳, 校服, 百合, 群交, 性玩具, 調教, 肛交",えみりお,,中文,44,2022-11-28
JM400717,https://18comic.vip/album/400717/,(C80) [NECOTOXIN (狗神煌)] Sous la priere (魔法少女まどか☆マギカ) [中国翻訳],"連褲襪, 百合",狗神煌,,中文,33,2022-11-29
JM399795,https://18comic.vip/album/399795/,[靴下汉化组] [一年戦争 (春夏秋冬鈴)] シビラ蕩れ6 (千年戦争アイギス) [中国翻訳] [DL版],"劇情向, 巨乳, 扶他, 百合, 雙馬尾, 口交, 透視, 中出",春夏秋冬鈴,,中文,28,2022-11-24
JM400500,https://18comic.vip/album/400500/,[Center Of Universe (NOLIA)] おもひびと (艦隊これくしょん -艦これ-) (新版),"巨乳, 和服, 過膝襪, 百合",NOLIA,,中文,42,2022-11-28
JM400214,https://18comic.vip/album/400214/,爱你呦 沙绫!! [北京神马个人汉化] (BanG Dreamer's Party! 2th STAGE) [虹色花火(七草柚月)] 愛してるぜさーや!!(BanG Dream!) [中国翻訳],"非H, 劇情向, 校服, 百合",七草柚月,,中文,18,2022-11-25
JM399678,https://18comic.vip/album/399678/,甜蜜宝贝屋 My Doll House [唯登詩樹],"青年漫, 後宮, 完結, 百合",唯登詩樹,,中文,588,2022-11-23
JM399594,https://18comic.vip/album/399594/,璃奈最親愛的 [EZR個人漢化] (僕らのラブライブ! 34) [zacocom (ざこ)] りなあいディアレスト (ラブライブ! 虹ヶ咲学園スクールアイドル同好会) [中国翻訳],"非H, 劇情向, 百合",ざこ,,中文,37,2022-11-23
JM399547,https://18comic.vip/album/399547/,凉凉子-制服双人,"cosplay, 巨乳, 辦公女郎, 吊帶襪, 內衣, 百合",凉凉子,,,41,2022-11-23
JM1016936,https://18comic.vip/album/1016936/,[沒有漢化 超市扫货個人重嵌] [非凡 (伊丹)] フタナリさんとノンケさん♀バカンス編 [中国翻訳] [無修正] [DL版],"無修正, 扶他, 泳裝, 巨乳, 純愛, 百合, 校服, 野砲, 手交, 口交, 透視, 中出",伊丹,,中文,42,2022-11-23
JM398992,https://18comic.vip/album/398992/,[黎欧出资汉化] [Bubo] 기다림 (原神) [中国翻訳] [カラー化] [無修正],"無修正, 全彩, 百合, 巨乳, 過膝襪",Bubo,,中文,21,2022-11-21
JM399697,https://18comic.vip/album/399697/,学生会副会长矢上小百合在努力 [柚木N/稲光伸二] 生徒会副会長矢上さゆりは頑張っている！,"青年漫, 校園, 劇情向, 完結","柚木N, 稲光伸二",,中文,818,2022-11-23
JM398755,https://18comic.vip/album/398755/,爱犬轻咬的调教方法[前传] -反转 [桃紫 ScoTT_TT] [Digital] [Casablanca (百合太郎)] 甘咬みのしつけかた-反転 [中国翻訳] [無修正] [DL版],"yaoi, 劇情向, 無修正",百合太郎,,中文,63,2022-11-20
JM398568,https://18comic.vip/album/398568/,[芋塚ぱにくる]娜美 × 罗宾,"放尿, 百合, 全彩",芋塚ぱにくる,,中文,7,2022-11-19
JM397281,https://18comic.vip/album/397281/,我就喜欢这样的你 [透明声彩汉化组] [あおいぬ] ありのままのキミが好き (プロジェクトセカイ),"非H, 劇情向, 百合, 并非百合",あおいぬ,,中文,11,2022-11-15
JM397549,https://18comic.vip/album/397549/,[WAFFLE] ぞく・真希ちゃんとなう。,"遊戲CG, 阿黑顏, 肛交, 巨尻, 巨乳, 束縛, 灌腸, 露出, 足交, 吊帶襪, 後宮, 西瓜肚, 熟女, 排泄, 性玩具, 打屁股, 內窺器, 過膝襪, 酷刑, 放尿, 木馬, 百合, 群交","長頼, 只野あきら",,中文,328,2022-11-16
JM399460,https://18comic.vip/album/399460/,樂園的觀測者 [朝比奈吉利] 楽園の観測者 (ブルーアーカイブ) [中国語],"搞笑, 運動服, 百合, 自慰, 舔陰, 透視, 放屁, 排尿",朝比奈吉利,,中文,16,2022-11-22
JM397225,https://18comic.vip/album/397225/,[透明声彩汉化组] (なないろの星ひかりの華-SevenStar ShineFlower-) [1193 (胃ノ中)] Next Film. (少女☆歌劇レヴュースタァライト),"非H, 劇情向, 百合",胃ノ中,,中文,30,2022-11-15
JM397216,https://18comic.vip/album/397216/,[透明声彩汉化组] [No Such Agency (しのぎあさ)] 幼馴染は肉食系⁉今日から身長差百合ップル,"無修正, 百合, 巨乳, 校服, 雙馬尾",しのぎあさ,,中文,25,2022-11-15
JM397224,https://18comic.vip/album/397224/,[WAFFLE] 団地妻となう。,"遊戲CG, 肛交, 巨乳, 口交, 束縛, 吸奶, 出軌, 處女, 灌腸, 女性支配, 足交, 扶他, 眼鏡, 手套, 後宮, 乳汁, 乳膠衣, 乳交, 連褲襪, 喝尿, 懷孕, 排泄, 性玩具, 打屁股, 潮吹, 過膝襪, 假陽具, 放尿, 鞭打, 百合, 群交, 亂倫","只野あきら, 長瀬",,,476,2022-11-15
JM397148,https://18comic.vip/album/397148/,[百合控應該可以進個人漢化] [よるたけ] 開発百合ch1-3 (fanbox) [中国翻訳],"劇情向, 百合, 巨乳, 性玩具, 調教",よるたけ,,中文,12,2022-11-15
JM396747,https://18comic.vip/album/396747/,被最喜欢的女学生控制成为母狗的老师,"藥物, 舔足, 奴隸, 放尿, 百合, 3D, 师生","N/A, GOU",,,63,2022-11-13
JM396105,https://18comic.vip/album/396105/,[不咕鸟汉化组] [シロヤギ] 同人誌サンプル (名探偵コナン) [中国翻訳],"巨乳, 性玩具, 百合",シロヤギ,,中文,36,2022-11-11
JM395800,https://18comic.vip/album/395800/,[灼天] 夜行性 (にじさんじ) [DL版],"Vtuber, 扶他, 人魚娘, 怪物女孩, 百合",灼天,,中文,33,2022-11-10
JM395796,https://18comic.vip/album/395796/,我门共同的秘密 (Lily & Ivy) [Chinese] [白杨汉化组] [焔すばる] いつものヒメゴト (リリー＆アイビー) [DL版] [中国翻訳],"巨乳, 百合, 純愛",焔すばる,,中文,10,2022-11-10
JM396887,https://18comic.vip/album/396887/,紙上的邊界線 [EZR個人漢化] (C95) [UA (寺本薫)] 紙上の境界線 [中国翻訳],"非H, 劇情向, 校服, 百合",寺本薫,,中文,24,2022-11-14
JM395324,https://18comic.vip/album/395324/,[RudySaki] Ojisan,"全彩, 劇情向, 巨乳, 露出, 自慰, 百合, 群交, 口交, 手交, 性转",RudySaki,,中文,18,2022-11-09
JM395312,https://18comic.vip/album/395312/,[ルネ] 巨乳人妻女教師催眠・携帯アプリでセックス中毒！,"遊戲CG, 阿黑顏, 肛交, 豐滿, 綁縛與調教, 巨尻, 巨乳, 泳裝, 口交, 吸奶, 顏射, 辦公女郎, 出軌, 項圈, 處女, 群交, 露出, 顏面騎乘, 女性支配, 拍攝, 吊帶襪, 眼鏡, 飲精, 手淫, 後宮, 超乳, 淩辱, 中出, 亂倫, 乳汁, 內衣, 熟女, 催眠, 侄女, 乳交, 喝尿, 馬尾, 懷孕, 強暴, 校服, 性玩具, 奴隸, 打屁股, 過膝襪, 高個女, 教師, 放尿, 百合",スカイハウス,,,3379,2022-11-09
JM395268,https://18comic.vip/album/395268/,[大受气包烤RO组汉化] [MACKGEE] DP12 xKSVK [中国翻訳],"無修正, 全彩, 巨乳, 女性支配, 手套, 亂倫, 人妻, 連褲襪, 出汗, 百合",MACKGEE,,中文,15,2022-11-09
JM395782,https://18comic.vip/album/395782/,[やきめしもどき (ぴらふもどき)] ほそみちのおく 凪 [Dokiki汉化组],"眼鏡, 子宮脫, 潮吹, 黑肉, 尿道插入, 放尿, 百合",ぴらふもどき,,中文,38,2022-11-10
JM394973,https://18comic.vip/album/394973/,[透明声彩汉化组] [美術部 (しづきみちる)] 細川可南子がみてる いばらの可南子 (マリア様がみてる) [中国翻訳],"非H, 劇情向, 校服, 百合",しづきみちる,,中文,31,2022-11-08
JM394830,https://18comic.vip/album/394830/,山茶花开时 (バンドリ!スターフェスティバル8) [2DASH (望山)] サザンカの咲く頃に (BanG Dream!),百合,望山,,中文,35,2022-11-07
JM395791,https://18comic.vip/album/395791/,皇帝與一等星與女訓練師。 [EZR個人漢化] (C100) [HARVEST MOON (真田一輝)] 皇帝と一等星と女トレーナーと。 (ウマ娘 プリティーダービー) [中国翻訳],"C100, 非H, 百合, 純愛",真田一輝,,中文,34,2022-11-10
JM394636,https://18comic.vip/album/394636/,(个人翻译by：比利的手表) [Kusayarou] ラミアの花嫁 [中国翻訳],"全彩, 性轉, 百合, 巨乳, 黑肉, 怪物女孩, 蛇女, 轉化","Kusayarou, 草野郎",,中文,9,2022-11-07
JM394687,https://18comic.vip/album/394687/,[吸住没碎个人汉化] (C100) [ツンデレラハムカツボルケーノ (しゅーくりいむ)] Idle running (THE IDOLM@STER) [中国翻訳],"C100, 劇情向, 百合",しゅーくりいむ,,中文,24,2022-11-07
JM394970,https://18comic.vip/album/394970/,[百合控別進個人漢化] [よるたけ] 男根百合 (fanbox) [中国翻訳],"劇情向, 百合, 巨乳, 群交, 口交, 透視, 中出",よるたけ,,中文,22,2022-11-08
JM394516,https://18comic.vip/album/394516/,一直都在秘密做的事 [不想署名汉化组] [焔すばる] いつものヒメゴト (リリー＆アイビー) [中国翻訳] [DL版],"劇情向, 巨乳, 出汗, 百合",焔すばる,,中文,8,2022-11-07
JM394346,https://18comic.vip/album/394346/,[不想署名汉化组] [Digital] [コダマナオコ] Domestic Adultery (リリー＆アイビー),"出軌, 亂倫, 百合",コダマナオコ,,中文,17,2022-11-06
JM394041,https://18comic.vip/album/394041/,ネコネコ・パンチュッ! (ねこねこぱんちゅっ) 【私立桃華女学院】小学六年 佐倉井ほのか【変態豚腹拡張レッスン】[中国翻訳],"巨乳, 女性支配, 乳環, 教師, 長筒靴, 百合",ねこねこぱんちゅっ,,中文,13,2022-11-05
JM394521,https://18comic.vip/album/394521/,战士的命运（K记翻译） [Aya Yanagisawa] A Fighters Fate,"全彩, 劇情向, 巨乳, 墮落, 黑肉, 轉化, 吸血鬼, 百合","Aya, Yanagisawa",,中文,10,2022-11-07
JM393784,https://18comic.vip/album/393784/,[蟬Sang] PIXIV UID=25355748,"全彩, 舔足, 百合, 巨乳, 連褲襪",蟬Sang,,中文,68,2022-11-04
JM393709,https://18comic.vip/album/393709/,[逆流茶会] 八重神子の秘密奉仕 (原神),"露出, 過膝襪, 百合, 無修正",逆流茶会,,,34,2022-11-03
JM394969,https://18comic.vip/album/394969/,[百合控勿進個人漢化] [doumou] 私は女の子が好きだったはずなのに 第3話 (COMIC 真激 2022年11月号) [中国翻訳],"劇情向, 巨乳, 校服, 野砲, 亂倫, 透視, 中出",doumou,,中文,20,2022-11-08
JM394312,https://18comic.vip/album/394312/,[Aya Yanagisawa] Love Bites(),"吸血鬼, 百合, 全彩","Aya, Yanagisawa",,中文,13,2022-11-06
JM393519,https://18comic.vip/album/393519/,[酒吧汉化] (例大祭8) [マヒルノソラ、トンガリゴリゴリ (じゃらん、槻山、都並)] ありまり! (東方Project) [中国翻訳],"性玩具, 百合","じゃらん, 槻山, 都並",,中文,34,2022-11-03
JM392685,https://18comic.vip/album/392685/,Fantasy Factory - Raikou,"cosplay, 巨乳, 泳裝, 鬼族, 乳環, 馬尾, 過膝襪, 百合, 無修正, 穿刺",Fantasy-Factory,,,23,2022-11-01
JM392651,https://18comic.vip/album/392651/,融解點尚早。 4 [EZR個人漢化] (コミティア140) [UA (寺本薫)] 融解点にはまだ早い。 4 [中国翻訳],"非H, 劇情向, 百合, 校服",寺本薫,,中文,24,2022-11-01
JM393499,https://18comic.vip/album/393499/,忏悔的奉献 [暗藻ナイト] 懺悔の報酬 (コミックマゾ 1) [中国翻訳],"女性支配, 內衣, 熟女, 修女, 排泄, 長筒靴, 百合",,,中文,20,2022-11-03
JM392650,https://18comic.vip/album/392650/,融解點尚早。 2.5 [EZR個人漢化] (コミティア128) [UA (寺本薫)] 融解点にはまだ早い。 2.5 [中国翻訳],"非H, 劇情向, 百合, 校服, 剧情向",寺本薫,,中文,16,2022-11-01
JM392649,https://18comic.vip/album/392649/,融解點尚早 [EZR個人漢化] (コミティア124) [UA (寺本薫)] 融解点にはまだ早い。 [中国翻訳],"非H, 劇情向, 百合, 校服",寺本薫,,中文,32,2022-11-01
JM392606,https://18comic.vip/album/392606/,K/DA女孩之夜 (djsymq机翻汉化) [Ukaya Masaru Mx] K/DA Girls Night (League of Legends),"全彩, 劇情向, 巨乳, 過膝襪, 百合, 拘束, 性玩具, 群交","Ukaya, Masaru, Mx",,中文,26,2022-11-01
JM392383,https://18comic.vip/album/392383/,[東磨樹] Summer of Love 後編 (淫らな膣穴) [中国翻訳] [DL版],"巨乳, 黑肉, 假陽具, 百合, 處女, 口交, 乳交, 群交, 肛交, 透視, 中出",東磨樹,,中文,18,2022-10-31
JM392359,https://18comic.vip/album/392359/,與妳同享小小的幸福。 (BanG Dream!) [EZR個人漢化] (CIRCLE Space Meeting 2nd) [ざわめきじゃんぼ (ざわめき)] ささやかな幸せを、きみと。 (BanG Dream!) [中国翻訳],"非H, 劇情向, 百合",ざわめき,,中文,22,2022-10-31
JM392318,https://18comic.vip/album/392318/,[ICECAKE] 飞行的训练（小文章）,"全彩, 束縛, 舔足, 百合, 小說",ICECAKE,,中文,50,2022-10-31
JM392317,https://18comic.vip/album/392317/,[ICECAKE] 夏日的象征（小文章）,"全彩, 束縛, 百合, 小說",ICECAKE,,中文,50,2022-10-31
JM392297,https://18comic.vip/album/392297/,[下山ギルコ] 異常な熟肉妻のあやまち [DL版],"肛交, 豐滿, 巨乳, 束縛, 出軌, 吊帶襪, 多毛, 熟女, 人妻, 馬尾, 過膝襪, 百合, 群交, 亂倫, 單行本",下山ギルコ,,日文,263,2022-10-31
JM392200,https://18comic.vip/album/392200/,[镜个人汉化] [JUNK STORY (ミ茶いる)] Horizon (結城友奈は勇者である) [DL版],百合,ミ茶いる,,中文,90,2022-10-30
JM391503,https://18comic.vip/album/391503/,[网上打飞机个人汉化] [なつみんのさーくる (なつみん)] ちょっとエッチな水星の魔女漫画 (機動戦士ガンダム水星の魔女) [中国翻訳],"劇情向, 露出, 百合, 連褲襪",なつみん,,中文,23,2022-10-27
JM391875,https://18comic.vip/album/391875/,[ロムア]机动战队 教廷秘闻,"舔足, 性玩具, 雙馬尾, 百合",ロムア,,中文,18,2022-10-29
JM391702,https://18comic.vip/album/391702/,[透明声彩汉化组] [美術部 (しづきみちる)] その後のリコリス・リコイル (リコリス・リコイル) [中国翻訳] [DL版],"非H, 百合",しづきみちる,,中文,20,2022-10-28
JM391291,https://18comic.vip/album/391291/,[凛一LinYi] 至媚世界第七集 以拯救之名,"巨乳, 漁網襪, 手套, 群交, 修女, 性玩具, 假陽具, 百合, 3D, 劇情向",凛一LinYi,,中文,145,2022-10-26
JM391290,https://18comic.vip/album/391290/,[凛一LinYi] 至媚世界第六集 神明向我俯首,"巨乳, 遮眼, 束縛, 手套, 長筒靴, 雙馬尾, 百合, 3D, 劇情向",凛一LinYi,,中文,160,2022-10-26
JM391374,https://18comic.vip/album/391374/,黏人和黏人 [EZR個人漢化] (C100) [第3形態 (倉)] くっつきむしとくっつきむし (プロジェクトセカイ) [中国翻訳],"C100, 非H, 劇情向, 百合",倉,,中文,18,2022-10-26
JM389994,https://18comic.vip/album/389994/,[伊奈九なるR] ふたなり♂聖グロ～爛れた部活動～ ミルクティー [中国翻訳],"全彩, 劇情向, 扶他, 百合, 校服, 透視, 中出",伊奈九なるR,,中文,10,2022-10-24
JM391385,https://18comic.vip/album/391385/,挑逗與放蕩 [志乃武丹英] ネダリミダラ [中国翻訳],"眼鏡, 性玩具, 過膝襪, 泳裝, 百合, 群交, 單行本",志乃武丹英,,中文,200,2022-10-26
JM389755,https://18comic.vip/album/389755/,[透明声彩汉化组] [れもち] せめられると弱い女の子,百合,れもち,,中文,5,2022-10-23
JM389964,https://18comic.vip/album/389964/,[BLUE氪个人翻译] [しょむ] 私たちは支配されながら犯される…[中国翻訳] [DL版],"阿黑顏, 肛交, 巨乳, 束縛, 顏射, 辦公女郎, 項圈, 處女, 藥物, 露出, 多毛, 淩辱, 熟女, 中出, 連褲襪, 強暴, 性玩具, 奴隸, 過膝襪, 教師, 百合, 群交, 亂倫, 劇情向, 單行本",しょむ,,中文,180,2022-10-24
JM389480,https://18comic.vip/album/389480/,[真不可视汉化组] [MillionServant] 触手中毒 ～変態触手に快楽洗脳されて狂気に堕ちてゆく少女～,"乳環, 腦交, 墮落, 處女, 中出, 催眠, 寄生, 懷孕, 強暴, 校服, 胃部突起, 觸手, 放尿, 百合",MillionServant,,中文,306,2022-10-22
JM389044,https://18comic.vip/album/389044/,[KiwiWizard] 红魔姐妹花的醇香特训,"3D, 巨乳, 顏面騎乘, 放屁, 嗅氣味, 百合, 全彩, 無修正",KiwiWizard,,中文,88,2022-10-20
JM389214,https://18comic.vip/album/389214/,(C100) [EASY MODE HEROS (あなくろ)] 抜けない夕立 (アズールレーン) [中国翻訳] [DL版],"C100, 貓女, 犬娘, 扶他, 手淫, 過膝襪, 狼女, 百合",あなくろ,,中文,23,2022-10-21
JM388772,https://18comic.vip/album/388772/,[雪あすか] 幼女の前でオナニーするわたし (二次元ドリームコミックス) 【中国翻訳】,"劇情向, 巨乳, 吊帶襪, 淫紋, 自慰, 百合, 調教, 透視, 乳汁, 性玩具",雪あすか,,中文,21,2022-10-19
JM388863,https://18comic.vip/album/388863/,[Duokuma] 艦これ 加賀&鹿島憑依 [中国翻訳],"巨乳, 過膝襪, 百合, 憑依, 自慰, 寄生, 中出",Duokuma,,中文,12,2022-10-19
JM388770,https://18comic.vip/album/388770/,[くうねりん] Mermaid Lesson (二次元コミックマガジン 異種姦百合えっち Vol. 2),"巨乳, 泳裝, 自慰, 怪物女孩, 百合",くうねりん,,中文,20,2022-10-19
JM388764,https://18comic.vip/album/388764/,[和馬村政] こいはめ [中国翻訳],"劇情向, 巨乳, 束縛, 貧乳, 百合, NTR, 人妻, 女僕, 和服, 校服, 過膝襪, 處女, 性玩具, 調教, 野砲, 群交, 口交, 乳交, 透視, 中出, 單行本",和馬村政,,中文,232,2022-10-19
JM388498,https://18comic.vip/album/388498/,聖莉莉女子學院性慾負責人 [沒有漢化] [アウェイ田] 聖リリィ女学園性欲処理係り [中国翻訳],"劇情向, 百合, 巨乳, 校服, 過膝襪, 調教, 野砲, 群交, 透視",アウェイ田,,中文,52,2022-10-18
JM388387,https://18comic.vip/album/388387/,[黄记汉化组] (C100) [つゆだくシュガー (すずしも)] 魔法少女のXXXレッスン (まちカドまぞく) [中国翻訳][DL版],"C100, 女惡魔, 扶他, 怪物女孩, 魔法少女, 中出, 百合",すずしも,,中文,27,2022-10-18
JM388050,https://18comic.vip/album/388050/,[でらうえあ] となりのサキュバスちゃん + 8P小冊子,"巨乳, 黑肉, 女惡魔, 眼鏡, 辣妹, 後宮, 怪物女孩, 中出, 懷孕, 過膝襪, 雙馬尾, 百合, 群交, 單行本",でらうえあ,,日文,213,2022-10-17
JM387856,https://18comic.vip/album/387856/,[酒吧汉化] (C86) [いいわけ会社 (樹宮匡平)] 魔理沙とアリスが…っ! (東方Project),"扶他, 手淫, 乳汁, 中出, 乳交, 過膝襪, 透視, 百合",樹宮匡平,,中文,26,2022-10-16
JM389287,https://18comic.vip/album/389287/,[MagicA2] 百合与巧克力,"劇情向, 百合, 巨乳",MagicA2,,中文,45,2022-10-21
JM389288,https://18comic.vip/album/389288/,[酒吧汉化] [山賊の唄 (宝あきひと)] にゃリスがGO! (東方Project) [中文翻译],"阿黑顏, 肛交, 貓女, 性玩具, 百合, 巨乳",宝あきひと,,中文,18,2022-10-21
JM387816,https://18comic.vip/album/387816/,[白ぅ～凪ぃ] 聖天使ユミエル エンドレスフィード,"肛交, 巨乳, 扶他, 乳汁, 魔法少女, 修女, 泳裝, 觸手, 百合, 亂倫, 劇情向, 單行本",白ぅ～凪ぃ,,中文,170,2022-10-16
JM387959,https://18comic.vip/album/387959/,[由雅なおは] 水星の (機動戦士ガンダム 水星の魔女),"黑肉, 百合, 連褲襪",由雅なおは,,,9,2022-10-16
JM387834,https://18comic.vip/album/387834/,[ぴりぷん (ぴりぷん)] Fall of the Wall -Princess Nemesis- (プリンセス・プリンシパル),百合,ぴりぷん,,中文,23,2022-10-16
JM386940,https://18comic.vip/album/386940/,[LeveenSky] 狩猎,"全彩, 肛交, 束縛, 塞口器, 戴面具, 連褲襪, 性玩具, 百合","LeveenSky, Levee",,中文,39,2022-10-13
JM386723,https://18comic.vip/album/386723/,[凛一LinYi] 至媚世界 07 以拯救之名,"假陽具, 百合, 3D",凛一LinYi,,中文,145,2022-10-12
JM387621,https://18comic.vip/album/387621/,[赤銀漢化組] [のん] めーさくいちょいちょ(東方Project),"扶他, 女僕, 百合",のん,,中文,32,2022-10-15
JM387467,https://18comic.vip/album/387467/,[私が一番かわいい(リジネッタさん)]リジネッタさんの冒険 Special Edition,"巨乳, 扶他, 眼鏡, 怪物女孩, 附身, 史萊姆, 觸手, 丸吞, 百合",リジネッタさん,,日文,78,2022-10-14
JM386957,https://18comic.vip/album/386957/,小林與托爾 【小林家的龍女僕再録集】 [EZR個人漢化] [愛さばらし (うさこ)] 小林さんとトールさん 【小林さんちのメイドラゴン再録集】 (小林さんちのメイドラゴン) [中国翻訳],"巨乳, 扶他, 眼鏡, 怪物女孩, 女僕, 手淫, 中出, 貧乳, 過膝襪, 百合",うさこ,,中文,100,2022-10-13
JM386430,https://18comic.vip/album/386430/,[百合控別進個人漢化] [鈴木春暁] いとしの王子さま～イケメンJKが鬼畜理科教師に雌奴隷堕ちさせられるまで～,"劇情向, 百合, 巨乳, 處女, NTR, 校服, 野砲, 調教, 口交, 透視, 中出",鈴木春暁,,中文,24,2022-10-11
JM386425,https://18comic.vip/album/386425/,[ほんだありま] ストレス昇天機構 甘えんじぇる [DL版],"天使, 圍裙, 眼鏡, 修女, 過膝襪, 百合, 群交, 單行本",ほんだありま,,日文,203,2022-10-11
JM386597,https://18comic.vip/album/386597/,月相 [沒有漢化] [みやのゆき] Les Phases de la Lune（二次元コミックマガジン 百合催眠 Vol.1 ）[中国翻訳] [DL版],"劇情向, 催眠, 百合, 校服, 連褲襪, 自慰",みやのゆき,,中文,25,2022-10-12
JM386419,https://18comic.vip/album/386419/,[成海優] 堕落のテンプテーション [DL版],"肛交, 短褲, 項圈, 墮落, 女性支配, 扶他, 手套, 乳膠衣, 內衣, 觸手服, 魔法少女, 催眠, 拒絕高潮, 連褲襪, 乳貼, 乳環, 馬尾, 校服, 過膝襪, 泳裝, 觸手, 雙馬尾, 百合, 換身, 群交, 單行本",成海優,,日文,216,2022-10-11
JM386696,https://18comic.vip/album/386696/,[提灯喵漢化組×大友同好會] (プリティーステークス23R) [すみればたけ (スミレ)] ふたりっきりの湯避行 (ウマ娘 プリティーダービー) [中国翻訳],"劇情向, 非H, 百合, 校服",スミレ,,中文,48,2022-10-12
JM386232,https://18comic.vip/album/386232/,[沒有漢化] [阪本KAFKA]レズ姦！ラブホ女子会（COMICグーチョ vol.12） [中国翻訳],百合,阪本KAFKA,,中文,27,2022-10-10
JM386229,https://18comic.vip/album/386229/,[没有名字汉化组] (名華祭15) [巣ごもり。 (びよん)] 水着メイドまゆみちゃんとの思い出 (東方Project) [中国翻訳],"泳裝, 女僕, 貧乳, 過膝襪, 百合",びよん,,中文,17,2022-10-10
JM386233,https://18comic.vip/album/386233/,摩紀狐美 ~師傅的戀愛模樣2~[沒有漢化] [Digital] [あやね] まきこみ ～師匠恋模様2～ (永遠娘 13) [中国翻訳] [DL版],"貓女, 塞口器, 百合",あやね,,中文,21,2022-10-10
JM386228,https://18comic.vip/album/386228/,長有翅膀的妳 (BanG Dream!) [Chinese] [EZR個人漢化] (CIECLE Space Meeting 1st) [ヨアケ行燈 (かうちぽてと)] つばさのはえたあなた (BanG Dream!) [中国翻訳],百合,かうちぽてと,,中文,17,2022-10-10
JM385986,https://18comic.vip/album/385986/,(C100) [Black lacquer (黒漆)] Cover me! (艦隊これくしょん -艦これ-),"C100, 緊身衣, 項圈, 手套, 乳膠衣, 百合",黒漆,,日文,28,2022-10-09
JM386226,https://18comic.vip/album/386226/,无法自拔,"換身, 手淫, 校服, 百合, 3D",醉臥星河,,,138,2022-10-10
JM385967,https://18comic.vip/album/385967/,[EZR個人漢化] (CIECLE Space Meeting 2nd) [ヨアケ行燈 (かうちぽてと)] わたしだけのスーパーアイドル (BanG Dream!),百合,かうちぽてと,,中文,17,2022-10-09
JM385787,https://18comic.vip/album/385787/,我来爱情旅馆了（虹之星汉化组） (虹色の情景) [帰宅時間 (きたく)] ラブホに来た。 (ラブライブ! 虹ヶ咲学園スクールアイドル同好会),百合,きたく,,中文,22,2022-10-08
JM385975,https://18comic.vip/album/385975/,[酒吧汉化] (東方合同イベント2022新春!) [さやかた紅茶館 (さやかたかつみ)] 恋愛マエダミツヨ方式 (東方Project),"非H, 百合",さやかたかつみ,,中文,25,2022-10-09
JM385957,https://18comic.vip/album/385957/,[臭鼬娘漢化組] [角材] 魔女のうんこを食べるスライム娘,"糞便, 多毛, 怪物女孩, 排泄, 史萊姆娘, 女巫, 透視, 百合",角材,,中文,7,2022-10-09
JM385723,https://18comic.vip/album/385723/,[小星星] DOA女格斗家的淫史 外传,"眼鏡, 百合, 3D",小星星,,,103,2022-10-08
JM385473,https://18comic.vip/album/385473/,阴核射精神秘黄昏～史莱姆陷阱～【巨神灵基弥热情汉化】 [猫畑 (紫☆にゃ～)] 陰核射精ミスティックヴェスパー ～スライム使いの罠～,"劇情向, 巨乳, 緊身衣, 束縛, 扶他, 手套, 觸手, 丸吞, 百合",紫☆にゃ～,,中文,25,2022-10-07
JM385358,https://18comic.vip/album/385358/,[お湯ふかと] ユウリちゃん ポケモンごっこちゃんに全裸にされペットのように扱われる+マリィちゃんお仕置き開始+拘束 ソニアさんがお仕置きされる [一只麻利的鸽子汉化],"束縛, 電擊, 百合",お湯ふかと,,中文,42,2022-10-07
JM385405,https://18comic.vip/album/385405/,[Lowsen个人汉化] [台北人 (虫ハラ)] Record and Recording (リコリス・リコイル),"純愛, 百合, 巨乳, 扶他, 雙馬尾",虫ハラ,,中文,23,2022-10-07
JM384894,https://18comic.vip/album/384894/,[BLUE氪个人翻译] [墓場] 闇生徒会長 [中国翻訳] [DL版],"肛交, 綁縛與調教, 遮眼, 身體改造, 束縛, 塞口器, 手套, 乳膠衣, 女僕, 性玩具, 人妖, 奴隸, 假陽具, 長筒靴, 百合, 群交, 單行本, 人口贩卖, 扶她",墓場,,中文,217,2022-10-06
JM384775,https://18comic.vip/album/384775/,[土星冰淇淋汉化] (C100) [MIX-ISM (犬威赤彦)] クゥすみがイチャイチャするまで外れません! (ラブライブ! スーパースター!!) [中国翻訳],"C100, 非H, 劇情向, 百合",犬威赤彦,,中文,25,2022-10-05
JM384997,https://18comic.vip/album/384997/,[酒吧汉化] (C99) [矢ハイ (あおい)] あなたに言うべき好きの2文字 (東方Project) (中文翻译),"C99, 劇情向, 非H, 百合",あおい,,中文,31,2022-10-06
JM384762,https://18comic.vip/album/384762/,和愛抖露兩格即做愛的本。 [吸住没碎个人汉化] [重力堂 (ロックハート)] アイドルと2コマでHする本。 (アイドルマスター ミリオンライブ!) [中国翻訳] [DL版],"巨乳, 貧乳, 和服, 校服, 百合, 群交, 中出",ロックハート,,中文,22,2022-10-05
JM384758,https://18comic.vip/album/384758/,[愛染五郎] 百合と剣 (すきずむ) [中国翻訳] [DL版],"巨乳, 眼鏡, 馬尾, 百合, 群交",愛染五郎,,中文,20,2022-10-05
JM384771,https://18comic.vip/album/384771/,[酒吧汉化] [山賊の唄 (宝あきひと)] アリスマッサージ (東方Project) [中国翻訳] [DL版],"百合, 口交, 扶他, 透視, 中出",宝あきひと,,中文,19,2022-10-05
JM384750,https://18comic.vip/album/384750/,[POISON] 家庭教師X催眠2 ～絶対従順、高飛車姉妹をドスケベ淫乱に催眠操作～,"CG, 阿黑顏, 肛交, 巨尻, 巨乳, 遮眼, 口交, 束縛, 吸奶, 項圈, 黑肉, 露出, 女性支配, 足交, 塞口器, 手套, 多毛, 手淫, 超乳, 淩辱, 中出, 乳汁, 內衣, 女僕, 熟女, 催眠, 乳交, 連褲襪, 喝尿, 馬尾, 懷孕, 強暴, 校服, 性玩具, 過膝襪, 假陽具, 家教, 透視, 百合, 群交","ORU, 空巣, POISON",,,1202,2022-10-05
JM384748,https://18comic.vip/album/384748/,爱犬轻咬的调教方法 [桃紫 ScoTT_TT] [Casablanca (百合太郎)] 甘咬みのしつけかた [中国翻訳] [無修正] [DL版],"無修正, yaoi, 劇情向, 肛交, 中出",百合太郎,,中文,47,2022-10-05
JM384460,https://18comic.vip/album/384460/,(C71) [海月堂 (地獄先生ひろべ～)] チューMIX (名探偵コナン),"劇情向, 巨乳, 出軌, 手淫, 百合",地獄先生ひろべ～,,中文,32,2022-10-04
JM384708,https://18comic.vip/album/384708/,(C100) [樹液 (叙庵ヌ。)] ゆかりちゃん‼ きもちーコトしてあげる (VOICEROID) [DL版],"C100, 泳裝, 遮眼, 束縛, 貧乳, 瘙癢, 百合",叙庵ヌ。,,日文,18,2022-10-05
JM384723,https://18comic.vip/album/384723/,[想要尽情玩弄你汉化] (例大祭18) [巣ごもり。 (びよん)] 袿姫先輩と後輩磨弓ちゃん (東方Project) [中国翻訳],"劇情向, 百合",びよん,,中文,34,2022-10-05
JM384284,https://18comic.vip/album/384284/,[超勇汉化组] [F宅 (安間)] イヤだと言えない地味系少女とあかすりエステ [中国翻訳] [DL版],"巨乳, 強暴, 群交, 百合, 透視, 中出, 乳交, 浴衣",安間,,中文,49,2022-10-03
JM384010,https://18comic.vip/album/384010/,"[酒吧汉化] (例大祭10) [Cloud Palette (黒夢奈音, 紅薙ようと)] アリマリこづくり (東方Project)","巨乳, 扶他, 手淫, 百合","黒夢奈音, 紅薙ようと",,中文,34,2022-10-02
JM383662,https://18comic.vip/album/383662/,(C100) [MIX-ISM (犬威赤彦)] クゥすみがイチャイチャするまで外れません! (ラブライブ! スーパースター!!),"C100, 非H, 劇情向, 百合",犬威赤彦,,日文,26,2022-09-30
JM383822,https://18comic.vip/album/383822/,[龍蓮个人汉化] [みいら] 忍者Vtuber百合催眠 (忍音ニコ、ももちもも) [中国翻訳],催眠,みいら,,中文,18,2022-10-01
JM384023,https://18comic.vip/album/384023/,[沒有漢化]百合花園也有蟲 ch11 [Chinese],"非H, 眼鏡, 修女",はせべso鬱,,中文,19,2022-10-02
JM383598,https://18comic.vip/album/383598/,(C100) [ツンデレラハムカツボルケーノ (しゅーくりいむ)] Idle running (アイドルマスター),"C100, 劇情向, 百合",しゅーくりいむ,,日文,24,2022-09-30
JM384043,https://18comic.vip/album/384043/,[透明声彩汉化组] [Digital] [夢幻機動舎 (比良泉)] うさぎTrick~Hat Trick (ご注文はうさぎですか?) [中国翻訳] [DL版],"群交, 雙馬尾, 百合",比良泉,,中文,40,2022-10-02
JM382789,https://18comic.vip/album/382789/,[四等两足牲口个人汉化] [聖華快楽書店 (池田靖宏)] スライムパンデミック ―エナジードレインでスライムにやりたい放題される姫騎士物語― [中国翻訳],"肛交, 墮落, 扶他, 附身, 史萊姆娘, 百合, 全彩",池田靖宏,,中文,37,2022-09-28
JM382902,https://18comic.vip/album/382902/,[ほんだありま] 特殊看護専門学校 ごほうし学園 [DL版],"劇情向, 巨乳, 圍裙, 眼鏡, 護士, 過膝襪, 雙馬尾, 百合, 群交, 單行本",ほんだありま,,日文,202,2022-09-28
JM382909,https://18comic.vip/album/382909/,扶她百合節奏1+0 [EZR個人漢化] (C99) [ししゃもハウス (あらきあきら)] ふたゆりずむ1+0 [中国翻訳] [DL版],"C99, 肛交, 口交, 扶他, 眼鏡, 手淫, 中出, 性玩具, 貧乳, 假陽具",あらきあきら,,中文,70,2022-09-28
JM382602,https://18comic.vip/album/382602/,Hidori Rose & Mikomi Hokina - Atago & Takao,"cosplay, 巨尻, 巨乳, 泳裝, 項圈, 犬娘, 吊帶襪, 手套, 內衣, 軍服, 連褲襪, 過膝襪, 百合, 無修正","Hidori-Rose, Mikomi-Hokina",,,30,2022-09-27
JM382554,https://18comic.vip/album/382554/,内裤形似主义 [紫☆にゃ~] パンツ状のものを穿いたまま主義 (TENMACOMICS G4M) [中国翻訳] [DL版],"巨乳, 短褲, 口交, 黑肉, 女惡魔, 顏面騎乘, 女性支配, 扶他, 吊帶襪, 手套, 手淫, 乳膠衣, 女僕, 軍服, 馬尾, 學校泳裝, 性玩具, 過膝襪, 假陽具, 泳裝, 觸手, 長筒靴, 鞭打, 透視, 百合, 群交, 單行本",紫☆にゃ~,,中文,215,2022-09-27
JM382418,https://18comic.vip/album/382418/,(C100) [Tの弐乗 (タイタン)] 夢ハ取り扱い注意ニテ (まちカドまぞく),"C100, 全彩, 巨乳, 女惡魔, 醉酒, 怪物女孩, 百合",タイタン,,日文,32,2022-09-26
JM382198,https://18comic.vip/album/382198/,(C100) [EDGE WORTH (ハムハム)] 部室で3P百合トロピカ (トロピカル～ジュ!プリキュア),"C100, 劇情向, 百合, 怪物女孩",ハムハム,,日文,44,2022-09-26
JM382083,https://18comic.vip/album/382083/,[白杨汉化组] [ジンギスカンの玉葱は俺の嫁 (谷口さん)] 君になる～美遊編～ (Fate/kaleid liner プリズマ☆イリヤ) [中国翻訳],"百合, 魔法少女, 過膝襪",谷口さん,,中文,11,2022-09-25
JM382266,https://18comic.vip/album/382266/,[墓場] 闇生徒会長 [DL版],"肛交, 綁縛與調教, 遮眼, 身體改造, 束縛, 塞口器, 手套, 乳膠衣, 女僕, 性玩具, 人妖, 奴隸, 假陽具, 長筒靴, 百合, 群交, 單行本",墓場,,日文,219,2022-09-26
JM382054,https://18comic.vip/album/382054/,] [百合控勿進個人漢化] [Digital] [doumou] 私は女の子が好きだったはずなのに 第2話 (COMIC 真激 2022年6月号) [中国翻訳] [DL版],巨乳,doumou,,中文,46,2022-09-25
JM381994,https://18comic.vip/album/381994/,[白杨汉化组] [Happiness (あいそい)] 剣道少女の秘密,"性勒索, 放尿, 百合",あいそい,,中文,46,2022-09-25
JM382053,https://18comic.vip/album/382053/,這樣就是共犯了吧？([沒有漢化] (僕らのラブライブ! 24) [徒歩三分 (チャダ)] これで共犯だね? (ラブライブ! サンシャイン!!) [中国翻訳],"群交, 百合",チャダ,,中文,31,2022-09-25
JM381820,https://18comic.vip/album/381820/,[A-WALKs (藤島製1号)] 百合に告られて女装プレイさせられる話 [中国翻訳],"扶他, 校服, 出汗, 透視, 女装, 不是扶她是女装",藤島製1号,,中文,29,2022-09-24
JM381154,https://18comic.vip/album/381154/,(C91) [AM:TIGER (とらん)] ある魔女の幻想 (東方Project) [中国翻訳],"非H, 劇情向, 百合",とらん,,中文,71,2022-09-22
JM380842,https://18comic.vip/album/380842/,[Happiness (あいそい)] 剣道少女の秘密(コンプレックス) [透明声彩汉化组],"劇情向, 百合",あいそい,,中文,46,2022-09-21
JM380796,https://18comic.vip/album/380796/,(C100) [葉月軒] 花に雪灯り (ラブライブ!),"C100, 非H, 劇情向, 百合, 校服, 浴衣",葉月軒,,日文,26,2022-09-21
JM380558,https://18comic.vip/album/380558/,(C100) [ろーぷあいらんど (みやのゆき)] 「ゆい、わたし告白されちゃった」 (デリシャスパーティ♡プリキュア) [DL版],"C100, 劇情向, 百合",みやのゆき,,日文,18,2022-09-20
JM380356,https://18comic.vip/album/380356/,[みいら] Skeb依頼よその子洗脳連鎖堕ち漫画 [龍蓮个人汉化],"妖精, 巨乳, 過膝襪, 藥物, 催眠, 百合, 淫紋, 非百合",みいら,,中文,10,2022-09-20
JM380312,https://18comic.vip/album/380312/,（异界小卖部出资汉化） [えびてん] FORBBIDEN INFIRMARY,"項圈, 女性支配, 馬尾, 校服, 性玩具, 奴隸, 百合, 3D, 露出",えびてん,,中文,39,2022-09-19
JM380468,https://18comic.vip/album/380468/,100天百合作画挑战 [綠茶漢化] [ムロマキ] 100日百合チャレンジ,"全彩, 非H, 百合, 校服",ムロマキ,,中文,4,2022-09-20
JM380663,https://18comic.vip/album/380663/,[沒有漢化] [Koyomania] TakiChisa manga set after episode 9 (リコリス・リコイル) [中国翻訳],"非H, 百合, 校服",Koyomania,,中文,16,2022-09-20
JM379734,https://18comic.vip/album/379734/,(C100)【鬼畜王汉化组】[ギャンブラー倶楽部 (香坂純)] PM GALS LEGENDS (Pokémon LEGENDS アルセウス),"C100, 大乳暈, 巨乳, 口交, 百合, 群交",香坂純,,中文,26,2022-09-17
JM379985,https://18comic.vip/album/379985/,[沒有漢化]百合花園也有蟲 ch10 [Chinese],"非H, 眼鏡, 修女",はせべso鬱,,中文,17,2022-09-18
JM379753,https://18comic.vip/album/379753/,（K记翻译） [OrionArt] Unwanted Fusion,"身體改造, 墮落, 乳汁, 觸手, 轉化, 百合",OrionArt,,中文,12,2022-09-17
JM379974,https://18comic.vip/album/379974/,[大贤者] 克隆情侣,"口交, 舔足, 中出, 過膝襪, 百合, 3D",大贤者,,,207,2022-09-18
JM378812,https://18comic.vip/album/378812/,[靴下汉化组] (C89) [一年戦争 (春夏秋冬鈴)] シビラ蕩れ3 (千年戦争アイギス) [中国翻訳] [DL版],"劇情向, 扶他, 口交, 手交, 調教, 百合, 性玩具, 觸手, 尿道插入",春夏秋冬鈴,,中文,29,2022-09-14
JM379295,https://18comic.vip/album/379295/,[かわもりみさき] 熟れ妻遊戯 めぐみさんは息子の彼女 ： 2 [DL版],"巨乳, 黑肉, 後宮, 熟女, 中出, 雙馬尾, 百合, 群交, 單行本",かわもりみさき,,日文,198,2022-09-16
JM378808,https://18comic.vip/album/378808/,(例大祭11) [矢ハイ (よろず)] the witches (東方Project) (中文翻译),"非H, 劇情向, 女巫, 百合",よろず,,中文,122,2022-09-14
JM376647,https://18comic.vip/album/376647/,[しおこんぶ] Fanaticism [無邪気漢化組][MJK-22-D2850][無修正],"無修正, 重口, NTR, 群交, 劇情向, 強暴, 女僕, 巨乳, 純愛, 藥物, 阿黑顏, 自慰, 肛交, 束縛, 調教, 熟女, 百合, 人妻, 露出, 催眠, 連褲襪",しおこんぶ,,中文,246,2022-09-08
JM378051,https://18comic.vip/album/378051/,[影之音个人汉化] [Digital] [あいいろさくら (相川りょう)] 空母ヲ級ちゃんの島風百合奴隷調教～完結編～ (艦隊これくしょん -艦これ-),"肛交, 項圈, 中出, 性玩具, 過膝襪, 觸手, 百合, 劇情向",相川りょう,,中文,27,2022-09-11
JM377677,https://18comic.vip/album/377677/,自甘堕落+不甘堕落+同流合污,"快速成長, 巨乳, 女惡魔, 扶他, 手淫, 貧乳, 轉化, 百合, 3D, 性转, 性转换",醉卧星河,,,171,2022-09-10
JM376766,https://18comic.vip/album/376766/,[白杨汉化组×透明声彩汉化组] [Deadnoodles] KーKー… (ラブライブ!スーパースター!!) [中国翻訳],"全彩, 連褲襪, 校服, 百合",Deadnoodles,,中文,6,2022-09-08
JM377182,https://18comic.vip/album/377182/,[透明声彩汉化组] (C100) [ジャム理科 (まどかひふみ)] 侑ちゃんにオナバレしちゃった!! (ラブライブ!虹ヶ咲学園スクールアイドル同好会) [中国翻訳],"C100, 百合, 露出, 自慰",まどかひふみ,,中文,26,2022-09-08
JM376634,https://18comic.vip/album/376634/,美咲漫画  [白神×take个人汉化] [のん]めーさく漫画(東方project)[中国翻訳],"全彩, 項圈, 女僕, 性玩具, 過膝襪, 百合",のん,,中文,12,2022-09-08
JM376625,https://18comic.vip/album/376625/,[黎欧出资汉化] [ワールドオブピュア (ネゴム)] えっちですよ刻晴さん! (原神) [中国翻訳],"巨乳, 雙馬尾, 百合",ネゴム,,中文,42,2022-09-07
JM376611,https://18comic.vip/album/376611/,天使的牧场 前篇 (COMIC ExE 37)  [提灯喵汉化组]  [match] 天使の牧場 前編,"百合, 校服, 劇情向, 非H",match,,中文,42,2022-09-07
JM376020,https://18comic.vip/album/376020/,[沒有漢化] [ときわゆたか] ワンコインラブ （二次元コミックマガジン 百合催眠 Vol.1 ）[中国翻訳] [DL版],"催眠, 性玩具, 百合","ときわゆたか], ときわゆたか",,中文,23,2022-09-06
JM376181,https://18comic.vip/album/376181/,(C100) [ねこのてしょぼう (ねこんた)] [ねこのてしょぼう (ねこんた)] 妖娘 -あやかしむすめ- (オリジナル) [中国翻訳] [DL版],"C100, 乳環, 巨乳, 乳汁, 怪物女孩, 強暴, 觸手, 放尿, 百合",ねこんた,,中文,31,2022-09-07
JM375624,https://18comic.vip/album/375624/,(砲雷撃戦!よーい!二十九戦目) [もなかうどん (モニカノ)] 重巡洋艦 プリンツ 尋問調書 (艦隊これくしょん -艦これ-)[中国翻訳],"束縛, 女性支配, 百合, 全彩",モニカノ,,中文,19,2022-09-05
JM375366,https://18comic.vip/album/375366/,【黑条汉化】 [スパイラルブレーン] 百合種穢し (機動戦士ガンダムSEED) [中国翻訳],"科幻, 口交, 足交, 軍服, 連褲襪, 百合, 群交",スパイラルブレーン,,中文,30,2022-09-05
JM375368,https://18comic.vip/album/375368/,[上校汉化] [Null (nyanpoun)] Unnamed (ストライクウィッチーズ) [中国翻訳] [DL版],"肛交, 貓女, 女性支配, 乳膠衣, 巨乳, 性玩具, 過膝襪, 百合, 全彩",nyanpoun,,中文,13,2022-09-05
JM375622,https://18comic.vip/album/375622/,來不及做完暑假作業的少女與誘惑力無窮的班長的故事 [沒有漢化] [アウェイ田]夏休みの宿題が全然終わってないギャルと誘惑が多すぎる委員長の百合 [中国翻訳],"非H, 劇情向",アウェイ田,,中文,5,2022-09-05
JM375204,https://18comic.vip/album/375204/,[ホークビット (孝至)] 復讐専用車両 (オリジナル),"大乳暈, 巨乳, 項圈, 強暴, 校服, 性玩具, 假陽具, 百合, 性转, 肛交, 双穴插入",孝至,,中文,62,2022-09-04
JM375255,https://18comic.vip/album/375255/,[土星冰淇淋汉化] (C100) [パンジー幼稚園きつね組 (vorupi)] ONSEN on WEEKEND? (ラブライブ!スーパースター!!)[中国翻訳] [DL版],"C100, 非H, 百合",vorupi,,中文,28,2022-09-05
JM325146,https://18comic.vip/album/325146/,[凛一LinYi]至媚世界,"巨乳, 口交, 藥物, 露出, 高叉馬步, 乳膠衣, 內衣, 修女, 過膝襪, 長筒靴, 百合, 3D, 劇情向",凛一LinYi,,中文,610,2022-03-24
JM374530,https://18comic.vip/album/374530/,[偶像大師遠勝LL個人漢化](C100) [潜伏場所 (犯人B)] 責められ千夜ちゃん (アイドルマスター シンデレラガールズ),"C100, 百合, 束縛",犯人B,,中文,26,2022-09-02
JM375605,https://18comic.vip/album/375605/,[甜橙汉化组] [ざんか]【創作百合】猫耳メイドさんとお嬢様 [中国翻訳],"非H, 貓女, 女僕",ざんか,,中文,36,2022-09-05
JM374496,https://18comic.vip/album/374496/,[想要尽情玩弄你汉化] (コミティア140) [ほむら屋★プレアデス (焔すばる)] サレタイホウダイ [中国翻訳],"巨乳, 束縛, 女性支配, 援交, 潮吹, 雙馬尾, 百合",焔すばる,,中文,19,2022-09-02
JM375341,https://18comic.vip/album/375341/,[EZR個人漢化] [玉砕島 (38式)] エロい瑞鈴川総集編 (艦隊これくしょん -艦これ-) [中国翻訳] [DL版],"肛交, 聖誕裝, 舔足, 群交, 連褲襪, 性玩具, 雙馬尾, 百合",38式,,中文,200,2022-09-05
JM374316,https://18comic.vip/album/374316/,[EZR個人漢化] (全空の覇者 11) [ボの字 (水瀬ワコ)] 夢の影 (グランブルーファンタジー) [中国翻訳],"女性向, 多毛, 內衣, 百合",水瀬ワコ,,中文,30,2022-09-02
JM374071,https://18comic.vip/album/374071/,[黑锅汉化组] [黑锅汉化组] (C100) [まりも屋 (もりまりも)] CHALDEA GIRLS COLLECTION 白百合の王妃カラオケデートで制服&コスプレHしちゃう本 (Fate/Grand Order) [中国翻訳],"C100, 純愛, 校服, 雙馬尾, 透視",もりまりも,,中文,27,2022-09-01
JM374197,https://18comic.vip/album/374197/,[EZR個人漢化] (C99) [ヘタレアーツ (BLACKHEART)] pas de deux (グランブルーファンタジー) [中国翻訳],"C99, 狐娘, 過膝襪, 百合",BLACKHEART,,中文,21,2022-09-01
JM373985,https://18comic.vip/album/373985/,(C100) [つゆだくシュガー (すずしも)] 魔法少女のXXXレッスン (まちカドまぞく) [DL版],"C100, 女惡魔, 扶他, 怪物女孩, 魔法少女, 中出, 百合",すずしも,,日文,26,2022-08-31
JM373683,https://18comic.vip/album/373683/,[禁漫漢化組] (C100) [Xabe Shrine (Xabe、よぐちゃん)] 往生Impact (原神)[中国翻訳],"C100, 百合, 禁漫漢化組, 禁漫書庫","Xabe, よぐちゃん",,中文,24,2022-08-30
JM373740,https://18comic.vip/album/373740/,恋色极限可爱突袭 [主角组吧汉化组] [Rainbow Vanilla (祭唄)] 恋色マスターラブリーストライク (東方Project) [中国翻訳],"非H, 劇情向, 藥物, 百合",祭唄,,中文,32,2022-08-30
JM374259,https://18comic.vip/album/374259/,[剛田ナギ] キスからはじまる百合リズム [DL版],"百合, 單行本",剛田ナギ,,日文,184,2022-09-01
JM372487,https://18comic.vip/album/372487/,[核_弹] - 縛られた (Pixiv ID 9195323),"3D, 束縛, 塞口器, 百合",核_弹,,中文,81,2022-08-27
JM373235,https://18comic.vip/album/373235/,(C100) [ねこのてしょぼう (ねこんた)] 妖娘 -あやかしむすめ- (オリジナル) [DL版],"C100, 乳環, 巨乳, 乳汁, 怪物女孩, 強暴, 觸手, 放尿, 百合",ねこんた,,日文,31,2022-08-30
JM372238,https://18comic.vip/album/372238/,[某国大統領] 甘酒で酔う姉と飲ませたい妹 [中国翻訳],"百合, 露出",某国大統領,,中文,12,2022-08-26
JM371885,https://18comic.vip/album/371885/,(C100) [FONETRASON (竜灯おりす)] 煌盾戦姫エルセイン 敗牝症候群 トラウマ克服特訓編 (オリジナル) [DL版],"C100, 阿黑顏, 窒息, 巨乳, 乳汁, 強暴, 性玩具, 摔跤, 百合, 劇情向",竜灯おりす,,日文,34,2022-08-26
JM372222,https://18comic.vip/album/372222/,【百合本系列二】如果早知道多莉会这么勇♀,"百合, 3D",N/A,,中文,61,2022-08-26
JM371031,https://18comic.vip/album/371031/,“永恒”之旅（K记翻译） [Pop-Lee] The Eternal Journey,"全彩, 巨乳, 口交, 催眠, 群交, 無修正, 墮落, 眼鏡, 後宮, 馬尾, 轉化, 吸血鬼, 百合",Pop-Lee,,中文,50,2022-08-23
JM373236,https://18comic.vip/album/373236/,(C100) [YOU2HP (YOU2)] でぃあ♥まい りとるしすたぁ (マギアレコード 魔法少女まどか☆マギカ外伝) [DL版],"C100, 扶他, 中出, 過膝襪, 百合",YOU2,,日文,26,2022-08-30
JM370962,https://18comic.vip/album/370962/,[恋河ミノル] エデンズリッター淫悦の聖魔騎士ルシフェル編 THE COMIC [DL版],"乳環, 肛交, 巨乳, 口交, 扶他, 手套, 乳汁, 觸手服, 魔法少女, 中出, 修女, 強暴, 過膝襪, 觸手, 長筒靴, 百合, 群交, 劇情向, 單行本, 异种",恋河ミノル,,日文,264,2022-08-23
JM373983,https://18comic.vip/album/373983/,[黎欧出资汉化] (C100) [きのこなべ避難所 (まいたけ)] 刻甘禁止! (原神) [中国翻訳],"C100, 非H, 百合",まいたけ,,中文,34,2022-08-31
JM370957,https://18comic.vip/album/370957/,扶她社畜与石化女友 [しまなみ] ふたなり社畜さんと石化ノジョ [中国語],"巨乳, 百合, 扶他, 大乳头",しまなみ,,中文,29,2022-08-23
JM370612,https://18comic.vip/album/370612/,[EnderAnswer] 海螺市少女的故事,"全彩, 束縛, 調教, 百合",EnderAnswer,,中文,46,2022-08-22
JM370789,https://18comic.vip/album/370789/,(C87)[チーズ酵母 (なか)] jelly a la mode vol.2 [中国翻訳] [DL版],"C87, 窒息, 遮眼, 緊身衣, 束縛, 項圈, 藥物, 女性支配, 乳膠衣, 百合",なか,,中文,37,2022-08-23
JM370399,https://18comic.vip/album/370399/,甜蜜的破碎音符/あまく こわれる おんがく,"女性向, 完結",長谷部百合,,,190,2022-08-22
JM370340,https://18comic.vip/album/370340/,讓我來教會妳何謂男人～男大姐和百合女子～/アタシが男をおしえてアゲル～オネエと百合女子～,"女性向, 完結",ふじい葛西,,,145,2022-08-22
JM369681,https://18comic.vip/album/369681/,[银色庭园汉化组] (C99) [京まじょ! (上村なびあ)] ふたり寄り添うその日まで (魔法少女まどか☆マギカ) [中国翻訳] [DL版],"C99, 百合, 劇情向",上村なびあ,,中文,11,2022-08-21
JM369854,https://18comic.vip/album/369854/,[Only the star个人汉化] (C100)[謎のジャンボシャコマン (Richard Li)] ヴァージンスノーのあとに (戦艦少女R) [中国翻訳] [DL版],"C100, 束縛, 機械姦, 性玩具, 注射器, 觸手, 百合","Richard, Li",,中文,31,2022-08-21
JM369887,https://18comic.vip/album/369887/,(C100) [ジャム理科 (まどかひふみ)] 侑ちゃんにオナバレしちゃった!! (ラブライブ! 虹ヶ咲学園スクールアイドル同好会),"C100, 手淫, 百合",まどかひふみ,,日文,24,2022-08-22
JM369526,https://18comic.vip/album/369526/,(C81) [ほむら屋 (焔すばる)] マジョ☆サキュ [中国翻訳],"女巫, 魅魔, 百合",焔すばる,,中文,23,2022-08-19
JM369525,https://18comic.vip/album/369525/,[Sowgassner个人汉化] (秋季例大祭6) [らーめんらいす (らじー)] 酔と宵 (東方Project) [中国翻訳],"醉酒, 百合",らじー,,中文,22,2022-08-19
JM369436,https://18comic.vip/album/369436/,(C100) [趣味絵師] 彼女の身体お借りします (彼女、お借りします) [DL版],"C100, 百合, 巨乳, 附身",趣味絵師,,日文,29,2022-08-19
JM369366,https://18comic.vip/album/369366/,[TSFSingularity (Ravenhart)] switch Time 2,"無修正, 巨乳, 百合, 口交, 群交","Ravenhart, TSFSingularity",,中文,27,2022-08-18
JM369507,https://18comic.vip/album/369507/,(C100) [Link2汉化组] [Digital] [春待氷柱 (名宵)] 可視恋人 [中国翻訳],"C100, 百合, 换身",名宵,,中文,30,2022-08-19
JM369523,https://18comic.vip/album/369523/,误入歧途 ~無職の兄は双子の妹になり、サキュバスに堕ちる~,"3D, 女惡魔, 扶他, 校服, 雙胞胎, 百合",醉卧星河,,中文,107,2022-08-19
JM369353,https://18comic.vip/album/369353/,NinJA阿寨寨&千煌弑夜 EVELYNN 1.0,"cosplay, 內衣, 過膝襪, 百合","NinJA阿寨寨, 千煌弑夜",,,20,2022-08-18
JM366869,https://18comic.vip/album/366869/,[透明声彩汉化组×白杨汉化组] (僕らのラブライブ! 33) [帰宅時間 (きたく)] 虹色体験 (ラブライブ! 虹ヶ咲学園スクールアイドル同好会) [中国翻訳],"校服, 群交, 百合",きたく,,中文,25,2022-08-07
JM368838,https://18comic.vip/album/368838/,(C100) [CELTRANCE (虎顎かずや)] 桃さんの明るいシャミ堕ち計画 (まちカドまぞく) [DL版],"C100, 女惡魔, 怪物女孩, 百合",虎顎かずや,,日文,30,2022-08-18
JM368833,https://18comic.vip/album/368833/,[禁漫漢化組] (C100) [安堂SAIGA] 八重神子×雷電 クリ責め (原神) [中国翻訳],"C100, 百合, 過膝襪, 狐女, 禁漫漢化組, 禁漫書庫",安堂SAIGA,,中文,23,2022-08-18
JM368746,https://18comic.vip/album/368746/,(C100) [ギャンブラー倶楽部 (香坂純)] PM GALS LEGENDS (Pokémon LEGENDS アルセウス) [DL版],"C100, 大乳暈, 巨乳, 口交, 百合, 群交",香坂純,,日文,26,2022-08-17
JM368730,https://18comic.vip/album/368730/,(C100) [憑依ラヴァー (柊ぽぷら、憑依好きの人)] 封魂の退魔巫女～母娘が悪霊に染まり乗っ取られるまで～ [中国語] [DL版],"C100, 墮落, 亂倫, 附身, 觸手, 百合, 全彩, 巫女","柊ぽぷら, 憑依好きの人",,中文,58,2022-08-17
JM368735,https://18comic.vip/album/368735/,从雾雨小姐那寄来的信到了 [主角组吧汉化组] [一味三昧 (13)] 霧雨さんからお手紙ついた (東方Project) [中国翻訳] [DL版],"非H, 百合, 劇情向",13,,中文,31,2022-08-17
JM368704,https://18comic.vip/album/368704/,[Chen] 魔袋,"巨乳, 百合, 群交, 3D",Chen,,中文,87,2022-08-17
JM368721,https://18comic.vip/album/368721/,[Pixiv] 583201267 - 放学后的“特殊”社团活动 (7614011),"3D, 束縛, 塞口器, 性玩具, 百合",583201267,,中文,430,2022-08-17
JM368352,https://18comic.vip/album/368352/,(C100) [やきめしもどき (ぴらふもどき)] ほそみちのおく 凪 (オリジナル) [DL版],"C100, 百合, 黑肉, 校服, 子宮脫",ぴらふもどき,,日文,40,2022-08-15
JM368670,https://18comic.vip/album/368670/,(C100) [group yuenao (湯江なお)] 霧雨魔理沙が咲夜にセクハラされる本 -DX- (東方Project) [DL版],"C100, 百合, 劇情向",湯江なお,,日文,25,2022-08-17
JM368650,https://18comic.vip/album/368650/,[漢化工房BOKI組][TATSUBON’S HOUSE] 田所さん エッチ編,"百合, 劇情向",TATSUBON’S-HOUSE,,中文,56,2022-08-16
JM368150,https://18comic.vip/album/368150/,(IDOL STAR FESTIV@L 07) [じゃがいも研究所 (中村六翅)] シアターアイドル喘ぎ声選手権 (アイドルマスター ミリオンライブ!) [中国翻訳],"顏射, 兔女郎, 塞口器, 多毛, 連體衣, 過膝襪, 畫冊, 全彩",中村六翅,,中文,20,2022-08-13
JM368485,https://18comic.vip/album/368485/,[打手槍打到著火完美驗證摩擦生熱 個人翻譯] [Inker Shike] Practice With The Band (Adventure Time) [中国翻訳],"怪物女孩, 過膝襪, 吸血鬼, 百合, 群交, 全彩",Inker-Shike,,中文,16,2022-08-15
JM368066,https://18comic.vip/album/368066/,[おシロイロ] くすぐるのは反則っ！,"束縛, 瘙癢, 百合",おシロイロ,,中文,27,2022-08-13
JM368129,https://18comic.vip/album/368129/,魔理沙带来了瑟瑟的药!请帮我手X! [四字神社汉化] [Digital] [group yuenao (湯江なお)] きりさめまりさ えっちなおくすりもってきました! お×にー手伝ってください! (東方Project) [中国翻訳] [DL版],"藥物, 巫女, 女巫, 百合",湯江なお,,中文,20,2022-08-13
JM368638,https://18comic.vip/album/368638/,(C100) [帰宅時間 (きたく)] ユニット活動日誌 (ラブライブ! 虹ヶ咲学園スクールアイドル同好会)[中国翻訳],"C100, 群交, 百合",きたく,,中文,31,2022-08-16
JM367896,https://18comic.vip/album/367896/,[ぎんハハ] ふたりの特別訓練 (リコリス・リコイル) [中国語],"全彩, 無修正, 百合, 巨乳, 校服, 性玩具",ぎんハハ,,中文,19,2022-08-12
JM368019,https://18comic.vip/album/368019/,(C86) [とんこつ (せきり)] 女神Trick (超次元ゲイム ネプテューヌ) [中国翻訳],"全彩, 巨乳, 百合",せきり,,中文,18,2022-08-12
JM218115,https://18comic.vip/album/218115/,[佐藤まさき] パラフィリア～人間椅子奇譚 | 性偏離～人間椅子奇譚 1,"劇情向, 露出, 百合, 暴力",佐藤正基,,中文,159,2020-10-07
JM218117,https://18comic.vip/album/218117/,[佐藤まさき] パラフィリア～人間椅子奇譚 | 性偏離～人間椅子奇譚 2,"劇情向, 露出, 百合, 暴力",佐藤正基,,中文,164,2020-10-07
JM367903,https://18comic.vip/album/367903/,[白杨汉化组×透明声彩汉化组] [カオス・不明生物にゃ] クゥすみ妄想 [中国翻訳],"非H, 校服, 百合",カオス・不明生物にゃ,,中文,11,2022-08-12
JM367163,https://18comic.vip/album/367163/,（C88）（ふじ）極_やりたいほうだいi（ドキドキ!プリキュア）,"四格, 非H, 非H, 百合",ふじ,,中文,21,2022-08-08
JM366834,https://18comic.vip/album/366834/,[Bzsk.] ♥媚烦恼 (東方Project) [中国語],百合,Bzsk.,,中文,26,2022-08-07
JM367151,https://18comic.vip/album/367151/,在百合桑拿中整頓 [沒有漢化] [アウェイ田] 百合サウナで、ととのう。 [中国翻訳],"群交, 百合",アウェイ田,,中文,33,2022-08-08
JM366854,https://18comic.vip/album/366854/,[土星冰淇淋汉化]  [K2Corp. (ひろたかおる)] SeesawGame.4 (ラブライブ!スーパースター!!) [中国翻訳] [DL版],"非H, 百合",ひろたかおる,,中文,9,2022-08-07
JM367018,https://18comic.vip/album/367018/,(C87) [苦笑邸 (よろず)] REVERSE 18 (東方Project) [中国翻訳],"巨乳, 項圈, 扶他, 怪物女孩, 西瓜肚, 迷你女孩, 中出, 乳環, 強暴, 性玩具, 貧乳, 觸手, 百合, 群交","裏民, yamato, ちゃむぺい, 笛, ウミウシヲ, 露売こおん, コンバット若本, こうば, りんどう, れか太郎, じゃがばた, 山山火山, 織匡俗, 23, くちばし",,中文,60,2022-08-08
JM366861,https://18comic.vip/album/366861/,[臭鼬娘漢化組] (例大祭9) [偽製pucco (薄)] スッカー批評 (東方Project) [中国翻訳],"兔女郎, 放屁, 排泄, 百合, 全彩",薄,,中文,6,2022-08-07
JM353780,https://18comic.vip/album/353780/,[DDK00] 干姐的夜 1-7 (完),"性玩具, 百合, 群交, 3D",DDK00,,中文,768,2022-06-25
JM366600,https://18comic.vip/album/366600/,[透明声彩汉化组] (放課後暗殺者PARTY!) [梅の実画報 (うめきち)] かわいいあなた (悪魔のリドル) [中国翻訳],百合,うめきち,,中文,25,2022-08-06
JM366250,https://18comic.vip/album/366250/,H的兔子与恋爱的松鼠 [Ntz个人汉化]   [MirrorWorld (未鏡)] Hなうさぎと恋するリス (キラキラ☆プリキュアアラモード) [中国翻訳] [DL版],"百合, 校服",未鏡,,中文,37,2022-08-05
JM365561,https://18comic.vip/album/365561/,[Dodok] 方舟性闻录2 (明日方舟) [中国語],"肛交, 怪物女孩, 假陽具, 劇情向, 百合",Dodok,,中文,29,2022-08-03
JM366528,https://18comic.vip/album/366528/,扶他女忍者 [银河眼汉化] [木村論学] くのいちん [DL版][中国翻訳],"束縛, 扶他, 手淫, 女忍者, 馬尾, 過膝襪, 百合",木村論学,,中文,91,2022-08-06
JM366598,https://18comic.vip/album/366598/,才没感觉到敏感! [透明声彩汉化组] [Digital] [紙袋Works (環月紙袋)] センシティブではありまセン! (ラブライブ!スーパースター!!) [中国翻訳] [DL版],"非H, 百合中文",環月紙袋,,,30,2022-08-06
JM365123,https://18comic.vip/album/365123/,[花影あると] ドキッ！女だけのレズビアンSM丨心動！女性限定的女同性戀SM,"非H, 百合",花影あると,,中文,8,2022-08-01
JM364167,https://18comic.vip/album/364167/,[むしやき!!(上林眞)]ようちかのろぐPixiv[中国翻訳],"非H, 百合",上林眞,,中文,15,2022-07-29
JM363038,https://18comic.vip/album/363038/,[沒有漢化] [アウェイ田] 彼女彼女の自慰行為事情百合,自慰,アウェイ田,,中文,4,2022-07-26
JM363661,https://18comic.vip/album/363661/,[O3O个人汉化] [Red Axis] idol_Mixer! 3 (アイドルマスター シンデレラガールズ) [中国翻訳],"身體改造, 墮落, 手套, 中出, 機械姦, 催眠, 乳環, 百合, 全彩","Red, Axis",,中文,13,2022-07-27
JM363198,https://18comic.vip/album/363198/,小百合的妹妹是天使/小百合さんの妹は天使,"女性向, 完結",伊藤ハチ,,,664,2022-07-27
JM362528,https://18comic.vip/album/362528/,（K记翻译）[marsa]淫魔化健身房,"巨乳, 墮落, 黑肉, 女惡魔, 乳膠衣, 轉化, 百合, 3D",marsa,,,80,2022-07-24
JM361780,https://18comic.vip/album/361780/,[百合控別進個人漢化] [前島龍] 蜜と蝶 最終話 (COMIC LO 2022年8月号) [中国翻訳] [DL版],"口交, 兔女郎, 貓女, 中出, 百合",前島龍,,中文,34,2022-07-21
JM361041,https://18comic.vip/album/361041/,[KazeDuwy个人汉化] (COMIC1☆13) [BurstBomb.T (TKP)] やちよファイルII (魔法少女まどか☆マギカ),"百合, 校服, 劇情向",TKP,,中文,23,2022-07-19
JM360956,https://18comic.vip/album/360956/,精疲力盡的女人被色氣四溢的女人打了的故事 ch3 [沒有漢化] [花影あると] くたびれた女がエロい女にぶたれる話 第3話 [中国翻訳],"綁縛與調教, 打屁股, 放尿, 百合",花影あると,,中文,23,2022-07-19
JM360721,https://18comic.vip/album/360721/,[Dokiki漢化組]  [まぐろシャイニング] 百合好き女子が何でもありの王様ゲームやった結果… [中国翻訳] [DL版],"群交, 校服, 性玩具, 百合",まぐろシャイニング,,中文,69,2022-07-18
JM360526,https://18comic.vip/album/360526/,恋爱枪战 横刀夺爱 (COMIC ExE 37)[暴碧汉化组]  [ナポ] 恋のガンファイト ラブスティール (コミック エグゼ 37) [中国翻訳] [DL版],"肛交, 口交, 束縛, 藥物, 女性支配, 性玩具, 過膝襪, 假陽具, 百合","ナポ, 狗屎",,中文,37,2022-07-17
JM362540,https://18comic.vip/album/362540/,[沒有漢化] [アウェイ田]仲良しギャルコンビの下品な喧嘩に巻き込まれた陰キャ女子,百合,アウェイ田,,中文,5,2022-07-24
JM331533,https://18comic.vip/album/331533/,用虛偽的愛將我摧毀 [沒有漢化] [花影あると] 偽りの愛で私を壊して [中国翻訳] [進行中],"青年漫, NTR, 百合, 人妻, 劇情向, 完結, 非H",花影あると,,中文,217,2022-04-08
JM360163,https://18comic.vip/album/360163/,欢迎来到魅魔俱乐部2 虽然被变成妹妹的妹妹但是我现在有女朋友了  [瑞树汉化组] [TSFのF (NOMU)] サキュバス倶楽部へようこそ2 妹の妹♀にされたけど彼女ができました♥ [中国翻訳],"百合, 女性支配, 校服, 魅魔, 足交, 性转",NOMU,,中文,35,2022-07-16
JM360149,https://18comic.vip/album/360149/,[虫豸蛙蛙汉化] [No Such Agency (しのぎあさ)] 秘密のトライアングルラブ [中国翻訳] [無修正],"手淫, 百合",しのぎあさ,,中文,24,2022-07-16
JM359875,https://18comic.vip/album/359875/,[透明声彩汉化组] [スイートピー、COCOA BREAK (大島智、大島永遠)] さわるから、さわって。 [中国翻訳] [DL版],"百合, 劇情向","大島智, 大島永遠",,中文,34,2022-07-14
JM359855,https://18comic.vip/album/359855/,讓他成為她的美容院 第二話 【洛基醬】 [Marialite] 俺がワタシになるための美容サロン 2 [中国翻訳],"巨乳, 藥物, 手淫, 皮物, 百合, 劇情向",Marialite,,中文,31,2022-07-14
JM360093,https://18comic.vip/album/360093/,[狗野叉汉化] [くずしろ] きみのせい [中国翻訳],"女性支配, 校服, 雙馬尾, 百合, ntr",くずしろ,,中文,32,2022-07-15
JM361164,https://18comic.vip/album/361164/,[白杨汉化组] [伊月クロ] 彩純ちゃんはレズ風俗に興味があります！特別描き下ろしエピソード [中国翻訳],百合,伊月クロ,,中文,18,2022-07-20
JM310355,https://18comic.vip/album/310355/,Semelparous[荻野纯] Semelparous,"青年漫, 百合, 劇情向",荻野纯,,中文,564,2022-02-08
JM359831,https://18comic.vip/album/359831/,[逃亡者×真不可视汉化组] [Digital] [蛹虎次郎] オカズメグミ (コミックホットミルク 2022年7月号) [中国翻訳] [DL版],"假陽具, 雙馬尾, 百合",蛹虎次郎,,中文,25,2022-07-14
JM359572,https://18comic.vip/album/359572/,[一只麻利的鸽子汉化] [うめっこ堂 (うめっこ)] 姪っ子たちに乳首を舐められちゃう女の子 [中国翻訳],"百合, 全彩, 群交",うめっこ,,中文,29,2022-07-13
JM359610,https://18comic.vip/album/359610/,[沒有漢化] [あやね] まきこみ ～師匠恋模様～（永遠娘 朧絵巻 11）[中国翻訳] [DL版],"百合, 巨乳, 黑肉",あやね,,中文,19,2022-07-13
JM359067,https://18comic.vip/album/359067/,當我和她眼神交會時 職場百合精選集/あの娘と目が合うたび私は　社会人百合アンソロジー,"女性向, 完結",はるかわ陽,,,185,2022-07-12
JM359379,https://18comic.vip/album/359379/,[亜麻木硅] STAINLESS NIGHT,"扶他, 女僕, 機器人, 百合, 單行本",亜麻木硅,,中文,157,2022-07-12
JM358724,https://18comic.vip/album/358724/,【Genshin Impact】刻师傅与王小美の百合午后,"怪物女孩, 百合, 3D",鹿铃,,,53,2022-07-11
JM360967,https://18comic.vip/album/360967/,(遊宴雀2) [シュバルツ・リベレ (試咲型)] カクシゴトはナシにして。 (東方Project) [中国翻訳],"肛交, 校服, 性玩具, 百合",試咲型,,中文,22,2022-07-19
JM358358,https://18comic.vip/album/358358/,(C80) [ケミジャン (シオリ)] JKはたたん (東方Project) [中国翻訳],"C80, 束縛, 虐待, 酷刑, 病嬌, 百合",シオリ,,中文,37,2022-07-09
JM359538,https://18comic.vip/album/359538/,Hidori Rose & Gumiho - Ganyu x Qiqi,"cosplay, 巨乳, 泳裝, 項圈, 手套, 怪物女孩, 馬尾, 過膝襪, 百合, 無修正","Hidori-Rose, Gumiho",,,40,2022-07-13
JM358582,https://18comic.vip/album/358582/,[たまの父]友情劣情百合発情,"百合, 校服, 萝莉, 阴蒂",たまの父,,中文,47,2022-07-10
JM358033,https://18comic.vip/album/358033/,[无悔] 健身女郎外传,"馬尾, 百合, 3D",无悔,,中文,27,2022-07-08
JM359601,https://18comic.vip/album/359601/,[すてりい] 浸触ミステリイサークル (DL版),"肛交, 緊身衣, 束縛, 墮落, 女惡魔, 怪物女孩, 西瓜肚, 乳膠衣, 連體衣, 觸手服, 催眠, 中出, 馬尾, 強暴, 校服, 性玩具, 過膝襪, 胃部突起, 觸手, 雙馬尾, 百合, 單行本",すてりい,,日文,201,2022-07-13
JM357675,https://18comic.vip/album/357675/,在百合性愛中沉迷的我用百合配對應用做個不停   [沒有漢化] [アウェイ田] 百合セックスにハマった私、百合マッチングアプリでヤリまくる [中国翻訳],"百合, 純愛",アウェイ田,,中文,40,2022-07-07
JM358028,https://18comic.vip/album/358028/,[无悔] 大学祖安女孩的爱恨情仇 01-03 (完),"出汗, 摔跤, 百合, 3D",无悔,,中文,188,2022-07-08
JM338847,https://18comic.vip/album/338847/,丰满人妻 -莎拉 (艾娜兹玛汉化) [Tufos]Voluptuous Housewives  – Sarah,"肛交, 豐滿, 巨尻, 巨乳, 泳裝, 口交, 黑肉, 眼鏡, 內衣, 熟女, 人妻, 百合, 群交, 全彩, 劇情向",Tufos,,中文,25,2022-05-06
JM357481,https://18comic.vip/album/357481/,[SignalRed (ウラガエル)] 獣換戦姫チヒロ-アラクネ調教編- [中国翻訳] [DL版],"巨乳, 束縛, 產卵, 狐娘, 塞口器, 手套, 中出, 乳汁, 怪物女孩, 懷孕, 蜘蛛, 蜘蛛娘, 胃部突起, 長筒靴, 百合",ウラガエル,,中文,27,2022-07-06
JM356984,https://18comic.vip/album/356984/,[Tufos]公园老大爷 第8章-和孙女来海滩 (艾娜兹玛汉化) [Tufos]Old Geezers of the Park 8 - Granddaughters on the Beach,"美漫, 巨尻, 巨乳, 大乳頭, 泳裝, 口交, 黑肉, 眼鏡, 短褲, 乳交, 馬尾, 雙馬尾, 百合, 群交, 亂倫, 全彩, 劇情向",Tufos,,中文,14,2022-07-05
JM357448,https://18comic.vip/album/357448/,[透明声彩汉化组] [美術部 (しづきみちる)] €のガールフレンド (新世紀エヴァンゲリオン) [中国翻訳] [DL版],"百合, 校服, 過膝襪",しづきみちる,,中文,36,2022-07-06
JM356782,https://18comic.vip/album/356782/,[玄鉄絢] たえちゃんとじみこさん 2 [DL版],"眼鏡, 群交, 亂倫, 人妻, 強暴, 雙胞胎, 百合, 劇情向, 單行本",玄鉄絢,,日文,200,2022-07-04
JM356177,https://18comic.vip/album/356177/,小任与地弥子小姐 [Chinese] [暴碧汉化组]  [玄鉄絢] たえちゃんとじみこさん [中国翻訳] [DL版],"肛交, 眼鏡, 群交, 亂倫, 人妻, 母女丼, 雙馬尾, 百合, 劇情向, 單行本",玄鉄絢,,中文,201,2022-07-03
JM356165,https://18comic.vip/album/356165/,[大鸟可不敢乱转汉化]   [syou] 君の願いが叶うなら (COMIC BAVEL 2022年8月号) [中国翻訳] [DL版],"百合, 校服, 連褲襪",syou,,中文,29,2022-07-03
JM356463,https://18comic.vip/album/356463/,[Tufos]奶奶不会讲的童话 第7章-阿拉丁(Chinese)(艾娜兹玛汉化),"阿黑顏, 肛交, 巨尻, 巨乳, 口交, 出軌, 黑肉, 群交, 內衣, 馬尾, 百合, 全彩, 劇情向",Tufos,,中文,17,2022-07-04
JM355619,https://18comic.vip/album/355619/,[めろんの星々 (星月めろん)] 隣の奥様は女王様 ～新婚夫婦が飼育されるまで～ [中国翻訳] [DL版],"圍裙, 巨乳, 遮眼, 墮落, 熟女, 百合",星月めろん,,中文,41,2022-07-01
JM354433,https://18comic.vip/album/354433/,Himitsu/ひみつ gallary,"綁縛與調教, 遮眼, 口交, 束縛, 項圈, 足交, 塞口器, 手淫, 乳汁, 中出, 連褲襪, 強暴, 校服, 性玩具, 過膝襪, 水下, 木馬, 百合, 群交","ひみつ, Himitsu",,中文,676,2022-06-27
JM354557,https://18comic.vip/album/354557/,[主角组吧汉化组] [星幻工房 (らんかせい)] 帰還不能限界点 The Point Of No Return 完全版 (東方Project) [中国翻訳],"束縛, 扶他, 中出, 百合",らんかせい,,中文,59,2022-06-28
JM354343,https://18comic.vip/album/354343/,[南拳蟑狼] 面白い女、吾の石像コレクションになれ [中国語] [無修正],"無修正, 怪物女孩, 石化, 蛇女, 寡婦, 百合",南拳蟑狼,,中文,4,2022-06-27
JM354359,https://18comic.vip/album/354359/,[B.B.T.T.+(山本善々)] S県K市 社会人女子バレーボールサークルの事情 1-16 【Chinese】,"阿黑顏, 大乳暈, 巨乳, 短褲, 口交, 口交臉, 顏射, 出軌, 黑肉, 女性支配, 眼鏡, 多毛, 後宮, 超乳, 熟女, 多重口交, 肌肉, 中出, 抹油, 乳交, 馬尾, 嗅氣味, 潮吹, 股交, 出汗, 高個女, 假小子, 百合, 群交, 劇情向, 后宫",山本善々,,中文,436,2022-06-27
JM354131,https://18comic.vip/album/354131/,[正正] 潜入女仆军团,"窒息, 兔女郎, 內衣, 女僕, 連褲襪, 虐殺, 過膝襪, 百合, 3D, 劇情向",正正,,中文,268,2022-06-26
JM354126,https://18comic.vip/album/354126/,(C87) [ゆららか工房 (ぱぺる、いつも)] ゆりらか [中国翻訳],"C87, 百合, 校服","ぱぺる, いつも",,中文,53,2022-06-26
JM353991,https://18comic.vip/album/353991/,[白杨汉化组] [ドドメス3世] 百合おしっこ漫画 [中国翻訳],"百合, 校服, 放尿",ドドメス3世,,中文,24,2022-06-25
JM353989,https://18comic.vip/album/353989/,不相信催眠术的家庭教师 [Chinese] [透明声彩汉化组] [美術部 (しづきみちる)] 家庭教師は催眠術を信じない [中国翻訳] [DL版],"催眠, 家教, 百合",しづきみちる,,中文,37,2022-06-25
JM353834,https://18comic.vip/album/353834/,[大友同好会] [ろーぷあいらんど(みやのゆき)]今日と明日の隙间で (スター☆トゥインクルプリキュア) [中国翻訳],"百合, 純愛",みやのゆき,,中文,17,2022-06-25
JM353557,https://18comic.vip/album/353557/,[银河猫喵喵个人汉化]  [どよんど。 (たいやき)] 友愛 (アイカツスターズ!) [中国翻訳] [DL版],"百合, 劇情向",たいやき,,中文,32,2022-06-24
JM353987,https://18comic.vip/album/353987/,[矢来夏洛个人汉化] [おいしいうどん (おしざー)] シャミカンのほん (まちカドまぞく) [中国翻訳],"百合, 全彩, NTR",おしざー,,中文,14,2022-06-25
JM353646,https://18comic.vip/album/353646/,桃子堕入黑暗了!? [暴碧汉化组×漢化工房BOKI組] (夏の同人祭2022) [ぼちぼちの木 (ぼるしち)] 桃ちゃんやみおちした!? (まちカドまぞく) [中国翻訳],"女惡魔, 怪物女孩, 百合",ぼるしち,,中文,44,2022-06-25
JM352919,https://18comic.vip/album/352919/,在只有我們二人的棺材中 [EZR個人漢化] (輝FESTIV@L 2021冬) [overcompactification (煤川)] ふたりぼっちの棺桶で (アイドルマスターシャイニーカラーズ) [中国翻訳],"百合, 校服, 纯爱",煤川,,中文,50,2022-06-22
JM352917,https://18comic.vip/album/352917/,(夏の同人祭 2022) [ぼちぼちの木 (ぼるしち)] 桃ちゃんやみおちした!? (まちカドまぞく) [中国翻訳],"女惡魔, 怪物女孩, 馬尾, 百合",ぼるしち,,中文,40,2022-06-22
JM352874,https://18comic.vip/album/352874/,[Hamao] OVER!! [DL版] 個人整合,"劇情向, 巨乳, 口交, 束縛, 處女, 扶他, 多毛, 手淫, 馬尾, 校服, 性玩具, 過膝襪, 出汗, 雙馬尾, 群交, 亂倫, 假小子, 窒息, 百合, 出軌, 單行本, 個人整合",Hamao,,中文,234,2022-06-22
JM351645,https://18comic.vip/album/351645/,[纯情志保P汉化] [安藤周記] 敗北!〇イティーセーラー!! (アイドルマスター ミリオンライブ!) [中国翻訳],"露出, 強暴",安藤周記,,中文,11,2022-06-19
JM352664,https://18comic.vip/album/352664/,[心海汉化组]  [フロム脳患者の会 (ティラヌー)] 催眠カツドウ!白百合姉妹編 (アイカツフレンズ!) [中国翻訳] [DL版],"口交, 催眠, 校服, 群交",ティラヌー,,中文,20,2022-06-21
JM270561,https://18comic.vip/album/270561/,[冒险者公会] [百合アズル] ポップワンズチェリー,"yaoi, 劇情向",百合アズル,,中文,302,2021-08-04
JM351137,https://18comic.vip/album/351137/,(惹き合う運命5th) [台北人 (虫原)] 鴦々 (アサルトリリィ) [中国翻訳],"百合, 巨乳, 扶她",虫原,,中文,27,2022-06-17
JM219709,https://18comic.vip/album/219709/,肆意绽放的是百合之花 [沒有漢化] [チチヅキ] 咲き乱れるは百合の花 (COMIC GEE Vol.6),"百合, 巨乳, 亂倫",チチヅキ,,中文,187,2020-10-19
JM351164,https://18comic.vip/album/351164/,(FF37) [心動大鳥團 (美栗)] chu！突擊檢查！ (ホロライブ) [中国語],"FF37, 百合, vtuber",美栗,,中文,12,2022-06-18
JM351043,https://18comic.vip/album/351043/,只屬於二人的時間 [EZR個人漢化] (C99) [畑を耕すだけ (みかん氏)] 二人だけの時間 [中国翻訳],"C99, 非h, 百合",みかん氏,,中文,26,2022-06-17
JM350277,https://18comic.vip/album/350277/,"黑与白，你与我 1 [MagicA2]Black and white,you and me 1","怪物女孩, 蛇女, 丸吞, 百合",MagicA2,,中文,38,2022-06-15
JM349860,https://18comic.vip/album/349860/,理療所的女巫小姐 [沒有漢化] [世羅吉] エステ・ウィッチース (マイクローンマガジン Vol.71) [中国翻訳] [DL版],"扶他, 迷你女孩, 百合",世羅吉,,中文,13,2022-06-13
JM350092,https://18comic.vip/album/350092/,[广Door同乡会汉化] [AromaSensei] Titans of the Locker Room! [中国翻訳],"項圈, 性玩具, 百合, 無修正, 美漫, cg",AromaSensei,,中文,19,2022-06-14
JM349976,https://18comic.vip/album/349976/,无论如何都得高潮[暴碧汉化组] [しりあるヒプノ (しりあるヒプノLabo長、星名めいと)] どうあがいても絶頂… [中国翻訳] [DL版],"束縛, 觸手, 百合",星名めいと,,中文,19,2022-06-13
JM345523,https://18comic.vip/album/345523/,[風的工房][DISTANCE] じょしラク！～2 Years Later～ 4 女子棍球社！ ～2 Years Later～4,"後宮, 巨乳, 師生, 黑肉, 中出, 女高中生, 運動服, 顏射, 接吻, 內衣, 舔陰, 自慰, 口交, 乳交, 劇情向, 遮眼, 眼鏡, 百合, 馬尾, 肌肉",DISTANCE,,中文,221,2022-05-29
JM349278,https://18comic.vip/album/349278/,[雨降りダウザー (よろず)] けものの愛を受け止めろ♡ヒトメス総受け合同 (けものフレンズ),"百合, 扶他, 群交",よろず,,中文,36,2022-06-10
JM349364,https://18comic.vip/album/349364/,后面的熊先生[Chinese] [透明声彩汉化组]	[aoiro_050] うしろのくまさん (BanG Dream!) [中国翻訳],"百合, 劇情向",aoiro_050,,中文,30,2022-06-10
JM349366,https://18comic.vip/album/349366/,女子更衣室[Chinese] [透明声彩汉化组] [スイートピー、COCOA BREAK (大島智、大島永遠)] 女子更衣室水泳部 [中国翻訳] [DL版] 	New	 	Blank Vote,"百合, 劇情向, 校服","大島智, 大島永遠",,中文,32,2022-06-10
JM347312,https://18comic.vip/album/347312/,學生會長 VS 百合性愛部  [沒有漢化] [アウェイ田] 生徒会長 VS 百合セックス部 [中国翻訳],"束縛, 百合, 校服",アウェイ田,,中文,45,2022-06-04
JM346828,https://18comic.vip/album/346828/,女孩們的秘密冒險 2 [超斬開 (TER)] 女の子たちのひみつの冒険 2 (ポケットモンスター サン・ムーン) [中文] [無修正] [DL版],"露出, 手淫, 百合, 劇情向, 無修正, 野外露出",TER,,中文,30,2022-06-02
JM346832,https://18comic.vip/album/346832/,女孩們的秘密冒險 3 [超斬開 (TER)] 女の子たちのひみつの冒険 3 (ポケットモンスター サン・ムーン) [中文] [無修正] [DL版],"C99, 露出, 百合, 劇情向, 無修正",TER,,中文,38,2022-06-02
JM348140,https://18comic.vip/album/348140/,原神芭芭拉附身 [Hyouisuki] Genshin Barbara Possession,"巨乳, 附身, 百合, 全彩","Hyouisuki, 明日香",,中文,15,2022-06-07
JM266192,https://18comic.vip/album/266192/,[一只麻利的鸽子汉化][超斬開 (TER)] 女の子たちのひみつの冒険 2 (ポケットモンスター サン・ムーン),百合,"超斬開, TER",,中文,29,2021-07-12
JM346344,https://18comic.vip/album/346344/,赤城酱不吃药 [百合畑牧場 (紺)] 赤城ちゃんはお薬を飲まない (アズールレーン) [中国翻訳] [DL版],"狐娘, 百合",紺,,中文,28,2022-05-31
JM346155,https://18comic.vip/album/346155/,特殊家政,"肛交, 巨尻, 巨乳, 大乳頭, 超乳, 女僕, 性玩具, 百合, 劇情向",HH,,中文,14,2022-05-30
JM346314,https://18comic.vip/album/346314/,(C98)  [手つかずの青。 (えみりお)] 西住リフレafter school (ガールズ&パンツァー),"巨乳, 校服, 百合, 群交, 性玩具, 調教, 肛交",えみりお,,中文,44,2022-05-31
JM345385,https://18comic.vip/album/345385/,(秋葉原同人祭 第一回) [BAMBINA (栗かのこ)] 赤城さん今宵は貴女と (艦隊これくしょん -艦これ-) [中国翻訳],"非H, 百合",栗かのこ,,中文,20,2022-05-28
JM346071,https://18comic.vip/album/346071/,超电导姐姐大人  [透明声彩汉化组] (CC大阪76) [バカトハサミ (塚井ヨウ)] ちょうでんどうおねえさま (とある科学の超電磁砲) [中国翻訳],"校服, 性玩具, 雙馬尾, 百合",塚井ヨウ,,中文,25,2022-05-30
JM345431,https://18comic.vip/album/345431/,[虹之星汉化组] [えのころくらげ (NOSA)] 止まらないHEART (ラブライブ! 虹ヶ咲学園スクールアイドル同好会) [中国翻訳] [DL版],"校服, 雙馬尾, 百合",NOSA,,中文,13,2022-05-28
JM346074,https://18comic.vip/album/346074/,[月見チャンネル (竹取細工)] 私の楽園 (桜田ハネ) [中国語],"藥物, 百合",竹取細工,,中文,17,2022-05-30
JM344864,https://18comic.vip/album/344864/,"Hi, my lady","非H, 百合, 韓漫, 完結",31,,,149,2022-05-27
JM345269,https://18comic.vip/album/345269/,(C81) [劇毒少女 (ke-ta、日向、冬馬雪崩)] SLEEPING MAGE ‐魔法の森の眠り姫‐ 劇毒少女 Publication Number VII (東方Project)[中国翻訳],"C81, 睡姦, 百合","ke-ta, 日向, 冬馬雪崩",,中文,27,2022-05-28
JM333829,https://18comic.vip/album/333829/,[あおむし] 絶頂開発局♥ [DL版],"大陰蒂, 口交, 女裝, 處女, 乳汁, 校服, 性玩具, 潮吹, 百合, 群交, 劇情向, 單行本",あおむし,,日文,209,2022-04-18
JM344589,https://18comic.vip/album/344589/,[満開開花] ドSなレズカップルJKが催眠で分からせられる [中国翻訳],"全彩, 巨乳, 催眠, 校服, 百合, 百合破坏",満開開花,,中文,24,2022-05-26
JM344550,https://18comic.vip/album/344550/,爱情也可以回收再利用吗？(親親漫畫版),"韓漫, 百合, 完結",赫,,,262,2022-05-26
JM344523,https://18comic.vip/album/344523/,[猫在汉化] (C88) [J.O.C★e.go!! (カスガソウイチ)] シューガー☆ナイトメア (アイドルマスター シンデレラガールズ) [中国翻訳],"C88, 非H, 百合",カスガソウイチ,,中文,20,2022-05-26
JM343954,https://18comic.vip/album/343954/,[KOKORO个人汉化] [Crazy9 (いちたか)] C9-42 小百合2 少女は駅のトイレで犯される [中国翻訳] [DL版],"馬尾, 校服, 劇情向",いちたか,,中文,24,2022-05-23
JM344110,https://18comic.vip/album/344110/,[KOKORO个人汉化] [Crazy9 (いちたか)] C9-44 小百合4 ～助けようとした少女加奈子と[中国翻訳],"強暴, 校服, 劇情向",いちたか,,中文,29,2022-05-24
JM345048,https://18comic.vip/album/345048/,[Five9个人汉化] (Reitasai 19) [Senmura] 弟控圣和换装太子（Touhou Project） [Chinese],"巨乳, 角色扮演, 潮吹, 百合",Senmura,,中文,34,2022-05-28
JM343915,https://18comic.vip/album/343915/,[画笔！臣服于我！个人汉化] [満開開花] ドSな百合カップルに強制オナニー催眠,"露出, 手淫, 催眠, 校服, 潮吹",満開開花,,中文,30,2022-05-23
JM343660,https://18comic.vip/album/343660/,(例大祭16) [冬扇草堂 (冬扇)] 幻想郷ゆっくり異変 (東方Project),"巨乳, 乳汁, 觸手, 轉化, 百合, 油庫裡",冬扇,,日文,18,2022-05-23
JM343538,https://18comic.vip/album/343538/,[Xion] ミラーコレクション7 [中国翻訳],"自己幹自己, 百合",Xion,,中文,37,2022-05-22
JM343535,https://18comic.vip/album/343535/,[Xion] ミラーコレクション4 [中国翻訳],"自己幹自己, 百合",Xion,,中文,40,2022-05-22
JM343541,https://18comic.vip/album/343541/,《你在我的心里，在我的灵魂里！》,"黑肉, 女性支配, 中出, 內衣, 懷孕, 性玩具, 潮吹, 百合, 全彩",N/A,,中文,19,2022-05-22
JM342894,https://18comic.vip/album/342894/,[漢化工房BOKI組] [あめうさぎ (飴玉コン)] シャミ子はゆーわくまぞくなのかな? (まちカドまぞく),"百合, 女惡魔, 過膝襪",飴玉コン,,中文,15,2022-05-20
JM342594,https://18comic.vip/album/342594/,[沒有漢化] [あおむし] 古谷くんと小栗さん 最終話 (COMIC BAVEL 2022年4月号) [中国翻訳] [DL版],"大陰蒂, 束縛, 塞口器, 百合, 群交",あおむし,,中文,31,2022-05-19
JM342554,https://18comic.vip/album/342554/,（K记翻译） [Psicoero] Wii fit xXx (Super Smash Bros.) [HD Version],"肛交, 妖精, 馬尾, 假陽具, 出汗, 緊身服, 百合, 全彩, 無修正",Psicoero,,中文,23,2022-05-19
JM341969,https://18comic.vip/album/341969/,[蓝精灵汉化] [あむぁいおかし製作所 (あほげきのこ)] 淫乱狐娘の神隠し [中国翻訳],"狐娘, 乳汁, 轉化, 百合, 全彩",あほげきのこ,,中文,44,2022-05-17
JM341970,https://18comic.vip/album/341970/,[xyzf个人汉化] [なぐ] 艦これ 龍田。深海堕ち雷電によるくすぐり潮吹き無様堕ち (艦隊これくしょん -艦これ-) [中国翻訳],"束縛, 手套, 肚臍交, 連褲襪, 過膝襪, 瘙癢, 酷刑, 百合",なぐ,,中文,9,2022-05-17
JM343537,https://18comic.vip/album/343537/,[Xion] ミラーコレクション6 [中国翻訳],"巨乳, 連褲襪, 自己幹自己, 百合",Xion,,中文,48,2022-05-22
JM341283,https://18comic.vip/album/341283/,[スイートピー、COCOA BREAK (大島智、大島永遠)] とろける女子湯5 [中国翻訳] [DL版],"百合, 劇情向","大島智, 大島永遠",,中文,35,2022-05-15
JM341491,https://18comic.vip/album/341491/,[ksks同好会] (僕らのラブライブ! 33) [えのころくらげ (NOSA)] 夢中にさせる私の宝物 (ラブライブ! 虹ヶ咲学園スクールアイドル同好会) [中国翻訳],百合,NOSA,,中文,20,2022-05-16
JM340346,https://18comic.vip/album/340346/,[百合控別進個人漢化] [どえむたん]【skeb】【閲覧注意】ストパニ玉青ちゃんに男を教えてあげます,"巨乳, 透視",どえむたん,,中文,8,2022-05-11
JM340803,https://18comic.vip/album/340803/,"| 勇者恶堕～龙姬梅法的觉醒～ [瑞树汉化组] [TSFのF (柊ぽぷら, 四葉チカ)] 勇者悪に堕ちる～龍姫メイファの覚醒～ [中国翻訳] [DL版]","巨乳, 口交, 墮落, 怪物女孩, 中出, 催眠, 懷孕, 過膝襪, 雙馬尾, 透視, 百合, 群交, 亂倫, 全彩, 性转","柊ぽぷら, 四葉チカ",,中文,62,2022-05-13
JM340477,https://18comic.vip/album/340477/,"Vinnegal, Alina Becker - Reze, Makima","copslay, 巨乳, 項圈, 百合","Vinnegal, Alina, Becker",,,11,2022-05-12
JM340335,https://18comic.vip/album/340335/,[No Future (端音乱希、SASAYUKi)] 炎氷双騎ツイン・キュアリー 百合ヒロインは男のチンポに敗北する 前編 [中国翻訳],"緊身衣, 藥物, 強暴","端音乱希, SASAYUKi",,中文,39,2022-05-11
JM340334,https://18comic.vip/album/340334/,[No Future (端音乱希、SASAYUKi)] 炎氷双騎ツイン・キュアリー 百合ヒロインは男のチンポに敗北する 後編 [中国翻訳],"緊身衣, 強暴","端音乱希, SASAYUKi",,中文,39,2022-05-11
JM340310,https://18comic.vip/album/340310/,(C95) [むしやき!! (上林眞)] Hold me tight (ラブライブ! サンシャイン!!) [中国翻訳],"C95, 百合",上林眞,,中文,41,2022-05-11
JM339673,https://18comic.vip/album/339673/,[まいなぁぼぉい] 淫熟ママドル秘密配信 [DL版],"肛交, 巨乳, 口交, 多毛, 熟女, 中出, 乳交, 乳環, 性玩具, 過膝襪, 假陽具, 放尿, 百合, 劇情向, 單行本",まいなぁぼぉい,,日文,216,2022-05-09
JM338722,https://18comic.vip/album/338722/,[白杨汉化组] (例大祭14) [アコウクロウ (鼓膜)] 夜想 (東方Project) [中国翻訳],"非h, 百合",鼓膜,,中文,33,2022-05-06
JM340028,https://18comic.vip/album/340028/,[Artist] 米自闭琪罗 - RETURN,百合,米自闭琪罗,,,16,2022-05-10
JM338352,https://18comic.vip/album/338352/,所有重要的伤痛都值得肯定 [透明声彩汉化组]  [軽トラ。 ] ならば君は全ての痛みに是と言った,"非H, 校服, 百合",ナポパス,,中文,30,2022-05-05
JM340054,https://18comic.vip/album/340054/,(C64) [T2 ART WORKS (Tony Taka)] Ragnatic Fanbook カブリモン Vol.2 (ラグナロクオンライン) [中国翻訳],"C64, 女僕, 百合",Tony,,中文,38,2022-05-10
JM338357,https://18comic.vip/album/338357/,[百合控別進個人漢化] [どえむたん] 【skeb】ストパニ玉青ちゃんの性接待 (ストロベリーパニック!) [中国翻訳],"巨乳, 中出, 過膝襪, 透視, 肛交","skeb, どえむたん",,中文,8,2022-05-05
JM339701,https://18comic.vip/album/339701/,米自闭琪罗 - 苇名百合故事,"百合, 3D",米自闭琪罗,,,29,2022-05-09
JM338351,https://18comic.vip/album/338351/,真冬和奏不停色色的漫画  [透明声彩汉化组] [ナポパス] まふゆと奏がえっちするだけの漫画 (プロジェクトセカイ) [中国翻訳],"百合, 純愛",ナポパス,,中文,23,2022-05-05
JM338350,https://18comic.vip/album/338350/,[透明声彩汉化组] [スイートピー、COCOA BREAK (大島智、大島永遠)] あなたとふたりでしたいこと。 [中国翻訳] [DL版],"百合, 劇情向","大島智, 大島永遠",,中文,32,2022-05-05
JM338129,https://18comic.vip/album/338129/,[百合控別進個人漢化] [千本ノック座談会 (稲場冬樹)] レズカップルの都合の良い肉バイブになろう![中国翻訳] [DL版],"肛交, 假陽具, 百合",稲場冬樹,,中文,38,2022-05-04
JM337841,https://18comic.vip/album/337841/,讓我們懷孕吧 [百合控別進個人漢化] (同人誌) [やねうらべや] わたしたちを孕ませて？ (オリジナル),"巨乳, 群交",やねうらべや,,中文,52,2022-05-03
JM338347,https://18comic.vip/album/338347/,[百合控別進個人漢化] [堀博昭] 真っ白に壊れた先に (COMIC 失楽天 2021年12月号) [中国翻訳] [DL版],"巨乳, 過膝襪, 群交, 百合破坏",堀博昭,,中文,24,2022-05-05
JM337253,https://18comic.vip/album/337253/,"(サンクリ62) [Cloud Palette (黒夢奈音, 紅薙ようと)] kiss or kiss? (東方Project)(中国翻译)","百合, 純愛","黒夢奈音, 紅薙ようと",,中文,33,2022-05-01
JM337639,https://18comic.vip/album/337639/,[大受气包烤RO组汉化] [Beruko14] M4A1 & Persica (少女前線) [中国翻訳],"女性支配, 連褲襪, 百合",Beruko14,,中文,16,2022-05-02
JM337618,https://18comic.vip/album/337618/,[自宅用汉化] [緑木邑] サンダークラップス！THE COMIC 淫獄の四天使 3 (二次元ドリームマガジンVol.118) [中国翻訳] [DL版],"肛交, 巨乳, 乳汁, 百合, 群交",緑木邑,,中文,37,2022-05-02
JM337006,https://18comic.vip/album/337006/,[DiceBomb (カジノ)] Strawberry Secret (アイドルマスター シンデレラガールズ) [中国語] [無修正] [DL版],"百合, 全彩, 無修正",カジノ,,中文,28,2022-04-30
JM337233,https://18comic.vip/album/337233/,[DATE] 改変対象 最終話 (コミックアンリアル 2021年12月号 Vol.94) [中国翻訳] [DL版],"催眠, 校服, 過膝襪, 百合",DATE,,中文,26,2022-05-01
JM336473,https://18comic.vip/album/336473/,(C99)[Crazy9 (いちたか)] C9-46 小百合6 親友に彼氏をNTRれながら少女は男に犯される [中国翻訳] [DL版],"C99, 巨乳, NTR, 劇情向",いちたか,,中文,52,2022-04-28
JM258620,https://18comic.vip/album/258620/,[无糖·漫画组] [白玉もち]白玉もち 百合短篇,"非H, 百合",白玉もち,,中文,142,2021-06-03
JM336470,https://18comic.vip/album/336470/,[自宅用汉化] [緑木邑] サンダークラップス！THE COMIC 淫獄の四天使 2 (二次元ドリームマガジンVol.117) [中国翻訳] [DL版],"肛交, 巨乳, 乳汁, 百合, 群交",緑木邑,,中文,37,2022-04-28
JM336410,https://18comic.vip/album/336410/,[しぐま] リアルスパイ（前編）,"間諜, 調教, 巨乳, 遮眼, 緊身衣, 束縛, 旗袍, 項圈, 露出, 女性支配, 塞口器, 乳膠衣, 性玩具, 奴隸, 酷刑, 百合, 3D",しぐま,,,24,2022-04-28
JM336284,https://18comic.vip/album/336284/,[zxycat2个人汉化] [蜜姫モカ] ヒミツの逆トイレトレーニング 4(えっちなおむつっ娘は好きですか?) [中国翻訳] [DL版],"性玩具, 百合",蜜姫モカ,,中文,22,2022-04-27
JM336832,https://18comic.vip/album/336832/,[DATE] 改変対象 最終話 (コミックアンリアル 2021年12月号 Vol.94) [中国翻訳] [DL版],"催眠, 校服, 過膝襪, 百合",DATE,,中文,26,2022-04-29
JM335736,https://18comic.vip/album/335736/,[失传技术研究所字幕组] (AC2) [ごべらっつぉ (向井弥葵)] 吉田とチヨモモ (まちカドまぞく) [中国翻訳],"女惡魔, 怪物女孩, 過膝襪, 百合",向井弥葵,,中文,23,2022-04-25
JM335017,https://18comic.vip/album/335017/,(C91) [手つかずの青。 (えみりお)] 西住リフレ♥ (ガールズ&パンツァー),"巨乳, 百合, 扶他, 群交",ぷらむ,,中文,38,2022-04-22
JM335725,https://18comic.vip/album/335725/,[あんずの木 (うにゃ吉)] クゥすみまとめました① (ラブライブ!スーパースター!!) [中国翻訳],"非H, 百合",うにゃ吉,,中文,114,2022-04-25
JM335492,https://18comic.vip/album/335492/,[黎欧x苍蓝星汉化组] [ワールドオブピュア(ネゴム)] 甘雨とえっちがしたい! (原神) [中国翻訳] [DL版],"手套, 怪物女孩, 連褲襪, 雙馬尾, 百合",ネゴム,,中文,39,2022-04-24
JM335009,https://18comic.vip/album/335009/,[カワイ シュン] 踊る! 触手研究所 5[中国翻訳],"身體改造, 束縛, 觸手, 百合","カワイ, シュン",,中文,25,2022-04-22
JM334970,https://18comic.vip/album/334970/,[透明声彩汉化组] (西方海域ユリランカ島空襲 五戦目) [Kaleido Circus (なぎはしここ)] Black and White (艦隊これくしょん -艦これ-) [中国翻訳],"內衣, 百合",なぎはしここ,,中文,14,2022-04-22
JM334979,https://18comic.vip/album/334979/,(AC2) [ごべらっつぉ (向井弥葵)] 吉田とチヨモモ (まちカドまぞく) [中国翻訳],"百合, 魅魔, 過膝襪, 吊帶襪",向井弥葵,,中文,22,2022-04-22
JM334685,https://18comic.vip/album/334685/,[玄田生] 青年の性的闘争,"束縛, 黑肉, 眼鏡, 貧乳, 假陽具, 百合, 單行本",玄田生,,日文,181,2022-04-21
JM334765,https://18comic.vip/album/334765/,(C81) [Quadrifoglio (ひよりじゅん)] 真・百合姫†無双～乙女大乱～ (恋姫†無双),百合,ひよりじゅん,,日文,30,2022-04-21
JM334058,https://18comic.vip/album/334058/,[EZR個人漢化] (歌姫庭園29) [棚上 (よろず)] 之より永久に沈みゆく (アイドルマスターシャイニーカラーズ),"非h, 百合",棚上,,中文,113,2022-04-19
JM333851,https://18comic.vip/album/333851/,[漢化工房BOKI組] (C99) [CELTRANCE (虎顎かずや)] ユメ堕ちまぞく (まちカドまぞく) [中国翻訳],"C99, 女惡魔, 百合",虎顎かずや,,中文,25,2022-04-18
JM333415,https://18comic.vip/album/333415/,[Pixiv] 色孽本孽（12028053）,"巨乳, 項圈, 乳環, 肉便器, 性玩具, 百合, 3D",色孽本孽,,中文,323,2022-04-16
JM333264,https://18comic.vip/album/333264/,[たいらはじめ] 牝贄女教師 理亜と美羽 [DL版],"肛交, 綁縛與調教, 巨乳, 束縛, 貞操帶, 塞口器, 眼鏡, 熟女, 催眠, 性玩具, 假陽具, 教師, 百合, 單行本",たいらはじめ,,日文,211,2022-04-15
JM333230,https://18comic.vip/album/333230/,[Aelitr个人汉化] [Pixiv](草野郎)ラミアの花嫁[中国翻訳],"巨乳, 黑肉, 怪物女孩, 蛇女, 百合",草野郎,,中文,9,2022-04-15
JM333027,https://18comic.vip/album/333027/,母親再婚後多了個妹妹在發生很多事之後成為了戀人的故事 [沒有漢化] [アウェイ田] 母が再婚して妹が出来たけど色々あって恋人になった話 [中国翻訳],"百合, 巨乳",アウェイ田,,中文,39,2022-04-14
JM218217,https://18comic.vip/album/218217/,"[忘失イエスタデイ(川内)] ""彼女""持ちOL×""彼氏""持ちOL …恋人には言えない…秘めた欲望をさらけ出す!～ぬる、はぐ～","百合, 出軌",川内,,中文,29,2020-10-08
JM331518,https://18comic.vip/album/331518/,[ぽんこっちゃん] 幼馴染は俺の専属お口メイド 第7話 (COMIC 阿吽 2021年10月号) [中国翻訳] [DL版],"口交, 手套, 後宮, 女僕, 馬尾, 過膝襪, 雙馬尾, 百合, 群交, 双性恋, 中出",ぽんこっちゃん,,中文,39,2022-04-08
JM332835,https://18comic.vip/album/332835/,[樽本一] BEFORE AFTER (INDEEP Vol.3) [中国翻訳],"巨乳, 項圈, 吊帶襪, 眼鏡, 手套, 超乳, 過膝襪, 百合, 劇情向",樽本一,,中文,23,2022-04-13
JM55408,https://18comic.vip/album/55408/,"[N·L·S汉化组]
[スターチス (百合原明)] ナミゾウすごいゾウ (ワンピース) [中国翻訳]",性轉,百合原明,,中文,18,2018-03-18
JM331249,https://18comic.vip/album/331249/,[ばじりすく]母娘皮モノ[中国翻訳],"巨乳, 亂倫, 熟女, 人妻, 皮物, 百合, 扶他",ばじりすく,,中文,9,2022-04-07
JM330892,https://18comic.vip/album/330892/,小伽椰并不可怕 [百合太郎 ] カヤちゃんはコワくない,"非H, 劇情向",百合太郎,,中文,30,2022-04-06
JM330950,https://18comic.vip/album/330950/,[沒有漢化] [あやね] まきこみ 第4話(永遠娘 十二) [中国翻訳] [DL版],百合,あやね,,中文,25,2022-04-06
JM251482,https://18comic.vip/album/251482/,[暴碧汉化组] [玄鉄絢] たえちゃんとじみこさん[中国翻訳] [DL版],"百合, 眼鏡, 劇情向",玄鉄絢,,中文,135,2021-04-23
JM330954,https://18comic.vip/album/330954/,[瑞树汉化组] [ホークビット (孝至)] JK化リフレ4 [中国翻訳] [DL版],"阿黑顏, 項圈, 露出, 援交, 性玩具, 假陽具, 雙胞胎, 百合, 亂倫",孝至,,中文,47,2022-04-06
JM330661,https://18comic.vip/album/330661/,[失传技术研究所字幕组] (C99) [ごべらっつぉ (向井弥葵)] カラフルまぞく (まちカドまぞく) [中国翻訳],"女惡魔, 過膝襪, 百合, 全彩",向井弥葵,,中文,21,2022-04-05
JM1425867,https://18comic.vip/album/1425867/,[村长个人汉化] [河野さん] 装天心姫トリニティセイヴァー ピンク,"巨乳, 雙性戀, 緊身衣, 束縛, 墮落, 乳膠衣, 連體衣, 機械姦, 催眠, 校服, 轉化, 百合, 3D",河野さん,,中文,170,2026-04-06
JM1425915,https://18comic.vip/album/1425915/,大东北の魔法初夜,"百合, 纯爱",淳平琼,,中文,23,2026-04-06
JM1264453,https://18comic.vip/album/1264453/,[Dawn个人汉化] [のん] なんの脈略もなく、人間組でイかされまくる魔理沙ちゃん。 (東方Project) [中国翻訳],"百合, 群交",のん,,中文,11,2026-02-18
JM1252608,https://18comic.vip/album/1252608/,小灯与小爱的百合贴贴日常 [拉特兰C汉化组X奥本海睦汉化组] [砂糖と塩] 両片思いの燈と愛音がはじめて百合えっちする本 (BanG Dream! It's MyGO!!!!!) [中国翻訳] [DL版],"巨乳, 百合",砂糖と塩,,中文,27,2026-01-27
JM1233652,https://18comic.vip/album/1233652/,【颜千九】扶她，性爱和美少女5,"百合, 扶他","naitong, 奈瞳",,,32,2025-11-29
JM1234997,https://18comic.vip/album/1234997/,(C92) [434 Not Found (isya)] クレイジー ストLiPPSショー (アイドルマスター シンデレラガールズ) [中国翻訳],"C92, 馬尾, 百合, 全彩",isya,,中文,25,2025-12-03
JM1232658,https://18comic.vip/album/1232658/,[霧島鮎] クラスのあの娘は性欲強め! + イラストカード,"阿黑顏, 豐滿, 大乳暈, 巨尻, 巨乳, 短褲, 泳裝, 遮眼, 口交, 黑肉, 露出, 多毛, 獸耳, 接吻, 夾腿, 手淫, 多重口交, 口交, 中出, 乳交, 連褲襪, 姊妹, 睡姦, 潮吹, 過膝襪, 出汗, 高個女, 百合, 群交, 亂倫, 劇情向, 單行本, 日语",霧島鮎,,日文,209,2025-11-26
JM1235124,https://18comic.vip/album/1235124/,爱丽丝想要去海边! [碧蓝档案同人组] [OguLabo (おぐら)] アリスは海に行きたいです! (ブルーアーカイブ) [中国翻訳] [DL版],"非H, 百合",おぐら,,中文,47,2025-12-03
JM485010,https://18comic.vip/album/485010/,不能免費讓妳上床 [檜原フキ] タダでは抱かれません,"青年漫, 完結, 劇情向, 百合, 禁漫書庫",檜原フキ,,中文,1890,2023-09-01
JM1226513,https://18comic.vip/album/1226513/,H的艾玛堕落的艾玛坏孩子艾玛,"扶他, 百合, AI繪圖",N/A,,中文,27,2025-10-28
JM1221161,https://18comic.vip/album/1221161/,[BINGDAK] ふたなり族 [ZZR个人汉化],"扶他, 百合",BINGDAK,,中文,5,2025-10-04
JM1211478,https://18comic.vip/album/1211478/,(C106) [帰宅時間 (きたく)] キラキラはじめました。 (機動戦士Gundam GQuuuuuuX),"C106, 百合, 短髮, 援交, 巨乳, 黑肉, 舔陰",きたく,,日文,22,2025-09-02
JM1204819,https://18comic.vip/album/1204819/,[个人机翻润色] (結束ロック!10) [TNPK] にじかはうまい (ぼっち·ざ·ろっく!) [中国翻译],"百合, 扶他",TNPK,,中文,28,2025-08-12
JM1188814,https://18comic.vip/album/1188814/,[不落sun] 金色暗影的tk调教篇,"阿黑顏, 束縛, 女性支配, 露出, 史萊姆, 瘙癢, 酷刑, 百合",不落sun,,中文,32,2025-06-20
JM1189593,https://18comic.vip/album/1189593/,渎神[laylay152]sacrilege,"純愛, 巨乳, 亂倫, 侄女, 百合",laylay152,,中文,21,2025-06-23
JM1194291,https://18comic.vip/album/1194291/,（MYGO猫希同人·大份黍条与LC整合汉化组联合出品） [화석]雪猫驱姆扑花影，小希流淌潺潺声。,"剧情向, 纯爱, 校园, 校服, 亲吻, 百合",화석,,中文,22,2025-07-05
JM1129722,https://18comic.vip/album/1129722/,椎中幻想 [Lowsen个人汉化][氷裏] ともりハーレム [中国翻訳],"手淫, 性玩具, 潮吹, 百合, 巨乳, 舔陰",氷裏,,中文,8,2025-04-17
JM1138772,https://18comic.vip/album/1138772/,[鸡尾酒也醉个人汉化] (BanG Dreamer's Party! 6th STAGE) [雨天決行 (栗崎きんぐ)] チョコレートのゆううつ (BanG Dream!) [中国翻訳],"巨乳, 剧情向, 百合, 舔阴, 亲吻, 股交",栗崎きんぐ,,中文,28,2025-04-27
JM1139657,https://18comic.vip/album/1139657/,[Setouchi]もんぱら完全必負本と、ほか4冊合本版 （中文翻译）,"巨乳, 百合, 乳交, 異種, 異種姦, 劇情向, 非百合",Setouchi,,中文,60,2025-04-27
JM1132408,https://18comic.vip/album/1132408/,茶话会与秘密的深夜会议♥ [欶澜汉化组] [ミモネル] ティーパーティーと秘密の深夜会議♥ (ブルーアーカイブ) [中国翻訳],"全彩, 貧乳, 巨乳, 獸耳, 過膝襪, 群交",ミモネル,,中文,10,2025-04-20
JM1138762,https://18comic.vip/album/1138762/,茶话会沦陷[角都九阳个人汉化][ストロング酒造 (ストロング零太郎)] ティーパーティ陥落 (ブルーアーカイブ) [中国翻訳] [DL版],"肛交, 束縛, 群交, 強暴, 性玩具, 假陽具, 放尿, 百合",ストロング零太郎,,中文,29,2025-04-27
JM266872,https://18comic.vip/album/266872/,[amatsutsumi个人汉化]  [peachpulsar (みら)] 聖なる乳のエルフ姫 [中国翻訳] [DL版],"百合, 巨乳, 妖精, 乳汁, 自慰, 過膝襪",みら,,中文,61,2021-07-15
JM535620,https://18comic.vip/album/535620/,來一場蜜月旅行  [沒有漢化] (C103) [あやね] 新婚旅行いこっか[中国翻訳],"C103, 大乳暈, 巨乳, 大陰蒂, 百合, 纯爱",あやね,,中文,35,2024-01-28
JM1051882,https://18comic.vip/album/1051882/,(C94) [ヨロコビの国(JOY RIDE)] ヨロコビの国 vol.34.5 (Hugっと!プリキュア),"巨乳, 過膝襪, 雙馬尾, 百合","JOY, RIDE",,中文,8,2025-01-07
JM1051828,https://18comic.vip/album/1051828/,(C105) [MARUTA Production (MARUTA)] ナデシコヒヨリ 2nd season 第5話 (オリジナル) [DL版],"C105, 劇情向, 舔陰, 群交, 接吻, 出汗, 百合",MARUTA,,日文,25,2025-01-07
JM1025626,https://18comic.vip/album/1025626/,[透明声彩汉化组] (GirlsLoveFestival 41)[ヨアケ行燈 (かうちぽてと)] sweeter than a dream(BanG Dream!),"巨乳, 百合, 長髮",かうちぽてと,,中文,24,2024-11-27
JM1024943,https://18comic.vip/album/1024943/,[如见分思] 龙娘们的晚宴,"全彩, 巨乳, 怪物女孩, 丸吞, 百合",如见分思,,中文,4,2024-11-25
JM1033252,https://18comic.vip/album/1033252/,[すべすべ1kg (成田香車)] 9時から5時までの恋人 第14話,"雙性戀, 口交, 露出, 手淫, 接吻, 熟女, 人妻, 中出, 懷孕, 舔肛, 雙馬尾, 百合, 群交, 亂倫",成田香車,,中文,94,2024-12-10
